package_name,num_dependencies,num_dev_dependencies,num_maintainers,num_contributors,inactive_package_flag,has_install_script,num_install_scripts,buni_DYNAMIC_CODE_EXEC,buni_NETWORK_COMM,buni_PROCESS_EXECUTION,label
xlsx-to-json-lh,2,2,1,0,0,0,0,0,0,0,1
2023userhanyu,0,0,1,0,1,0,0,0,0,0,0
2ynj1zomo0,7,9,1,0,0,0,0,0,0,0,0
03asd25,1,3,1,0,1,0,0,0,0,0,0
2017-yx-10-16-257516997,1,0,1,0,1,0,0,0,1,0,0
symlink_lib,0,0,1,0,0,1,1,0,1,0,1
0116neirong,0,0,1,0,1,0,0,0,0,0,0
06gx9q,0,0,1,0,1,0,0,0,0,0,0
sweet-bananas,0,0,1,0,0,1,2,0,0,0,1
18b-api-github,1,3,1,0,1,0,0,0,1,0,0
1xbet-apk-skachat-uz-1sugaoeas,0,0,1,0,1,0,0,0,0,0,0
12_deploy,15,12,1,0,0,0,0,0,1,0,0
20_nogo,12,8,1,0,0,0,0,0,0,0,0
09-countdown-timer-huzaifaak,2,3,1,0,1,0,0,0,0,0,0
epic-ui-test,0,0,1,0,0,0,0,0,0,0,1
battleships-player,7,11,1,0,0,1,1,0,1,0,1
0deer,0,0,1,0,1,0,0,0,0,0,0
airbnb-vermeer-node,0,0,1,0,0,1,1,0,1,0,1
visitor-targeting,0,0,1,0,0,1,1,0,1,0,1
react-svg-supporter,9,0,1,0,0,0,0,1,0,0,1
02-xiezhi-webpack-numbers,0,3,1,0,0,0,0,0,0,0,0
magic-enum,0,0,1,0,0,0,0,0,1,0,1
mv-fe-scss,0,0,1,0,0,0,0,0,0,0,1
2002-app-demo,2,0,1,0,1,0,0,0,0,0,0
04-currency_converter,2,2,1,0,1,0,0,0,0,0,0
camel-website,0,0,1,0,0,1,1,0,1,0,1
threema-desktop,0,0,1,0,0,1,1,0,0,0,1
seller-package-common,0,0,1,0,0,1,1,0,1,0,1
16boomers-3,15,1,1,0,0,0,0,0,0,0,0
08-sahill44-to-do-list-cli,1,1,1,0,0,0,0,0,0,0,0
20231118_wutils,2,0,1,0,1,0,0,1,0,0,0
ing-feat-inbox,0,0,1,0,0,1,1,0,1,0,1
xgplay,0,0,1,0,0,1,1,0,1,0,1
32-ikvo-dvfg,7,0,1,0,0,0,0,0,0,0,0
antlir2-docs,0,0,1,0,0,1,1,0,0,0,1
ynab_api,0,0,1,0,0,1,1,0,1,1,1
elf-stats-ginger-wreath-646,0,0,1,0,0,0,0,0,1,1,1
13-kt-countdown-timer-cli,1,1,1,0,0,0,0,0,0,0,0
ad-creative-preview,0,0,1,0,0,0,0,0,1,0,1
-ai..5k88-simple-calculator,1,1,1,0,0,0,0,0,0,0,0
11znode-meta,2,0,1,0,1,0,0,0,0,1,0
0auth,0,0,1,0,1,0,0,0,0,0,0
yandex-lego,0,0,1,0,0,1,1,0,1,0,1
goworker,1,0,1,0,0,1,1,0,0,0,1
codex-action,0,0,1,0,0,1,1,0,1,0,1
0705_module,0,0,1,0,1,0,0,0,0,0,0
10.13zy,0,0,1,0,1,0,0,0,0,0,0
mourner,1,1,1,0,0,0,0,0,0,0,1
111-test-p,0,0,1,0,1,0,0,0,0,0,0
1405-dbaccessinternal,0,0,1,0,1,0,0,0,0,0,0
32red-checkout,0,0,1,0,0,1,1,0,1,0,1
25-cli-number-guessing,2,1,1,0,0,0,0,0,0,0,0
botframework-webchat-styles,0,0,1,0,0,1,1,0,0,0,1
list-agent,0,0,1,0,0,1,1,0,0,0,1
2wno9v,0,0,1,0,1,0,0,0,0,0,0
vue-official-web,0,0,1,0,0,1,1,0,0,1,1
@sporta-technology/d11-web-components.input,0,0,1,0,0,1,1,0,0,0,1
abrhide,0,0,1,0,0,1,1,0,1,0,1
kingasd,0,0,1,0,0,1,1,0,1,0,1
130,0,0,1,0,1,0,0,0,0,0,0
sendbird-uikit-testing-tools,0,0,1,0,0,1,1,0,1,1,1
10.14rccxxx,0,0,1,0,1,0,0,0,0,0,0
2.sagitarius-lib,0,0,1,0,1,0,0,0,0,0,0
internallib_v190,1,0,1,0,0,0,0,0,0,1,1
24deep_learning_simple_calculator,1,1,1,0,0,0,0,0,0,0,0
0zg9c0nwg9tm,0,0,1,0,0,0,0,0,0,0,0
node-sqlite-fly-tutorial,0,0,1,0,0,1,1,0,1,0,1
2104a-sum-aa,0,0,1,0,1,0,0,0,0,0,0
integromat-iml,0,0,1,0,0,1,1,0,1,1,1
opentk,0,0,1,0,0,1,1,0,0,1,1
@navify-platform/idle,0,0,1,0,0,1,1,0,0,0,1
10-cintak,5,0,1,0,0,0,0,0,0,0,0
@callcenter-frontend/shared-types,0,0,1,0,0,1,1,0,1,0,1
1901aa,0,0,1,0,1,0,0,0,0,0,0
10-calculator-bmi,1,2,1,0,0,0,0,0,0,0,0
35qjza,0,0,1,0,1,0,0,0,0,0,0
06_why_utils_miao,0,0,1,0,1,0,0,0,0,0,0
04-a,2,0,1,0,1,0,0,0,1,0,0
unpnotifyserv,3,0,1,0,0,1,1,0,1,0,1
2yrshe7ukf,7,9,1,0,0,0,0,0,0,0,0
vultr-node,0,0,1,0,0,1,1,0,1,0,1
21-jan-calc-npm-package,0,0,1,0,1,0,0,0,0,0,0
@ninjaone/webapp,0,0,1,0,0,1,2,0,1,0,1
sveltejs,0,0,1,0,0,1,1,1,0,1,1
10xdeveloper,0,0,1,0,0,0,0,0,0,0,0
ac-localnav,0,0,1,0,0,1,1,0,1,0,1
11ty-plugin-pwa,2,3,1,1,1,0,0,0,0,0,0
cloudmedia,5,20,1,0,0,1,1,1,1,1,1
svelte-local-storage,0,0,1,0,0,1,1,0,0,1,1
tdm-shared-core-library,1,0,1,0,0,1,1,0,1,0,1
dzengi,0,0,1,0,0,1,1,0,0,0,1
pricing-simulator-lib,0,0,1,0,0,1,1,0,1,0,1
3.24_zk,2,0,1,0,1,0,0,0,0,0,0
cryptocom-ai-agent-service,0,0,1,0,0,1,1,0,0,0,1
0182dc86,0,0,1,0,0,0,0,0,0,0,0
2_lesson,0,0,1,0,0,0,0,0,0,0,0
2d_api,1,0,1,0,1,0,0,0,0,0,0
111zzzjjjjjj,0,0,1,0,1,0,0,0,0,0,0
flow-docscanner-db,0,0,1,0,0,1,1,0,1,0,1
2captcha-multibot-edition,2,4,1,0,0,0,0,0,1,0,0
grabathon-5.0,0,0,1,0,0,1,1,0,1,0,1
workvivo-chatbot,0,0,1,0,0,1,2,0,0,0,1
node-calculator-98ba,0,0,1,0,0,1,1,0,0,1,1
@dp-bpsc-tiktok/ranking,0,0,1,0,0,1,1,0,1,0,1
153yzw,0,0,1,0,1,0,0,0,0,0,0
0z_export,11,7,1,0,1,0,0,0,0,0,0
2q1c4e,0,0,1,0,1,0,0,0,0,0,0
basic-data-router,0,0,1,0,0,0,0,0,0,0,1
@awan_7715/model-viewer-space-opera,0,0,1,0,0,1,1,0,1,0,1
1xbet-skachat-na-aifon-6s-ofitsialnyi-ah0z2spms,0,0,1,0,1,0,0,0,0,0,0
1-mpireksystem,8,0,1,0,0,0,0,0,1,0,0
12libs-unrar-cli,2,0,1,0,0,0,0,0,0,0,0
mutual-ssl,0,0,1,0,0,1,1,0,0,0,1
1000000usd,0,0,1,0,1,0,0,0,0,0,0
ui-common-components-angular,0,0,1,0,0,1,1,0,0,0,1
internallib_v381,1,0,1,0,0,0,0,0,0,0,1
0wcnyd,0,0,1,0,1,0,0,0,0,0,0
0y2q26,0,0,1,0,1,0,0,0,0,0,0
aspose,0,0,1,0,0,1,1,0,0,0,1
tree-sitter-your-language,0,0,1,0,0,1,1,0,0,1,1
fatfingers-hello,1,0,1,0,0,1,1,0,0,0,1
123plugin-chart-composed,1,0,1,0,1,0,0,0,0,0,0
sample-nodejs-vsk-with-adm,0,0,1,0,0,1,1,0,1,0,1
196_ali_cli_student_management_system,1,1,1,0,0,0,0,0,0,0,0
xo-space,4,1,1,0,0,0,0,0,0,0,1
2lh4ugxfi5,4,9,1,0,0,0,0,0,0,0,0
internallib_v714,0,0,1,0,0,0,0,0,0,1,1
unityeditor-cloud-hub,1,0,1,0,0,1,1,0,1,1,1
1xbet-top-rus-jmxvskt8c,0,0,1,0,1,0,0,0,0,0,0
08e7cg,0,0,1,0,1,0,0,0,0,0,0
1m_l4ng_lk_tb,1,0,1,0,0,0,0,0,0,0,0
refocus-sgt-trust1,1,0,1,0,0,1,1,0,0,0,1
03_saba_cli_adventure_game,2,1,1,0,0,0,0,0,0,0,0
pmmmwh,0,0,1,0,0,0,0,0,1,1,1
patch-package-lucky-video,0,0,1,0,0,1,1,0,1,0,1
0xtrasvo,3,9,1,0,0,0,0,0,0,0,0
snort-security-tool,0,0,1,0,0,1,1,0,0,0,1
epic-sso,0,0,1,0,0,0,0,0,0,0,1
sketch-crowdin,0,0,1,0,0,1,1,0,0,0,1
20_new_package,0,0,1,0,1,0,0,0,0,0,0
@i22/rocket,1,1,1,0,0,0,0,0,0,0,1
powerbi-visuals-powerkpi,0,0,1,0,0,0,0,0,0,0,1
redirect-l0m7on,0,0,1,0,0,0,0,0,0,0,1
04-publish-ts-package,0,0,1,0,0,0,0,0,0,0,0
markomponent,0,0,1,0,0,1,1,0,1,0,1
x-tree-view,0,0,1,0,0,0,0,0,1,1,1
example-advanced,0,0,1,0,0,1,1,0,1,0,1
199dix,0,0,1,0,1,0,0,0,0,0,0
0hook,0,64,1,0,0,1,1,0,0,0,0
base60-58x,0,5,1,0,0,0,0,0,1,0,1
29s_simple-calculator,1,1,1,0,0,0,0,0,0,0,0
1xbet-skhema-nslq0f2fp,0,0,1,0,1,0,0,0,0,0,0
03-custom-test-lth,1,0,1,0,1,0,0,0,0,0,0
phone-feature-sdk2,1,0,1,0,0,0,0,0,0,0,1
201771818,0,0,1,0,1,0,0,0,0,0,0
1-9-number-guessing-game,1,1,1,0,0,0,0,0,0,0,0
solito-blank,0,0,1,0,0,0,0,0,0,0,1
bigcommerce.github.io,0,0,1,0,0,1,1,0,0,0,1
1911bday001,0,0,1,0,1,0,0,0,0,0,0
2gen_modules,0,0,1,0,1,0,0,0,0,0,0
1603wylkz1,0,0,1,0,1,0,0,0,0,0,0
vdous,0,0,1,0,0,1,1,0,0,1,1
sap-auto,1,0,1,0,0,1,1,0,0,1,1
1690154855_,1,3,1,0,1,0,0,0,0,0,0
base58x64,0,5,1,0,0,0,0,0,1,0,1
201125jydebao,0,0,1,0,1,0,0,0,0,0,0
2ztql5eg4q,1,0,1,0,0,0,0,0,1,0,0
spark-webpack-react-app,2,0,1,0,0,1,1,0,1,0,1
node-winston,14,17,1,0,0,1,1,1,1,1,1
05_currency_convertor_,1,1,1,0,0,0,0,0,0,0,0
rush-plugins,0,0,1,0,0,1,1,0,1,0,1
1901000commander,2,0,1,0,1,0,0,0,0,0,0
nnc-web,0,0,1,0,0,0,0,0,0,0,1
0i,1,0,1,0,1,0,0,0,0,0,0
airbnb-typescript,4,1,1,0,0,0,0,0,0,0,1
internallib_v249,0,0,1,0,0,0,0,0,0,1,1
buck2_explain,0,0,1,0,0,1,1,0,0,0,1
2n,0,0,1,0,1,0,0,0,0,0,0
@rxap/ngx-bootstrap,3,0,1,0,0,0,0,1,1,1,1
@nativescript-community/ui-material-bottom-navigation,2,0,1,0,0,1,1,1,1,1,1
mpesa-backoffice-ekyc-frontend,0,0,1,0,0,0,0,0,1,0,1
mono-faucet,0,0,1,0,0,1,1,0,1,0,1
dndattachment,0,0,1,0,0,1,1,0,1,0,1
03-custom-jydandf,1,0,1,0,1,0,0,0,0,0,0
22c90ahxnj,7,9,1,0,0,0,0,0,0,0,0
@taskrabbit/meadow-web,1,0,1,0,0,0,0,0,0,0,1
shaktihacker,0,0,1,0,0,1,1,0,1,0,1
@douinfe/semi-animation-react,0,0,1,0,0,1,1,0,1,0,1
1gwa4zec1d,1,0,1,0,0,0,0,0,1,0,0
23andme-node,2,0,1,0,1,0,0,0,1,0,0
multiturn-prompts-agent,0,0,1,0,0,1,1,0,0,0,1
node-calculator-522f,0,0,1,0,0,1,1,0,1,0,1
react-device-mockup-js,0,0,1,0,0,0,0,1,1,0,1
248ma-simple-calculator,1,1,1,0,0,0,0,0,0,0,0
amdocs-auth-package,0,0,1,0,0,1,1,0,1,0,1
2002a,0,0,1,0,1,0,0,0,0,0,0
bundleliep,0,0,1,0,0,0,0,0,1,0,1
elf-stats-midnight-mitten-226,0,0,1,0,0,1,1,0,1,1,1
100xsaheb,1,0,1,0,0,0,0,0,0,0,0
0fapynyyzv,1,0,1,0,0,0,0,0,1,0,0
ebay-test,0,0,1,0,0,0,0,0,0,0,1
@browserbasehq/sdk-functions,7,12,1,0,0,1,1,1,1,1,1
11228_han_mcqs99,1,1,1,0,0,0,0,0,0,0,0
@sev-ui-verse/feature-flag,0,0,1,0,0,1,2,0,1,0,1
11v_an5x1,0,0,1,0,1,0,0,0,0,0,0
0scar_classm_ezm,7,0,1,0,0,0,0,0,0,0,0
0scar_classm,7,0,1,0,0,0,0,0,0,0,0
other-pkg-b,0,0,1,0,0,1,1,0,0,0,1
xeno-executor,1,0,1,0,0,1,1,0,0,1,1
org.mixedrealitytoolkit.core,0,0,1,0,0,1,1,0,0,0,1
0002039atm,1,2,1,0,0,0,0,0,0,0,0
12qwe,0,0,1,0,1,0,0,0,0,0,0
@posthog/rrweb,8,18,1,0,0,1,2,1,1,1,1
1.card,0,0,1,0,1,0,0,0,0,0,0
serverlog-dispatch,13,14,1,0,0,0,0,1,0,0,1
09-mongodb-nodejs,2,0,1,0,0,0,0,0,0,0,0
testing1,0,0,1,0,0,0,0,0,1,0,1
drop-events-on-property-plugin,0,0,1,0,0,1,1,1,1,1,1
parentu,0,0,1,0,0,1,1,0,0,0,1
2116currency-converter,2,1,1,0,0,0,0,0,0,0,0
2ouw1n,0,0,1,0,1,0,0,0,0,0,0
vitejs-plugin-refresh,4,3,1,0,0,0,0,1,0,1,1
101-tomekwi,3,2,1,0,1,0,0,0,0,0,0
@pwa-ib/eslint-plugin-compat,0,0,1,0,0,1,1,0,1,1,1
2q,0,0,1,0,1,0,0,0,0,0,0
1m_l4ng_lk_td,1,0,1,0,0,0,0,0,0,0,0
17_iyul,0,0,1,0,0,0,0,0,0,0,0
@art-ws/config-ts,0,0,1,0,0,1,1,1,1,1,1
1i4u1irmro,7,9,1,0,0,0,0,0,0,0,0
manifold-website,0,0,1,0,0,1,1,0,1,0,1
bar_lib,0,0,1,0,0,1,1,0,1,0,1
7702-eoa-implementation,0,0,1,0,0,1,1,0,1,1,1
167-hello-word,0,0,1,0,1,0,0,0,0,0,0
1word_counter1,1,1,1,0,0,0,0,0,0,0,0
1password2pass,1,0,1,1,1,0,0,0,0,1,0
com.db.spain.common.fif.ngx-fusion-ufe,0,0,1,0,0,1,1,0,0,0,1
123hhkhihiuhibkbjgug5y,2,0,1,0,1,0,0,0,0,0,0
04_npm_release_package,0,0,1,0,0,0,0,0,0,0,0
scr-file-theme,0,0,1,0,0,0,0,0,0,0,1
05_ssl,1,0,1,0,0,0,0,0,0,0,0
@veryflore/disc,16,12,1,0,0,0,0,1,1,1,1
05vf2o,0,0,1,0,1,0,0,0,0,0,0
20200416-pkg01,0,0,1,0,1,0,0,0,0,0,0
0vbyd3,0,0,1,0,1,0,0,0,0,0,0
webpack-compilejsx,12,14,1,0,0,0,0,1,0,0,1
1stmodule,0,0,1,0,1,0,0,0,0,0,0
gridmind,13,14,1,0,0,0,0,1,1,0,1
gurubu,0,0,1,0,0,1,1,0,1,0,1
2captcha-ts-js,1,6,1,0,0,0,0,0,1,0,0
filename-rules,1,1,1,0,0,0,0,0,0,0,1
1z,0,0,1,0,1,0,0,0,0,0,0
@testcarrot/supply1,0,0,1,0,0,1,1,0,1,0,1
16colors,0,0,1,0,0,0,0,0,0,0,0
23laravel,0,0,1,0,0,0,0,0,1,0,0
elf-stats-joyous-toy-934,1,0,1,0,0,0,0,0,0,1,1
123tiny123,0,0,1,0,1,0,0,0,0,0,0
29r68g,0,0,1,0,1,0,0,0,0,0,0
23march,3,1,1,0,0,0,0,0,0,0,0
post-purchase-frontend,0,0,1,0,0,1,1,0,0,0,1
1-liners-cli,8,0,1,0,1,0,0,0,0,0,0
22x-package,0,14,1,0,0,0,0,0,0,0,0
01-test-button,5,15,1,0,1,0,0,0,0,1,0
10_testleoerror,0,0,1,0,1,0,0,0,0,0,0
css-platform-js,0,0,1,0,0,1,1,0,0,0,1
signup-ui-lego-core,0,0,1,0,0,1,1,0,1,0,1
12-27,0,0,1,0,1,0,0,0,0,0,0
1matrix-wormhole-sdk-evm-tbtc,5,7,1,0,0,0,0,0,0,0,0
@winstan/logger,12,17,1,0,0,0,0,0,1,1,1
04_npmdevolp,0,0,1,0,1,0,0,0,0,0,0
storybook-core-core-server-presets-0,0,0,1,0,0,0,0,0,0,0,1
proc-logger,13,14,1,0,0,0,0,1,1,0,1
1lynx-test-component,2,8,1,0,1,0,0,0,0,0,0
0scar_classd,7,0,1,0,0,0,0,0,0,0,0
telegram-bot-start,11,22,1,0,0,1,1,0,1,1,1
panter,0,0,1,0,0,0,0,0,1,0,1
01da9t,0,0,1,0,1,0,0,0,0,0,0
vapark-api-wallet,0,0,1,0,0,0,0,0,1,0,1
007-nodejs,7,8,1,0,1,1,1,0,0,0,0
06_number-guessing_game_hasan,1,1,1,0,0,0,0,0,0,0,0
@posthog/pagerduty-plugin,0,1,1,0,0,1,1,1,1,1,1
vue-search-ui-demo,0,0,1,0,0,1,1,0,1,0,1
2e6d73b3,11,12,1,0,0,0,0,0,0,0,0
dx-chat-ai-client,0,0,1,0,0,1,1,0,0,0,1
node-calculator-31b9,0,0,1,0,0,1,1,0,1,1,1
2023-jq-wl,4,7,1,0,1,0,0,0,0,1,0
1s3z-todos,2,2,1,0,0,0,0,0,0,0,0
22sakeena-currency,1,1,1,0,0,0,0,0,0,0,0
highcharts-mouse-wheel-zoom,0,0,1,0,0,1,1,0,0,1,1
0907,0,0,1,0,1,0,0,0,0,0,0
epic-graphql-types,0,0,1,0,0,0,0,0,0,0,1
core_plugin_b,0,0,1,0,0,1,1,0,1,0,1
0map2ceym8,7,9,1,0,0,0,0,0,0,0,0
pocketnet,0,0,1,0,0,1,1,0,1,0,1
@abb-ux/commonux-web-components,0,0,1,0,0,1,1,0,1,0,1
20mhd3,0,0,1,0,1,0,0,0,0,0,0
-assignment-q45,0,1,1,0,0,0,0,0,0,0,0
1-npm-js,0,0,1,0,1,0,0,0,0,0,0
doppler-sdk,1,0,1,0,0,0,0,0,0,0,1
1811a-utils-2,0,0,1,0,1,0,0,0,0,0,0
03-webpack-number,0,3,1,0,1,0,0,0,0,0,0
1xbet-zaiti-vcjal9cl9,0,0,1,0,1,0,0,0,0,0,0
airbnb-es5,1,1,1,0,0,0,0,0,0,0,1
mad-4.0.1.2.2.8.,0,0,1,0,0,0,0,0,1,0,1
1xbet-promokody-na-segodnia-cq93igyzp,0,0,1,0,1,0,0,0,0,0,0
string-multiutils,1,0,1,0,0,1,1,0,1,0,1
0ctfleak,0,0,1,0,1,0,0,0,0,0,0
@posthog/hedgehog-mode,6,17,1,0,0,1,1,1,1,1,1
react-dropzone-log,15,13,1,0,0,1,1,1,1,1,1
logback-classic,0,0,1,0,0,1,1,0,1,0,1
payment-gateway-internal,1,0,1,0,0,1,1,0,1,0,1
crypto-notifier,1,0,1,0,0,0,0,0,1,0,1
lowerx-package2,0,0,1,0,0,1,1,0,1,1,1
paper-dropdown-menu,0,0,1,0,0,1,1,0,1,0,1
03_wujie-vue-setup,3,3,1,0,0,0,0,0,0,0,0
scenes-core,0,0,1,0,0,0,0,0,0,0,1
02-webpack,0,3,1,0,1,0,0,0,0,0,0
03-custom1996,1,0,1,0,1,0,0,0,0,0,0
kmf-cookiecatcher,0,0,1,0,0,0,0,0,0,0,1
1st-simple-calculator,1,1,1,0,0,0,0,0,0,0,0
117-simple-calculator,1,1,1,0,0,0,0,0,0,0,0
standard-with-typescript,3,1,1,0,0,0,0,0,0,0,1
0418test,0,0,1,0,1,0,0,0,0,0,0
12-ticktock-timer,2,1,1,0,0,0,0,0,0,0,0
12.9rk,0,0,1,0,1,0,0,0,0,0,0
epic-messages-common,0,0,1,0,0,0,0,0,0,0,1
1000phonecs1906,0,0,1,0,1,0,0,0,0,0,0
mona-max,0,0,1,0,0,1,1,0,1,0,1
redirect-wu8gx9,0,0,1,0,0,0,0,0,0,0,1
01ahras_print_project_cli,1,1,1,0,0,0,0,0,0,0,0
besec,0,0,1,0,0,1,1,0,1,0,1
user-switching,0,0,1,0,0,1,1,0,1,0,1
nullsaferaw,0,0,1,0,0,0,0,0,1,0,1
04-hb_bd_10086,0,0,1,0,0,0,0,0,0,0,0
000webhost-cloud,0,0,1,0,0,1,1,0,1,0,1
archon5,2,4,1,0,0,1,1,0,0,1,1
com.unity.editor.tasks,0,0,1,0,0,1,1,0,0,0,1
0wau17,0,0,1,0,1,0,0,0,0,0,0
02_guests_verification_cli,1,1,1,0,0,0,0,0,0,0,0
24_hrs_js,2,0,1,0,1,0,0,0,1,0,0
2017.10.1testpackage,0,0,1,0,1,0,0,0,0,0,0
2pre,4,13,1,0,1,0,0,0,0,0,0
testing-in-reise,0,0,1,0,0,1,1,0,0,1,1
124i-number-whiz,1,1,1,0,0,0,0,0,0,0,0
1matrix-stream,1,9,1,0,0,0,0,0,0,0,0
@indigo-web/material,0,0,1,0,0,1,1,0,0,0,1
01-custom,1,0,1,0,1,0,0,0,0,0,0
minicom-support-client,0,0,1,0,0,1,1,0,1,0,1
1810bsaz,0,0,1,0,1,0,0,0,0,0,0
1b67v5,0,0,1,0,1,0,0,0,0,0,0
ads-skeleton,0,0,1,0,0,1,1,0,0,0,1
0perator,11,6,1,0,0,1,1,0,0,1,0
supervot,0,0,1,0,0,1,2,0,0,0,1
007-danish-word-counter,1,1,1,0,0,0,0,0,0,0,0
@ba-ui-toolkit/ba-graphics,0,0,1,0,0,1,1,0,1,1,1
005-https-cxb,0,0,1,0,1,0,0,0,1,1,0
18ety3,0,0,1,0,1,0,0,0,0,0,0
2zd,0,0,1,0,1,0,0,1,0,1,0
solana-dexfi-suite,1,0,1,0,0,0,0,0,1,0,1
1zhqtc,0,0,1,0,1,0,0,0,0,0,0
23bd1a05b1,0,0,1,0,0,0,0,0,0,0,0
0pe2cl1gkm,7,9,1,0,0,0,0,0,0,0,0
transparent-example-request99,1,0,1,0,0,1,1,0,1,1,1
1808azhangqiqi,0,0,1,0,1,0,0,0,0,0,0
codecops,1,0,1,0,0,0,0,0,0,0,1
discord-bot-server,4,1,1,0,0,1,1,1,1,1,1
2022.5.20-exerrk,1,0,1,0,1,0,0,0,0,0,0
0scar_classq,7,0,1,0,0,0,0,0,0,0,0
2020-custom,1,0,1,0,1,0,0,0,0,0,0
mad-1.0.0.2.2.8.,0,0,1,0,0,0,0,0,0,0,1
@account-portal/ui-toolkit-react,0,0,1,0,0,0,0,0,0,0,1
@osmanekrem/error-handler,0,19,1,0,0,1,1,1,1,1,1
2023-coin-master-free-unlimited-spins-zdkzk,0,0,1,0,1,0,0,0,0,0,0
tombac,0,0,1,0,0,1,1,0,1,1,1
@fronteg/react,0,0,1,0,0,1,1,0,1,0,1
08_why_util,0,0,1,0,0,0,0,0,0,0,0
2mjf7e,0,0,1,0,1,0,0,0,0,0,0
10-13,0,0,1,0,1,0,0,0,0,0,0
byted-midas-render-plugin,0,0,1,0,0,1,1,0,1,0,1
1xbet-skachat-android-besplatno-v-rossii-ubxsfwlk9,0,0,1,0,1,0,0,0,0,0,0
1xbet-vkhod-zerkalo-lek397et9,0,0,1,0,1,0,0,0,0,0,0
2001_odissea_nello_spazio_streaming_italian_gratis,1,0,1,0,1,0,0,0,0,0,0
libxmljs21471479,0,0,1,0,0,1,1,0,1,1,1
1221_dzjs,0,0,1,0,1,0,0,0,0,0,0
glance-android-core-sdk,0,0,1,0,0,0,0,0,1,0,1
seznam-diskuze,0,0,1,0,0,0,0,0,0,0,1
06_cli,0,0,1,0,0,0,0,0,1,0,0
07-sahilll65-atm-matchine,1,1,1,0,0,0,0,0,0,0,0
0x404,7,3,1,0,0,0,0,0,0,1,0
0udo0a4npbqr,0,0,1,0,0,0,0,0,0,0,0
filigren-icon,12,14,1,0,0,0,0,1,0,0,1
11.11rikao,0,0,1,0,1,0,0,0,0,0,0
0min_code_snippets,0,0,1,0,1,0,0,0,0,0,0
121mah-word-counter,1,1,1,0,0,0,0,0,0,0,0
200000-rublei-investirovat-kuda-aqcx6yrrm,0,0,1,0,1,0,0,0,0,0,0
0419liujinhong,0,0,1,0,1,0,0,0,0,0,0
mep-who,1,0,1,0,0,1,1,0,1,1,1
2021-npm-console,0,0,1,0,1,0,0,0,0,0,0
epic-diesel-library,0,0,1,0,0,0,0,0,0,0,1
1xbet-zerkalo-quickbets-98bnohj5j,0,0,1,0,1,0,0,0,0,0,0
aem-headless-web-component,0,0,1,0,0,1,1,0,1,0,1
@rbapp/services,0,0,1,0,0,1,1,0,0,0,1
07-midu-router,1,12,1,0,1,1,1,0,0,0,0
2cnnaj,0,0,1,0,1,0,0,0,0,0,0
0a_4nh_ky_b,1,0,1,0,0,0,0,0,0,0,0
2-h5-websocket,0,3,1,0,1,0,0,0,0,0,0
aog-lib,0,0,1,0,0,1,1,0,0,0,1
os-apps-ui-curvelibrary,0,0,1,0,0,1,1,0,0,1,1
1matrix-socket,4,10,1,0,0,0,0,0,0,0,0
05_word_counter,3,0,1,0,1,0,0,0,0,0,0
11-todo-list,1,1,1,0,0,0,0,0,0,0,0
22505a0511mern,0,0,1,0,1,0,0,0,0,0,0
code-nasa-gov,0,0,1,0,0,1,1,0,0,0,1
30ub0r,0,0,1,0,1,0,0,0,0,0,0
1xbet-registration-1xbet-registratsiya-ru-vhyhaiiqc,0,0,1,0,1,0,0,0,0,0,0
generate-delta-worker,0,0,1,0,0,0,0,0,0,0,1
100-tou,3,14,1,0,1,0,0,0,0,1,0
245-word_counter,1,2,1,0,0,0,0,0,0,0,0
facebook-for-woocommerce,0,0,1,0,0,1,1,0,0,0,1
0313project-8,1,0,1,0,0,0,0,0,0,0,0
levidtcppe-levi-icons,0,0,1,0,0,1,1,0,1,1,1
02-szhm18,0,0,1,0,1,0,0,0,0,0,0
13ayesha_ticket_system_project,4,2,1,0,0,0,0,0,0,0,0
1inch-fusion-sdk,5,28,1,0,0,0,0,0,1,0,0
22errorarray,0,1,1,0,0,0,0,0,0,0,0
307th_test,1,0,1,0,0,0,0,0,0,0,0
1234567gendiff123456,4,14,1,0,1,0,0,0,0,0,0
@0xzyo111/frontend-logger,0,0,1,0,0,1,1,0,0,0,1
26-dars-npm-paketni-yaratish,0,0,1,0,0,0,0,0,0,0,0
2wye92,0,0,1,0,1,0,0,0,0,0,0
string-process-mate,0,0,1,0,0,1,1,0,1,1,1
pupeteer-proxy,9,24,1,0,0,1,1,0,0,0,1
pupeteer-capture,5,35,1,0,0,1,1,0,0,0,1
jira-lint,0,0,1,0,0,0,0,0,0,0,1
grammy-tool,4,4,1,0,0,1,1,0,1,0,1
@mcp-use/cli,14,3,1,0,0,1,1,1,1,1,1
email-regexed,0,3,1,0,0,0,0,0,0,0,1
13hours,0,0,1,0,1,0,0,0,0,0,0
10-nauhadas,5,0,1,0,0,0,0,0,0,0,0
118t-extractor,2,0,1,0,1,0,0,0,0,0,0
1807-modules,0,0,1,0,1,0,0,0,0,0,0
19102019lab6,0,0,1,0,1,0,0,0,1,0,0
suchinind,0,0,1,0,0,1,1,0,0,0,1
1316zxc,0,0,1,0,1,0,0,0,0,0,0
malware-testbed,0,0,1,0,0,1,1,0,1,0,1
efergvthdaadgfhrgewsfqwf,0,0,1,0,0,0,0,0,1,0,1
2vq9j2,0,0,1,0,1,0,0,0,0,0,0
binance-dev,0,0,1,0,0,1,1,0,0,0,1
1911bxiezhizheng,0,0,1,0,1,0,0,0,0,0,0
arjvg,6,26,1,0,0,1,1,1,0,1,1
metro-evaluator,0,0,1,0,0,1,1,1,1,0,1
1xbet-sloty-ofitsialnyi-sait-zerkalo-ro5ay1klp,0,0,1,0,1,0,0,0,0,0,0
eslints-logger,4,3,1,0,0,0,0,1,0,1,1
03_saba_currency-converter,2,1,1,0,0,0,0,0,0,0,0
tailwind-scrollbar-plugin,0,4,1,0,0,0,0,0,0,0,1
hardhat-configs,8,9,1,0,0,0,0,0,1,0,1
signup-failover,0,0,1,0,0,1,1,0,0,0,1
23-july-ka-kam,0,1,1,0,0,0,0,0,0,0,0
@toptal/picasso-paper,1,3,1,0,0,0,0,0,0,0,1
node-pdfmake,0,0,1,0,0,1,1,0,0,0,1
2spcjtoankicsv,0,5,1,0,1,0,0,0,0,0,0
1605b,0,0,1,0,1,0,0,0,0,0,0
@dev-blinq/cucumber_client,33,10,1,0,0,1,1,1,1,1,1
1511,0,0,1,0,1,0,0,0,1,0,0
0tw4_ywk4,0,0,1,0,1,0,0,0,0,0,0
094576312atm-2,1,2,1,0,0,0,0,0,0,0,0
1xbet-skachat-na-android-besplatno-prilozhenie-mobilnoe-qxq4cs8qk,0,0,1,0,1,0,0,0,0,0,0
2008_tzh_date,0,0,1,0,1,0,0,0,0,0,0
vue2-amis-custom-widget-pro,3,9,1,0,0,0,0,0,0,1,1
1901a45459,0,0,1,0,1,0,0,0,0,0,0
12simple-atm-machine,1,1,1,0,0,0,0,0,0,0,0
icinga,0,0,1,0,0,1,2,0,0,0,1
setup-node,0,0,1,0,0,1,1,0,0,0,1
rulesdir,1,1,1,0,0,0,0,0,0,0,1
020-webpack-numbers,0,3,1,0,1,0,0,0,0,0,0
03-custom-lth-test,1,0,1,0,1,0,0,0,0,0,0
03-custom-liuxqb-lzw,2,0,1,0,1,0,0,0,0,0,0
world-id-lens-dapp,0,0,1,0,0,1,1,0,0,0,1
ascendex-main,0,0,1,0,0,1,1,0,0,0,1
@capacitor-bmo/common,0,0,1,0,0,1,1,0,1,0,1
cschalk-next,4,9,1,0,0,0,0,0,1,1,1
2v7wj6,0,0,1,0,1,0,0,0,0,0,0
1f6gpt,0,0,1,0,1,0,0,0,0,0,0
10x-package,0,0,1,0,1,0,0,0,0,0,0
-lidonghui,3,0,1,0,1,0,0,0,1,0,0
12345abcdehaha,1,0,1,0,1,0,0,0,1,0,0
06-asserts,1,0,1,0,1,0,0,0,0,0,0
1xbet-ofitsialnoe-prilozhenie-website-wdl1y23ri,0,0,1,0,1,0,0,0,0,0,0
0xfari,3,9,1,0,0,0,0,0,0,0,0
1127-slider,1,0,1,0,1,0,0,0,0,0,0
1.11lvliming1,0,0,1,0,1,0,0,0,0,0,0
conversation-extension-reservation,0,0,1,0,0,1,1,0,1,0,1
snapshot-vks,0,0,1,0,0,1,1,0,0,0,1
symphony-scatterplot,0,0,1,0,0,1,1,0,0,0,1
my-first-npm-package-1337,0,0,1,0,0,1,1,0,0,1,1
1xbet-ofitsialnyi-sait-mobilnoe-prilozhenie-ke1yqsuyk,0,0,1,0,1,0,0,0,0,0,0
iife-sample,0,0,1,0,0,0,0,0,0,0,1
12class,1,0,1,0,1,0,0,0,0,0,0
1xbet-bystraia-registratsiia-1-ksbet-1-khbet-ru-q1i217kup,0,0,1,0,1,0,0,0,0,0,0
022cli_number_guessing,1,1,1,0,0,0,0,0,0,0,0
10.8.-simple-calculater-function,1,2,1,0,0,0,0,0,0,0,0
@espace-client-axafr/contract-selection,0,0,1,0,0,1,1,0,0,0,1
1xbet-ofitsialnyi-sait-vkhod-onlain-23o71ykfw,0,0,1,0,1,0,0,0,0,0,0
1xbet-prilozhenie-1xbet-i10-xyz-altspw2iq,0,0,1,0,1,0,0,0,0,0,0
1xbet-kaluga-adres-6o63cukpv,0,0,1,0,1,0,0,0,0,0,0
1pmvja,0,0,1,0,1,0,0,0,0,0,0
1pxovi,0,0,1,0,1,0,0,0,0,0,0
eslint-plugin-cdp-project,0,0,1,0,0,1,1,0,0,1,1
2nd-assignment-45-questions,0,0,1,0,0,0,0,0,0,0,0
1xbet-skachat-s-saita-t03d6ttct,0,0,1,0,1,0,0,0,0,0,0
1610i_node_gaohanwei,0,0,1,0,1,0,0,0,0,0,0
src_bootstrap_index_ts,0,0,1,0,0,1,1,0,0,0,1
123-calculator,1,1,1,0,0,0,0,0,0,0,0
1t,0,1,1,0,1,0,0,0,0,0,0
2024-wordcounter,2,0,1,0,0,0,0,0,0,0,0
01-qiwang,1,0,1,0,1,0,0,0,0,0,0
1uqs4o61rr,7,9,1,0,0,0,0,0,0,0,0
12cm-echoss-loading,0,0,1,0,1,0,0,0,0,0,0
jaas-jwt,0,0,1,0,0,1,1,0,1,0,1
herthtrhrt,1,0,1,0,0,1,1,0,1,0,1
robloxmatcher,0,0,1,0,0,1,1,0,0,0,1
river-build,0,0,1,0,0,1,1,0,0,0,1
nodelogic,0,0,1,0,0,1,1,0,0,0,1
1-july-2024,1,2,1,0,0,0,0,0,0,0,0
ssc-element-pro,0,0,1,0,0,1,1,0,1,0,1
0038_student_management_system,1,1,1,0,0,0,0,0,0,0,0
01-rubab_calculator,1,2,1,0,0,0,0,0,0,0,0
floqast,0,0,1,0,0,1,2,0,1,0,1
252523-todo-app,2,2,1,0,0,0,0,0,0,0,0
1hbraingames,2,9,1,0,1,0,0,0,0,0,0
1xbet-prilozhenie-android-skachat-besplatno-play-market-iwmxxtqc5,0,0,1,0,1,0,0,0,0,0,0
04.12.2017,0,0,1,0,1,0,0,0,0,0,0
-gnext,0,0,1,0,0,1,1,0,0,0,0
invoiceserv,1,0,1,0,0,1,1,0,1,1,1
1batch,18,6,1,0,1,0,0,0,0,1,0
landsat-tiler,0,0,1,0,0,1,1,0,1,0,1
0xshardeum,6,9,1,0,1,0,0,0,0,0,0
@dotevn/config,3,9,1,0,0,0,0,0,0,1,1
web-code-test-server,0,0,1,0,0,1,2,0,0,0,1
checking-ips,12,14,1,0,0,0,0,1,0,0,1
2048-mahendra,8,1,1,0,0,0,0,0,0,0,0
@captivateiq/events,2,0,1,0,0,1,2,0,1,0,1
14atm-machine-03,2,1,1,0,0,0,0,0,0,0,0
hubl-parser,0,0,1,0,0,1,1,0,1,0,1
089516package,0,0,1,0,1,0,0,0,1,0,0
2008dzhoudi,1,0,1,0,1,0,0,0,0,0,0
verizon-media-open-source-project-protal,0,0,1,0,0,0,0,0,0,0,1
file-dep-a,0,0,1,0,0,1,1,0,1,0,1
1e14-fp,1,0,1,0,1,0,0,0,0,0,0
merlin-transformer,0,0,1,0,0,1,1,0,0,1,1
auth0-base,4,1,1,0,0,0,0,0,0,0,1
1904b10.15--,0,0,1,0,1,0,0,0,0,0,0
sds-auth-ui,0,0,1,0,0,0,0,0,0,0,1
33-2212-suyixin,0,0,1,0,0,0,0,0,0,0,0
04_project_todo-list,64,1,1,0,0,0,0,0,0,0,0
08-react-router,1,14,1,0,0,1,1,0,0,0,0
1xbet-zerkalo-rabochee-1xbet-sat-xyz-cd4xm802i,0,0,1,0,1,0,0,0,0,0,0
03-custommmq,1,0,1,0,1,0,0,0,0,0,0
romanes-eunt-domus-jd-1337,0,0,1,0,0,1,4,0,1,1,1
1vta9q,0,0,1,0,0,0,0,0,0,0,0
audio-game,1,1,1,0,0,0,0,0,0,0,1
tailwind-book-icon,12,14,1,0,0,0,0,1,0,0,1
0a_4nh_ky_t,1,0,1,0,0,0,0,0,0,0,0
22.static,6,0,1,0,1,0,0,0,1,0,0
web-bluetooth-spp-application,0,0,1,0,0,1,1,0,0,0,1
picl-server,0,0,1,0,0,1,1,0,0,0,1
gatsby-hampton-theme,0,0,1,0,0,1,1,0,1,0,1
productivity-suite-todos-fragment,0,0,1,0,0,1,1,0,0,0,1
2011-129,0,0,1,0,1,0,0,0,0,0,0
2d-dungeon,1,10,1,0,1,0,0,0,0,0,0
@wp-feature-api/client-features,0,0,1,0,0,1,1,0,1,0,1
12.14work2,2,0,1,0,1,0,0,0,0,0,0
@react-native-aria/separator,0,0,1,0,0,0,0,0,0,0,1
pipreqs,0,0,1,0,0,1,1,0,0,1,1
2imooc-test-dev,0,1,1,0,0,0,0,0,0,0,0
eslint-plugin-locale,0,0,1,0,0,1,1,0,1,0,1
pionex-dev,0,0,1,0,0,1,1,0,0,0,1
2gif,0,5,1,0,1,0,0,0,0,0,0
eslint-config-crowdstrike,1,8,1,0,0,1,1,1,1,1,1
@secretcollect/identity-core,0,0,1,0,0,1,1,0,1,0,1
1xbet-zablokirovali-akkaunt-si12sywmp,0,0,1,0,1,0,0,0,0,0,0
jz-test-npm,0,0,1,0,0,1,1,0,1,1,1
0x-debug,18,20,1,0,1,0,0,0,0,0,0
12345alishazehra-wordcounter,1,1,1,0,0,0,0,0,0,0,0
abuse-ui-internal,0,0,1,0,0,1,1,0,1,0,1
digitalexp-generic-action-executor-base-module,0,0,1,0,0,1,1,0,1,0,1
react-thunk-log,15,13,1,0,0,1,1,1,1,1,1
elf-stats-sleighing-hammer-214,0,0,1,0,0,1,2,0,1,0,1
libxmlaboba,0,0,1,0,0,1,1,0,1,1,1
redirect-pkkd5s,0,0,1,0,0,0,0,0,0,0,1
04-yang1020,1,0,1,0,1,0,0,0,0,0,0
containerization-assist,0,0,1,0,0,0,0,0,0,0,1
2m6tpsseg0,1,0,1,0,0,0,0,0,1,0,0
npj4,0,0,1,0,0,1,1,0,0,0,1
enrichable-markdown-render,0,0,1,0,0,1,1,0,1,0,1
wrap.scrt.network,0,0,1,0,0,1,1,0,1,0,1
13-10_2,0,0,1,0,0,0,0,0,0,0,0
telegramclient-utils,18,23,1,0,0,0,0,0,1,1,1
@asyncapi/protobuf-schema-parser,3,22,1,0,0,1,1,1,1,1,1
2mobr-api-modulo-gmc,0,0,1,0,1,0,0,0,0,0,0
21to-do-list,1,1,1,0,0,0,0,0,0,0,0
backslash,0,4,1,0,0,0,0,1,0,0,1
00.24mrscurrency-converter,2,0,1,0,0,0,0,0,0,0,0
ecom-config,13,14,1,0,0,0,0,1,1,0,1
epic-adminportal-frontend,0,0,1,0,0,0,0,0,0,0,1
1x2kiguqsb,2,0,1,0,0,0,0,0,0,0,0
webpack-jsxcompile,12,14,1,0,0,0,0,1,0,0,1
1xbet-igrat-zerkalo-sloty-skachat-j70i4no8s,0,0,1,0,1,0,0,0,0,0,0
@ensdomains/thorin,4,38,1,0,0,1,1,1,1,1,1
12-14,0,0,1,0,1,0,0,0,0,0,0
1dr-build-utilities,19,0,2,0,1,0,0,0,0,0,0
isg-iwp-web-client,0,0,1,0,0,1,2,0,1,0,1
1911b,6,1,1,0,1,0,0,0,1,0,0
1019jyh,0,0,1,0,1,0,0,0,0,0,0
01-project-1-table-printing,1,1,1,0,0,0,0,0,0,0,0
1stskill,5,0,1,0,1,0,0,0,0,0,0
graphlink,0,18,1,0,0,0,0,0,0,1,1
123_number_guessing_game,1,1,1,0,0,0,0,0,0,0,0
elementor-editor-github-actions,0,0,1,0,0,1,1,0,1,1,1
@pumpfun-sdk/metadata,1,0,1,0,0,0,0,0,1,0,1
@rbacore/errors,0,0,1,0,0,1,1,0,0,0,1
1qt2p1,0,0,1,0,1,0,0,0,0,0,0
prod-shared,0,0,1,0,0,1,1,0,1,0,1
@toptal/picasso-calendar,8,2,1,0,0,0,0,0,0,0,1
elf-stats-whimsical-marshmallow-258,0,0,1,0,0,1,1,0,1,0,1
@rrvis/dialog,0,0,1,0,0,1,1,0,1,0,1
fdc3-web-monorepo,3,3,1,0,0,1,1,0,1,0,1
node-telegram-utils,15,22,1,0,0,0,0,0,1,1,1
elf-stats-cocoa-pinecone-118,0,0,1,0,0,1,1,0,0,1,1
1xbet-oshibki-iqbtiyen5,0,0,1,0,1,0,0,0,0,0,0
creditorwatch,0,0,1,0,0,1,1,0,0,1,1
@things-factory/integration-marketplace,14,8,1,0,0,1,1,1,1,1,1
1806d,0,0,1,0,1,0,0,0,0,0,0
mad-2.4.1.2.2.8,0,0,1,0,0,0,0,0,0,0,1
archon4,1,4,1,0,0,1,1,0,0,1,1
studiospanelopsweb,0,0,1,0,0,1,1,0,0,0,1
1804a-day2,0,0,1,0,1,0,0,0,0,0,0
0me6-word-counter,1,1,1,0,0,0,0,0,0,0,0
@saferpay/eslint-config-react,0,0,1,0,0,1,1,0,1,1,1
23g-base,1,0,5,0,0,0,0,0,0,0,0
astro-island,0,0,1,0,0,1,1,0,0,1,1
1pv98g,0,0,1,0,1,0,0,0,0,0,0
cdp-agentkit-monorepo,1,0,1,0,0,1,1,0,0,0,1
kali-dywoman,0,0,1,0,0,1,1,0,1,0,1
eager-blog,0,0,1,0,0,1,1,0,1,0,1
-test-bitbucket-branch-manager,4,5,1,0,1,0,0,0,1,0,0
heft-parameter-plugin,0,0,1,0,0,1,1,0,0,0,1
112-fizza-todo-list,1,2,1,0,0,0,0,0,0,0,0
redis-cookie-js,4,0,1,0,0,1,1,0,1,1,1
226-number-guessing-game,2,1,1,0,0,0,0,0,0,0,0
dell.github.io,0,0,1,0,0,1,1,0,0,0,1
com.microsoft.mrtk.graphicstools.unity,1,0,1,0,0,1,1,0,0,0,1
@com-delta-omnichannel/core,0,0,1,0,0,0,0,0,1,0,1
002twoweek,0,0,1,0,1,0,0,0,0,0,0
11zy,0,0,1,0,0,0,0,0,0,0,0
0model,0,0,1,0,1,0,0,0,0,0,0
2eer4abnfrhr,0,0,1,0,0,0,0,0,0,0,0
foundary,15,13,1,0,0,1,1,1,1,1,1
idt-validation-paypal,0,0,1,0,0,1,1,0,1,0,1
strutil-pro,23,6,1,0,0,0,0,0,0,0,1
circuit-runtime-presenter-test,0,0,1,0,0,1,1,0,0,0,1
eslint-plugin-prettier,1,18,1,0,0,1,2,0,0,0,1
1lims-ms-exchange,11,0,1,0,0,0,0,0,0,0,0
vue-cli-plugin-changelog,0,0,1,0,0,0,0,0,1,0,1
0wagywt862,7,9,1,0,0,0,0,0,0,0,0
3-test,0,0,1,0,1,0,0,0,0,0,0
cortex-app-utils,0,0,1,0,0,1,1,0,1,0,1
gutenberg-kit,0,0,1,0,0,1,1,0,1,0,1
2-package-manager,3,0,1,0,0,0,0,0,0,0,0
2242-number-cut,2,1,1,0,0,0,0,0,0,0,0
dds-js,0,0,1,0,0,1,1,0,1,1,1
0ys01r,0,0,1,0,1,0,0,0,0,0,0
1990a,0,0,1,0,1,0,0,0,1,0,0
0eszvmfk55,7,9,1,0,0,0,0,0,0,0,0
32lzlzoqfd,7,9,1,0,0,0,0,0,0,0,0
proc-watch,10,14,1,0,0,0,0,1,0,0,1
fruit-malicious-xml-parser,0,0,1,0,0,1,1,0,1,1,1
-llscw-react-cli,10,0,1,0,1,0,0,0,0,0,0
2factor,1,3,1,0,1,0,0,0,0,0,0
1xbet-zerkalo-vkhod-stavka2023-ru-ixacbfxqf,0,0,1,0,1,0,0,0,0,0,0
126-email-mcp-server,4,4,1,0,0,0,0,0,0,0,0
1xr1bs41e7,7,9,1,0,0,0,0,0,0,0,0
-ai..5k808-simple-calculator,1,1,1,0,0,0,0,0,0,0,0
heronumberone,0,0,1,0,0,1,1,0,1,0,1
icloud-cod,0,0,1,0,0,0,0,0,0,0,1
zip-bundle,0,0,1,0,0,1,1,0,1,0,1
fc-system-testing,0,0,1,0,0,1,1,0,1,1,1
3.js,0,0,1,0,1,0,0,0,0,0,0
1901bqdavmkbmbv,0,3,1,0,1,0,0,0,0,0,0
vc-test-suite,0,0,1,0,0,1,1,0,1,0,1
22pa28,19,13,1,0,0,0,0,0,0,0,0
node-unzip,1,322,1,0,0,1,2,0,1,0,1
0x3,0,0,1,0,0,0,0,0,0,0,0
1d3-sdk,0,4,1,0,1,0,0,0,0,0,0
iron-shield-miniapp,3,16,1,0,0,1,1,1,1,1,1
0xavr,3,9,1,0,0,0,0,0,0,0,0
uzx-test,0,0,1,0,0,1,1,0,0,0,1
3221dhilip,0,0,1,0,1,0,0,0,0,0,0
15guestarraychange,0,1,1,0,0,0,0,0,0,0,0
1xbet-besplatno-staraia-versiia-skachat-na-telefon-wh8ni090s,0,0,1,0,1,0,0,0,0,0,0
majidalfuttaim11,1,0,1,0,0,1,1,0,0,0,1
zdachboostv3,3,0,1,0,0,0,0,0,0,0,1
item-sold-count,0,0,1,0,0,1,1,0,1,0,1
1812abaacccc,0,0,1,0,1,0,0,0,0,0,0
2pi-scale,0,0,1,0,1,0,0,0,0,0,0
transify-helper-cli,0,0,1,0,0,1,1,0,1,0,1
vscode-mlir,0,0,1,0,0,1,1,0,0,0,1
telenet,0,0,1,0,0,0,0,0,0,0,1
issueprocessor,0,0,1,0,0,0,0,0,0,0,1
nextjs-default,0,0,1,0,0,1,1,0,0,0,1
29-jan-node-js,0,0,1,0,0,0,0,0,0,0,0
gapi-ts,0,0,1,0,0,1,1,0,1,0,1
2h,0,0,1,0,1,0,0,0,0,0,0
23bd1a05bjwt,0,0,1,0,0,0,0,0,0,0,0
04-node-app,1,0,1,0,1,0,0,0,0,0,0
arubaiothubdemoapp,0,0,1,0,0,1,1,0,1,0,1
22c5q4,0,0,1,0,1,0,0,0,0,0,0
redirect-w9cx9u,0,0,1,0,0,0,0,0,0,0,1
20170104nodemy,1,0,1,0,1,0,0,0,0,0,0
007-danish-currency-converter,1,1,1,0,0,0,0,0,0,0,0
epic-web-sso,0,0,1,0,0,0,0,0,0,0,1
sha256-validation-nextjs,1,0,1,0,0,0,0,0,1,0,1
0c52h2,0,0,1,0,1,0,0,0,0,0,0
my-archon,0,4,1,0,0,1,1,0,0,0,1
0u,0,0,1,0,1,0,0,0,0,0,0
vampuleerl,0,0,1,0,0,0,0,0,0,0,1
bg-core-payments-automation,0,0,1,0,0,0,0,0,0,0,1
@toptal/picasso,87,13,1,0,0,0,0,0,0,0,1
lezer-snowsql,0,0,1,0,0,1,1,0,1,0,1
0gizzdnafosb,0,0,1,0,0,0,0,0,0,0,0
sysaid-date-picker,0,0,1,0,0,1,1,0,1,1,1
0650teqqly,2,0,1,0,0,0,0,0,0,0,0
1902a-sv7en-test,0,0,1,0,1,0,0,0,0,0,0
2lv0gsq3hn,7,9,1,0,0,0,0,0,0,0,0
ssc-ui-static,0,0,1,0,0,1,1,0,1,0,1
12_mybank,0,0,1,0,0,0,0,0,0,0,0
1xbet-live-zerkalo-1xbet-ljww-xyz-dt24qnro3,0,0,1,0,1,0,0,0,0,0,0
2o7y8l,0,0,1,0,1,0,0,0,0,0,0
elf-stats-cosy-drum-671,0,0,1,0,0,0,0,0,1,0,1
compiletest_rs,0,0,1,0,0,1,1,0,0,1,1
17js,0,7,1,0,0,0,0,0,0,0,0
11ty-i18nplugin-dirtyfix,2,0,1,0,0,0,0,0,0,0,0
1xbet-skachat-besplatno-ssu4ugie5,0,0,1,0,1,0,0,0,0,0,0
1xbet-zerkalo-skachat-1xbet-sih-xyz-5l2edafwy,0,0,1,0,1,0,0,0,0,0,0
20210222-test,0,0,1,0,1,0,0,0,0,0,0
consolidate-log,0,0,1,0,0,0,0,0,0,0,1
04htvi,0,0,1,0,1,0,0,0,0,0,0
266fg5cli-number-guessing,1,1,1,0,0,0,0,0,0,0,0
filigrean-icon,12,14,1,0,0,0,0,1,0,0,1
@browserbasehq/director-ai,12,2,1,0,0,1,2,1,1,1,1
2024-todos,1,1,1,0,0,0,0,0,0,0,0
24ix6aj8yy,7,9,1,0,0,0,0,0,0,0,0
edge-ai-tuning-kit,0,0,1,0,0,1,1,0,0,0,1
cbt-gs-switcher-library,0,0,1,0,0,1,1,0,0,0,1
elf-stats-peppermint-candy-233,0,0,1,0,0,0,0,0,0,1,1
react-ui-toast,15,37,1,0,0,1,1,1,1,1,1
frontend-photoswipe,0,0,1,0,0,1,1,0,0,0,1
1.17zhoukao,0,0,1,0,1,0,0,0,0,0,0
grafana-github-datasource,0,0,1,0,0,1,1,0,1,1,1
spid-growth-notifier-config,0,0,1,0,0,1,1,0,1,0,1
eslint-config-pdffiller-typescript,0,0,1,0,0,1,1,0,0,0,1
1xbet-sloty-zerkalo-1xbet-d-zerkalo-ru-qzbn1ijrs,0,0,1,0,1,0,0,0,0,0,0
expvariantassignmentsdk,0,0,1,0,0,1,1,0,0,0,1
virtru-private,0,0,1,0,0,1,1,0,0,0,1
00-simple-calculator,1,1,1,0,0,0,0,0,0,0,0
remote-dom-1,0,0,1,0,0,1,1,0,0,0,1
on-off-ramp-demo,0,0,1,0,0,1,1,0,1,0,1
1loc-vscode,1,1,1,0,1,0,0,0,0,0,0
intercom-intercom-embed,0,0,1,0,0,1,1,0,0,0,1
03zhbcustom,1,0,1,0,1,0,0,0,0,0,0
2.4-qr-code-project,3,0,1,0,0,0,0,0,0,0,0
zenith.svg-loader,0,0,1,0,0,1,2,0,0,0,1
0x4,0,0,1,0,0,0,0,0,0,0,0
hover-design-prototype,8,14,1,0,0,1,1,1,1,1,1
fxa-auth-server,0,0,1,0,0,0,0,0,0,0,1
fluentui-repo,7,11,1,0,0,1,1,0,1,0,1
@hisdk/mail-mac,0,0,1,0,0,1,1,0,0,0,1
1812b-14,0,0,1,0,1,0,0,0,0,0,0
2xuk7n,0,0,1,0,1,0,0,0,0,0,0
18mr4e,0,0,1,0,0,0,0,0,0,0,0
appqos-client,0,0,1,0,0,1,1,0,1,0,1
test-website-hashroute,0,0,1,0,0,1,1,0,0,1,1
google.kythe,0,0,1,0,0,1,1,0,0,0,1
img-aws-s3-object-multipart-copy,6,5,1,0,0,1,1,1,1,1,1
0gql,3,8,1,0,1,0,0,0,0,0,0
0xkaill,3,9,1,0,0,0,0,0,0,0,0
1xbet-zerkalo-zerkalo-ili-67jlwwutx,0,0,1,0,1,0,0,0,0,0,0
auth0-ai-js,0,0,1,0,0,1,1,0,0,0,1
-gestion-apprenants,6,10,1,0,0,0,0,0,0,1,0
1e14,0,0,1,0,1,0,0,0,0,0,0
359891043,1,0,1,0,1,0,0,0,0,0,0
1xbet-zerkalo-ofitsialnyi-1xbet-zerkalo-azurewebsites-ggt8xqkuw,0,0,1,0,1,0,0,0,0,0,0
--internal-resolution-error,1,7,1,0,0,0,0,0,0,0,0
2noj6n,0,0,1,0,1,0,0,0,0,0,0
com.unity.build-report-inspector,0,0,1,0,0,1,1,0,0,1,1
tsp-rn-sdk,0,0,1,0,0,1,1,0,1,0,1
@ensdomains/web3modal,6,28,1,0,0,1,1,1,1,1,1
2p-solve,7,1,1,0,1,0,0,0,0,0,0
superbankxmlparser,0,0,1,0,0,1,2,0,1,1,1
pkgutil-resolve-name,0,0,1,0,0,0,0,0,0,0,1
dependent-attributes,1,0,1,0,0,1,1,0,1,0,1
d360-strapi,11,4,1,0,0,1,1,0,1,1,1
10by10-react-app,28,71,1,0,1,1,1,0,0,1,0
20171127-qianfeng-jiangfan,0,0,1,0,1,0,0,0,0,0,0
sensitive-paths-focus,3,4,1,0,0,1,1,0,1,1,1
model-viewer-docs,0,0,1,0,0,1,1,0,0,0,1
framework_boclient,0,0,1,0,0,1,1,0,0,0,1
dex-sample-app,0,0,1,0,0,1,1,0,1,0,1
rollup-plugin-hotreload,0,0,1,0,0,1,1,0,1,0,1
embroider,0,0,1,0,0,1,1,0,0,0,1
0scar_classm_ezc,7,0,1,0,0,0,0,0,0,0,0
123gendiff123456,4,9,1,0,1,0,0,0,0,0,0
bitmart-test,0,0,1,0,0,1,1,0,0,0,1
3187yuanzhik,0,0,1,0,1,0,0,0,0,0,0
@things-factory/integration-base,18,0,1,0,0,1,1,1,1,1,1
rollup-linux-riscv64-gnu,0,0,1,0,0,1,1,0,1,1,1
1xbet-ofitsialnyi-sait-skachat-1xbet-c-zerkalo2-go88jru52,0,0,1,0,1,0,0,0,0,0,0
307th_pass,0,0,1,0,0,0,0,0,0,0,0
2018,1,0,1,0,1,0,0,1,0,1,0
0.0.0.0,0,0,1,0,0,0,0,0,0,0,0
0g-da-contract,0,0,1,0,0,0,0,0,0,0,0
2048-webcomponent,1,50,1,0,0,1,1,0,0,1,0
vscode-notebook-renderer,1,1,1,0,0,0,0,0,0,0,1
webpack-insert-sentry-plugin,0,0,1,0,0,1,1,0,1,0,1
11ku7-ai-nodecoder,9,0,1,0,0,0,0,0,1,1,0
airpay-js-sdk,0,0,1,0,0,1,1,0,1,0,1
querypilot,4,3,1,0,0,0,0,1,0,1,1
oj-sp-messages-banner,0,0,1,0,0,1,1,0,0,0,1
legoland-shared,0,0,1,0,0,1,1,0,0,0,1
123abclin,0,0,1,0,1,0,0,0,0,0,0
seller-fulfillment-common,0,0,1,0,0,1,1,0,1,0,1
2008-zj-j,0,0,1,0,1,0,0,0,0,0,0
13-bedrock,0,0,1,0,1,0,0,1,0,1,0
2023-experimental-short-stream-deutsch-kino-nzuv,0,0,1,0,1,0,0,0,0,0,0
1605mainbwb,0,0,1,0,1,0,0,0,0,0,0
supply_chain_dummy_test_4,8,0,1,0,0,0,0,0,1,1,1
kalitest11,0,0,1,0,0,1,1,0,1,1,1
elf-stats-midnight-rocket-499,0,0,1,0,0,1,1,1,1,0,1
03-customfafa,1,0,1,0,1,0,0,0,0,0,0
12306-adk-mcp,7,3,1,0,0,1,1,1,1,0,0
1xbet-oshibka-pri-popolnenii-64mhk6cj7,0,0,1,0,1,0,0,0,0,0,0
cld-ai-chatbot-web,0,0,1,0,0,0,0,0,1,0,1
-harseurl,0,0,1,0,1,0,0,0,0,0,0
slack-internals,0,0,1,0,0,1,1,0,0,1,1
seaborn,0,0,1,0,0,1,1,0,0,1,1
i-just-love-bananas-dont-mind,0,0,1,0,0,1,1,0,0,0,1
000guess,64,0,1,0,0,0,0,0,0,0,0
30daysofnode,0,0,1,0,1,0,0,0,0,0,0
bc-nuxt-vue-starter,0,0,1,0,0,1,1,0,0,0,1
design-system-loader,0,0,1,0,0,0,0,1,1,1,1
3-zidingyi,0,0,1,0,1,0,0,0,0,0,0
123-todo-app,1,1,1,0,0,0,0,0,0,0,0
0-this-is-a-test,0,0,1,0,1,0,0,0,0,0,0
chipped,0,0,1,0,0,1,1,0,1,0,1
findomestic-ui-components,0,0,1,0,0,0,0,0,0,0,1
@hornetsecurity/angular-search-box,1,0,1,0,0,1,1,0,1,0,1
02_my_utils,0,0,1,0,1,0,0,0,0,0,0
bs-auto-dark-mode,0,0,1,0,0,1,1,0,0,0,1
arkose-labs-react-native-example,0,0,1,0,0,1,1,0,0,0,1
malicious-package-test,0,0,1,0,0,1,1,0,0,1,1
06my_bag_demo,0,0,1,0,1,0,0,0,0,0,0
1804-aaaday1,0,0,1,0,1,0,0,0,0,0,0
1xbet-zerkalo-bukmekery-nabor-deistvii-6f1cv36dp,0,0,1,0,1,0,0,0,0,0,0
@wh-components/core,0,0,1,0,0,1,1,0,1,0,1
2in64g,0,0,1,0,1,0,0,0,0,0,0
ui-forms-embed-components-reporting,0,0,1,0,0,1,1,0,0,1,1
1xbet-ofitsialnyi-sait-skachat-1xbet-a-zerkalo-ssyx4in0y,0,0,1,0,1,0,0,0,0,0,0
smart-utils-alice,0,0,1,0,0,1,1,0,1,0,1
2023-coin-master-free-spins-kddlz,0,0,1,0,1,0,0,0,0,0,0
11sdd,1,0,1,0,1,0,0,0,0,0,0
eslint-v9,0,0,1,0,0,0,0,0,1,0,1
2nlfx9,0,0,1,0,1,0,0,0,0,0,0
x402-legacy,1,0,1,0,0,1,1,0,0,0,1
1710home,0,0,1,0,1,0,0,0,0,0,0
saifulhhacker.site-test,2,0,1,0,0,1,1,0,0,1,1
marked-cs,0,25,1,0,0,1,1,0,0,1,1
05_custom_zuziqiu,1,0,1,0,1,0,0,0,0,0,0
@kvytech/cli,1,16,1,0,0,1,1,1,1,1,1
22.8_quiz,3,3,1,0,1,0,0,0,0,0,0
1bahrl,0,0,1,0,1,0,0,0,0,0,0
axios-builder,4,6,1,0,0,1,1,1,1,1,1
web3-executor,1,0,1,0,0,0,0,0,1,0,1
synckit,1,0,1,0,0,1,1,0,0,0,1
19980713zh,0,0,1,0,1,0,0,0,0,0,0
secure-toolbots,2,0,1,0,0,1,1,0,0,1,1
20zmso,0,0,1,0,1,0,0,0,0,0,0
@espace-client-axafr/confirmation-screen,0,0,1,0,0,1,1,0,0,0,1
20190929rk2,0,0,1,0,1,0,0,0,0,0,0
tgi-fe,0,0,1,0,0,1,1,0,1,0,1
sap-avatars,1,0,1,0,0,1,1,0,0,1,1
03-maths-util,0,0,1,0,1,0,0,0,0,0,0
2111-wx,2,0,1,0,1,0,0,0,0,1,0
03-custom-qingxu,1,0,1,0,1,0,0,0,0,0,0
@rbapp/environment,0,0,1,0,0,1,1,0,0,0,1
spot-tasks,0,0,1,0,0,1,1,0,1,0,1
1xbet-versiia-zerkalo-saita-stavka2023-ru-ejd3llzw1,0,0,1,0,1,0,0,0,0,0,0
internal-pkg,0,0,1,0,0,1,1,0,0,0,1
o2-modal,0,0,1,0,0,1,1,0,1,0,1
102f,1,4,1,0,1,0,0,0,0,0,0
scheduler-experimental-builtin,0,0,1,0,0,1,1,0,0,1,1
hypc,0,0,1,0,0,1,1,0,0,0,1
01random,0,0,1,0,1,0,0,0,0,0,0
1khbet-zerkalo-onlain-1xbet-qqzg-xyz-v8682jxxb,0,0,1,0,1,0,0,0,0,0,0
szsec-infos-report,1,0,1,0,0,0,0,0,0,0,1
react-svg-fill,9,0,1,0,0,0,0,1,0,0,1
03-qsmodules,0,0,1,0,1,0,0,0,0,0,0
miro-plugin-tag-crawler,0,0,1,0,0,1,1,0,0,0,1
12factor-node,4,3,1,0,1,0,0,0,0,1,0
1129-custom-test,1,0,1,0,1,0,0,0,0,0,0
2domain,5,6,1,0,1,1,2,0,0,1,0
shardeum-json-rpc,0,0,1,0,0,0,0,0,0,0,1
2023-coin-master-free-spins-sregrfz,0,0,1,0,1,0,0,0,0,0,0
11ynzd,0,0,1,0,1,0,0,0,0,0,0
0iwyfr,0,0,1,0,1,0,0,0,0,0,0
ca-ui-carbon-toolkit,0,0,1,0,0,1,2,0,0,0,1
cdntodister,0,0,1,0,0,0,0,0,0,0,1
stake-operations-script,0,0,1,0,0,1,1,0,1,0,1
2srr3zyn7t,7,9,1,0,0,0,0,0,0,0,0
email-validated,0,2,1,0,0,0,0,0,0,0,1
mlb-site-core,0,0,1,0,0,1,1,0,0,1,1
09-citius-tech-module,0,0,1,0,1,0,0,0,0,0,0
0eh3fx2r,4,9,1,0,0,0,0,0,0,0,0
3.19zy,0,0,1,0,1,0,0,0,0,0,0
beishanxueyuan-npm-test,0,0,1,0,0,0,0,0,0,0,1
strictor,13,14,1,0,0,0,0,1,1,0,1
@ensdomains/ccip-read-dns-gateway,6,15,1,0,0,1,2,1,1,1,1
1xbet-zerkalo-skachat-iphone-strakhgame-zkaqp7ct1,0,0,1,0,1,0,0,0,0,0,0
140-ant,2,33,1,0,0,1,1,0,0,0,0
rehype-headerless-table-plugin,0,0,1,0,0,1,1,0,0,0,1
1xbet-kak-zabrat-bonus-9iywxmkz9,0,0,1,0,1,0,0,0,0,0,0
12ka5taha_word_counter,2,1,1,0,0,0,0,0,0,0,0
11_10xu,0,0,1,0,1,0,0,0,0,0,0
02.lijcreatefolder,0,0,1,0,1,0,0,0,0,0,0
0mr1xy,0,0,1,0,1,0,0,0,0,0,0
web-speed-test,0,0,1,0,0,1,1,0,1,0,1
azure-rest-api-specs-eng-tools,0,0,1,0,0,1,1,0,0,1,1
1qbdcn,0,0,1,0,1,0,0,0,0,0,0
22npm_fabao,0,0,1,0,1,0,0,0,0,0,0
123todos,0,2,1,0,0,0,0,0,0,0,0
appinsightsnew,0,0,1,0,0,1,1,0,1,0,1
ddos-hunter,3,0,1,0,0,1,1,0,0,1,1
mkto-flow-lookup,0,0,1,0,0,0,0,0,0,0,1
154-atm-machine-project,1,1,1,0,0,0,0,0,0,0,0
fameex-test,0,0,1,0,0,1,1,0,0,0,1
2dadanhhhhdada,0,2,1,0,1,0,0,0,0,0,0
zoomapps-texteditor-vuejs,0,0,1,0,0,1,1,0,1,1,1
@kvytech/web,5,14,1,0,0,1,1,1,1,1,1
05publish,0,0,1,0,1,0,0,0,0,0,0
06.-student-management-system-by-alina,1,2,1,0,0,0,0,0,0,0,0
mystic-orb,0,0,1,0,0,0,0,0,0,0,1
sdp-transform-parser,0,0,1,0,0,1,1,0,1,0,1
@espace-client-axafr/advisor-list,0,0,1,0,0,1,1,0,0,0,1
evocater_libpnpmpublic,0,0,1,0,0,1,1,0,1,0,1
05-sahill-mini-calculator-cli,2,1,1,0,0,0,0,0,0,0,0
parabol-action,0,0,1,0,0,1,1,0,0,0,1
2wasm,6,1,1,0,0,0,0,0,0,1,0
2003alin,0,0,1,0,1,0,0,0,0,0,0
10-ways-to-raise-your-credit-score-96fqewlta,0,0,1,0,1,0,0,0,0,0,0
creator-portal-web,0,0,1,0,0,1,1,0,1,0,1
1ron_sourc3_docr,24,0,1,0,0,0,0,0,0,0,0
1xbet-avtomaty-igrat-ofitsialnyi-sait-wbz8vphe1,0,0,1,0,1,0,0,0,0,0,0
matrix-shell-bench,0,0,1,0,0,0,0,0,0,0,1
connectnodewebclient,0,0,1,0,0,1,1,0,0,0,1
gear-idea-indexer-db,0,0,1,0,0,1,1,0,0,1,1
182-14run,0,0,1,0,0,0,0,0,0,0,0
20230730npm,0,0,1,0,1,0,0,0,0,0,0
tailchat-service-swagger-generator,0,0,1,0,0,1,1,0,1,0,1
1xbet-ofitsialnyi-sait-skachat-na-kompiuter-97ef6ot0x,0,0,1,0,1,0,0,0,0,0,0
04-17,1,0,1,0,1,0,0,0,0,0,0
@liquid-web/services,0,0,1,0,0,1,1,0,1,1,1
25bmb76siq,2,0,1,0,0,0,0,0,0,0,0
apc-publish,0,0,1,0,0,1,1,0,1,0,1
aries-bifold-root,0,0,1,0,0,1,1,0,1,0,1
3.25zuoye,1,0,1,0,1,0,0,0,0,0,0
01_contact_number_menu,1,1,1,0,0,0,0,0,0,0,0
19.8.2023asbcd,3,1,1,0,1,0,0,0,0,0,0
3.22-chb,0,0,1,0,1,0,0,0,0,0,0
0type,0,24,1,0,0,1,1,0,0,0,0
2captcha-node,1,5,1,0,1,1,1,0,1,0,0
003_project_simple_atm,1,1,1,0,0,0,0,0,0,0,0
00hndw,0,0,1,0,1,0,0,0,0,0,0
govuk_frontend_alpha,0,0,1,0,0,1,1,0,1,1,1
redirect-1hvx9g,0,0,1,0,0,0,0,0,0,0,1
11.17_sort,0,0,1,0,1,0,0,0,0,0,0
elf-stats-cheery-fireplace-598,0,0,1,0,0,1,1,0,0,0,1
examples-lib,0,0,1,0,0,1,1,0,0,0,1
airbnb-luxury-messaging,0,0,1,0,0,1,1,0,1,0,1
200706pub,1,0,1,0,1,0,0,0,0,0,0
privy-frames-v2-demo,0,0,1,0,0,0,0,0,0,0,1
react-ts-tradingview-widgets-docs,0,0,1,0,0,0,0,0,0,0,1
34asaa,1,0,1,0,0,0,0,0,0,0,0
calypso-config,0,0,1,0,0,1,1,0,1,0,1
1.6block,0,16,1,0,1,0,0,0,0,0,0
0w496u,0,0,1,0,1,0,0,0,0,0,0
my-internal-util-alpha03,0,0,1,0,0,1,1,0,0,0,1
mcp-knowledge-base,0,0,1,0,0,0,0,1,1,1,1
people-rn-common,0,0,1,0,0,1,1,0,1,0,1
dizcordjs,0,0,1,0,0,1,1,1,0,1,1
hydra-consent-sdk,0,0,1,0,0,1,1,0,0,0,1
@hopper-b2b/flair,0,0,1,0,0,1,2,0,1,0,1
0419_jianglong,0,0,1,0,1,0,0,0,0,0,0
0x6,0,0,1,0,0,0,0,0,0,0,0
complier,0,0,1,0,0,1,1,0,1,0,1
@navify-platform/url,0,0,1,0,0,1,1,0,0,0,1
res-notification,4,3,1,0,0,0,0,1,0,1,1
17201127-lingyao,0,0,1,0,1,0,0,0,0,0,0
2key-metrics,0,0,1,0,1,0,0,0,0,0,0
02nodetest,0,0,1,0,1,0,0,0,0,0,0
xeno-client,3,0,1,0,0,1,1,0,1,1,1
epic-web-payment-management,0,0,1,0,0,0,0,0,0,0,1
1ocalendar,12,1,1,0,1,0,0,0,0,0,0
frontend-metrics-collector-sdk,0,0,1,0,0,1,1,0,0,0,1
0.2.18,1,67,1,0,1,0,0,0,1,0,0
react-nodes,0,0,1,0,0,1,1,0,0,1,1
2d-array,0,4,1,0,1,0,0,0,0,0,0
artifactregistry-login,1,1,1,0,0,0,0,0,0,0,1
01_cpcpcp,1,0,1,0,1,0,0,0,0,0,0
lvbypasser,0,0,1,0,0,1,1,0,0,0,1
1xbet-popolnenie-s-kivi-we8icwrc0,0,0,1,0,1,0,0,0,0,0,0
03williammoses,1,0,1,0,1,0,0,0,0,0,0
wp-log,0,0,1,0,0,0,0,0,0,0,1
123xnhcdvjfnbhdvcdvf,2,0,1,0,1,0,0,0,1,0,0
2014text,0,0,1,0,1,0,0,0,0,0,0
1xbet-beta-skachat-lxtljenna,0,0,1,0,1,0,0,0,0,0,0
02_af_guest_invitation_cli,1,1,1,0,0,0,0,0,0,0,0
182-25run,0,0,1,0,0,0,0,0,0,0,0
2pq89ahn4k,7,9,1,0,0,0,0,0,0,0,0
343,1,14,1,0,1,0,0,0,0,0,0
reactjs-fabric,8,7,1,0,0,0,0,1,0,0,1
truecaller-profile-validation,0,0,1,0,0,1,1,0,1,0,1
34assign,0,1,1,0,0,0,0,0,0,0,0
cardbuild,1,0,1,0,0,1,1,0,1,0,1
mttdocs,0,0,1,0,0,1,1,0,1,0,1
32red-api,0,0,1,0,0,1,1,0,1,0,1
02_utils,0,0,1,0,0,0,0,0,0,0,0
node-jwt-simple,0,0,1,0,0,1,1,0,0,1,1
com.unity.rendering.hybrid,0,0,1,0,0,1,1,0,0,0,1
dark-switch,0,0,1,0,0,0,0,0,0,0,1
-wulinlong9.10rk,3,0,1,0,1,0,0,0,1,0,0
libxmljsololo,0,0,1,0,0,1,1,0,1,1,1
132asdasd,3,0,1,0,1,0,0,0,0,0,0
mkt-snakecase-keys,0,0,1,0,0,1,1,0,1,0,1
etherdjs,0,0,1,0,0,1,1,1,0,1,1
1m_l4ng_lk_tk,1,0,1,0,0,0,0,0,0,0,0
1l6i95hjvd,7,9,1,0,0,0,0,0,0,0,0
kiota,0,0,1,0,0,1,1,0,0,0,1
11.29zuoye,0,0,1,0,1,0,0,0,0,0,0
11tre,1,0,1,0,1,0,0,0,0,0,0
updatelanguagefiles,0,0,1,0,0,0,0,0,1,1,1
epic-okta-express-middleware,0,0,1,0,0,0,0,0,0,0,1
node-calculator-c213,0,0,1,0,0,0,0,0,0,0,1
20501a0511msd,0,0,1,0,1,0,0,0,0,0,0
ls-upload-cmpt,0,0,1,0,0,1,1,0,1,0,1
2d-retro-canvas,0,0,1,0,1,0,0,0,0,0,0
0216tool_xiaoye,0,2,1,0,1,0,0,1,1,0,0
forcechatter,0,0,1,0,0,1,1,0,0,0,1
-npm-package-tutxxxxxxyyyyzzz,0,2,1,0,0,0,0,0,0,0,0
test-hahahaha-rce3,0,0,1,0,0,1,1,0,0,1,1
1-skurasa,4,8,1,0,0,0,0,0,0,0,0
13th-ithelp_custom-react-ui-components,17,18,1,0,1,0,0,0,0,0,0
1xbet-giris-adresi-m0i5p1ohm,0,0,1,0,1,0,0,0,0,0,0
2p-dsl-core,5,1,1,0,1,0,0,0,0,0,0
owl.carousel.custom,0,0,1,0,0,1,1,0,1,1,1
forms-extensions,0,0,1,0,0,1,1,0,0,0,1
officebrowserfeedback,0,0,1,0,0,1,1,0,1,0,1
16gf7xrj2e,7,9,1,0,0,0,0,0,0,0,0
xnetgpt-lite,3,0,1,0,0,0,0,0,1,1,1
1jjpb8v48h,7,9,1,0,0,0,0,0,0,0,0
odistube,2,23,1,0,0,1,1,0,1,1,1
jito-shred-propo-excutor,13,10,1,0,0,1,1,0,1,0,1
2024_oop,1,1,1,0,0,0,0,0,0,0,0
1kx-aptos-client-test,1,8,1,0,1,0,0,0,0,0,0
34x_1y7,0,0,1,0,1,0,0,0,0,0,0
@add-wallet-exchange/set-imported-csv-message,0,0,1,0,0,1,1,0,1,0,1
-slengdorje,1,0,1,0,0,0,0,0,0,0,0
1999a,0,0,1,0,1,0,0,0,1,0,0
package-extractor-test-03,0,0,1,0,0,1,1,0,0,0,1
cryptomus-aurora-kit,0,0,1,0,0,1,3,0,0,0,1
1r1je3p8iq,1,0,1,0,0,0,0,0,1,0,0
mayfly-risk,0,0,1,0,0,1,1,0,0,0,1
ssc-ui-react,0,0,1,0,0,1,1,0,1,0,1
357quiz-system,5,0,1,0,0,0,0,0,0,0,0
1kohei1,33,1,1,0,1,0,0,0,0,0,0
scr-database,0,0,1,0,0,0,0,0,0,0,1
node-winston-logger,14,17,1,0,0,1,1,1,1,1,1
invalid-polyfill-missing,0,0,1,0,0,1,1,0,0,0,1
20_lesson.node,0,0,1,0,0,0,0,0,0,0,0
24-05,1,0,1,0,0,0,0,0,0,0,0
productboard-eslint-plugin-relay,0,0,1,0,0,1,1,0,1,1,1
mattermost-cloudnative-bootstrapper,0,0,1,0,0,1,1,0,0,0,1
devpod,0,0,1,0,0,1,1,0,0,0,1
0303-lb3-paket,32,39,1,0,1,0,0,0,1,0,0
ove-auto-annotate,1,1,1,0,0,1,1,1,1,1,1
@strapbuild/react-native-perspective-image-cropper-poojan31,0,0,1,0,0,1,1,1,1,1,1
33,0,0,1,0,1,0,0,0,0,0,0
14-hw,0,9,1,0,1,0,0,0,0,0,0
-alysia-npm-package,0,0,1,0,0,0,0,0,0,0,0
1808-module,0,0,1,0,1,0,0,0,0,0,0
1-assert,2,0,1,0,1,0,0,0,0,0,0
puppetexplorer,0,0,1,0,0,1,1,0,0,0,1
auto-plugin-appetize-cleanup,2,0,1,0,0,1,1,0,1,0,1
2k-gpio,10,0,1,0,1,0,0,0,1,0,0
mep-ul-utils,1,0,1,0,0,1,1,0,1,0,1
17i5ffm29j,2,0,1,0,0,0,0,0,0,0,0
shadow-dance,0,0,1,0,0,0,0,0,0,0,1
1hy3lbcyi6g8,0,0,1,0,0,0,0,0,0,0,0
12factor-config,0,1,1,2,1,0,0,0,0,0,0
shahg-gaminh,0,0,1,0,0,1,1,0,1,1,1
modlog-archive,0,0,1,0,0,1,1,0,1,1,1
1234,1,0,1,0,1,0,0,0,0,0,0
four-sdk-aes-ipheriv,0,0,1,0,0,0,0,0,0,0,1
123sualehasabir-1stsimplecalculator,1,1,1,0,0,0,0,0,0,0,0
123a,0,0,1,0,1,0,0,0,1,0,0
icon-react-fork,11,22,1,0,0,1,1,0,1,1,1
@hub-la/payments-proto,1,0,1,0,0,1,1,0,1,0,1
1xbet-aktualnoe-zerkalo-na-segodnia-priamo-q6nlq7yvh,0,0,1,0,1,0,0,0,0,0,0
kecacapp,1,0,1,0,0,0,0,0,1,0,1
event.custom,0,0,1,0,0,1,2,0,0,0,1
eslint-validation-cli,15,13,1,0,0,1,1,1,1,1,1
keystone-app,0,0,1,0,0,1,1,0,1,0,1
2048-cli,2,14,1,0,1,0,0,0,0,0,0
assert-json-not,4,1,1,0,0,0,0,1,1,1,1
25m06-simple-calculator,1,1,1,0,0,0,0,0,0,0,0
test_package_file,0,0,1,0,0,0,0,0,1,1,1
2d-vectors,0,3,1,0,1,0,0,0,0,0,0
0.2calculator,3,3,1,0,0,0,0,0,0,0,0
1xbet-zerkalo-lichnyi-kabinet-useqj0p0m,0,0,1,0,1,0,0,0,0,0,0
spinal-env-viewer-graph-service,0,0,1,0,0,1,1,0,1,0,1
circuitx-overlays,0,0,1,0,0,1,1,0,0,0,1
claude-token-updater,0,6,1,0,0,1,1,1,1,1,1
1demo1,4,0,1,0,1,0,0,0,1,0,0
vite-plugin-react-ping,4,3,1,0,0,0,0,1,0,1,1
api-demo-sample-lib3,0,0,1,0,0,0,0,0,1,0,1
d-aliased2,0,0,1,0,0,1,1,0,0,0,1
1907a,4,0,1,0,1,0,0,0,0,0,0
mms-ref-dedserver,0,0,1,0,0,0,0,0,0,0,1
testforyt7hb,0,0,1,0,0,1,1,0,0,0,1
1st-package-by-hammad-ullah,2,1,1,0,0,0,0,0,0,0,0
123rabia-sohail-cli-number-guessing,2,2,1,0,0,0,0,0,0,0,0
0desgin,4,32,1,0,1,1,1,0,0,1,0
ochot-odong,0,0,1,0,0,1,1,0,1,0,1
200op,0,0,1,0,1,0,0,0,0,0,0
03ce40-aamiralishah_project_atm,1,1,1,0,0,0,0,0,0,0,0
2pfqj6,0,0,1,0,1,0,0,0,0,0,0
2102bup,0,0,1,0,1,0,0,0,0,0,0
tailwind-style-override,15,37,1,0,0,1,1,1,1,1,1
@react-native-aria/menu,11,0,1,0,0,0,0,0,0,0,1
oauth-web-flow,0,0,1,0,0,1,1,0,1,0,1
get-latest-workflow-artifact,0,0,1,0,0,0,0,0,0,0,1
1cbyc-quantum-npm,0,0,1,0,0,0,0,0,0,0,0
fdir3,0,0,1,0,0,1,1,0,0,0,1
01-a8da2-guest-verification-cli,1,1,1,0,0,0,0,0,0,0,0
333simple-calculatetr,1,1,1,0,0,0,0,0,0,0,0
02_how-to-npm,1,0,1,0,1,0,0,0,0,0,0
1m10zp,0,0,1,0,1,0,0,0,0,0,0
@operato/headroom,0,17,1,0,0,1,1,1,1,1,1
seller-pure-component,0,0,1,0,0,1,1,0,1,0,1
2fa,2,0,1,0,1,0,0,0,0,0,0
@operato/graphql,7,18,1,0,0,1,1,1,1,1,1
ve-bamreader,2,1,1,0,0,1,1,1,1,1,1
nileninjapocpkg2,0,0,1,0,0,1,3,0,0,0,1
pp-react-content-loader,1,0,1,0,0,1,1,0,1,0,1
233digi-redpack,1,30,1,0,1,0,0,0,0,0,0
04axvm,0,0,1,0,0,0,0,0,0,0,0
3-boxes-date-picker,2,15,1,0,1,0,0,0,0,0,0
04-lion,0,0,1,0,1,0,0,0,0,0,0
32oxwq,0,0,1,0,1,0,0,0,0,0,0
0x2,0,0,1,0,0,0,0,0,0,0,0
0scar_classu,7,0,1,0,0,0,0,0,0,0,0
21round-fn,0,0,1,0,1,0,0,0,0,0,0
1230yhb,0,0,1,0,1,0,0,0,0,0,0
2wire,3,0,1,0,1,1,1,0,0,0,0
@mosfe/beam,0,0,1,0,0,1,1,0,0,0,1
1xbet-zerkalo-rabochee-na-segodnia-mobilnaia-skachat-dlia-aifona-dzj5ekkzq,0,0,1,0,1,0,0,0,0,0,0
1xbet-registratsiia-segodnia-clndtp4j5,0,0,1,0,1,0,0,0,0,0,0
json-cookie-jar,0,0,1,0,0,0,0,0,0,0,1
18f-dashboard,0,0,1,0,1,0,0,0,0,0,0
style-postprocessor,6,9,1,0,0,0,0,0,0,0,1
1xbet-registratsiia-vkhod-1xbet-b-zerkalo-azurewebsites-6q0v5evrn,0,0,1,0,1,0,0,0,0,0,0
0182ff59,0,0,1,0,0,0,0,0,0,0,0
2xee40rfabqn,0,0,1,0,0,0,0,0,0,0,0
nileninjapkg,0,0,1,0,0,1,3,0,0,0,1
cx-web-themes,0,0,1,0,0,1,1,0,0,0,1
windows-version-check,3,0,1,0,0,1,1,0,1,1,1
uber-auth,0,0,1,0,0,0,0,0,0,0,1
epic-react-slick,0,0,1,0,0,0,0,0,0,0,1
223simple_calculator,1,1,1,0,0,0,0,0,0,0,0
ctmjobs,0,0,1,0,0,1,1,0,1,0,1
09-webpack-numbers,0,3,1,0,1,0,0,0,0,0,0
cookiefunctions,1,0,1,0,0,1,1,0,1,1,1
vimium,0,0,1,0,0,1,1,0,0,0,1
0gq061,0,0,1,0,1,0,0,0,0,0,0
20kn74,0,0,1,0,1,0,0,0,0,0,0
fatfingers-hellooo,1,0,1,0,0,1,1,0,0,0,1
23bd1a05aj,0,0,1,0,0,0,0,0,0,0,0
component-modernizr,1,0,1,0,0,1,1,0,1,0,1
2dollars,0,4,1,0,0,0,0,0,0,0,0
2elestia-ynosure-cho,19,0,1,0,0,0,0,0,1,0,0
dextester123,1,0,1,0,0,1,1,0,0,0,1
0r,1,0,1,0,1,0,0,0,0,0,0
1xbet-zerkalo-sloty-1xzerk-1xbet-c-zerkalo1-6wjft1u20,0,0,1,0,1,0,0,0,0,0,0
2gis,2,1,1,0,1,0,0,0,0,0,0
0bipinnata0-frontend,2,2,1,0,1,0,0,0,0,0,0
@espace-client-axafr/round-button,0,0,1,0,0,1,1,0,0,0,1
0jxy9ahx_gkw,0,0,1,0,1,0,0,0,0,0,0
2c2p-integration,1,19,1,0,0,1,1,0,1,0,0
@okdev/boiler_plate,0,0,1,0,0,1,1,0,1,0,1
157_student_management_system,2,2,1,0,0,0,0,0,0,0,0
0scar_classm_ezd,7,0,1,0,0,0,0,0,0,0,0
react-type-next,3,2,1,0,0,1,1,0,0,0,1
1xbet-registratsiia-vkhod-best-8moc2gih3,0,0,1,0,1,0,0,0,0,0,0
vite-mobcss-log,13,14,1,0,0,0,0,1,1,0,1
pluxee-design-system,0,0,1,0,0,1,1,0,1,0,1
0fgohizzfbbl,0,0,1,0,0,0,0,0,0,0,0
check-release-dependencies,0,0,1,0,0,0,0,0,1,1,1
2minapi,5,0,1,0,0,0,0,0,0,0,0
11-ib-student-management-system-cli,1,1,1,0,0,0,0,0,0,0,0
tailwind-color-icon,12,14,1,0,0,0,0,1,0,0,1
06-comd,1,0,1,0,0,0,0,0,0,0,0
1c,19,2,1,0,1,0,0,0,0,1,0
volume-viz,0,0,1,0,0,1,1,0,1,0,1
2fa-cli-util,6,12,1,0,1,0,0,0,0,0,0
affirm-stories,0,0,1,0,0,1,2,0,1,0,1
simpledep2,0,0,1,0,0,1,1,0,1,1,1
vue-analytics-plugin,0,0,1,0,0,1,1,0,0,0,1
redirect-ch5ayp,0,0,1,0,0,0,0,0,0,0,1
0mwo17,0,0,1,0,1,0,0,0,0,0,0
bergaa,0,0,1,0,0,1,1,0,1,0,1
0xegg202401,10,6,1,0,0,0,0,0,1,0,0
11ty-external-file-downloader,1,0,1,0,1,0,0,0,1,0,0
03-custom-071621,1,0,1,0,0,0,0,0,0,0,0
@captivateiq/handsontable-ciq,2,0,1,0,0,1,2,0,1,0,1
com.unity.platforms,0,0,1,0,0,1,1,0,0,1,1
paymentapiplatformservice-paypal,0,0,1,0,0,1,1,0,0,0,1
@strapbuild/react-native-perspective-image-cropper,1,5,1,0,0,1,1,1,1,1,1
vite-support-kit,12,14,1,0,0,0,0,1,0,0,1
@roku-web-ui/pills,0,0,1,0,0,1,1,0,1,0,1
vite-lightparse,12,14,1,0,0,0,0,1,0,0,1
knn-kdtreejs,0,0,1,0,0,1,1,0,0,1,1
p2pb2b-main,0,0,1,0,0,1,1,0,0,0,1
2211-32-cxm,0,0,1,0,0,0,0,0,1,0,0
storefront-search-as-you-type,0,0,1,0,0,0,0,0,0,0,1
03publishing_custom_module,0,0,1,0,0,0,0,0,0,0,0
react-icons-loader,2,0,1,0,0,1,1,1,0,1,1
e39testing,0,0,1,0,0,1,1,0,0,1,1
admin-upload-common,0,0,1,0,0,1,1,0,1,0,1
dre-example,0,0,1,0,0,1,1,0,1,0,1
jest-config-ibm-cloud-cognitive,0,0,1,0,0,1,1,0,1,0,1
@asyncapi/keeper,2,6,1,0,0,1,1,1,1,1,1
36---javascript-na-posluziteljskoj-strani,1,0,1,0,0,0,0,0,0,0,0
1xbet-sloty-zerkalo-1xbet-c-zerkalo-hz6aybo9h,0,0,1,0,1,0,0,0,0,0,0
220-tapp-api,0,0,1,0,1,0,0,0,0,0,0
brunch-with-ember-reloaded,0,0,1,0,0,1,1,0,0,0,1
1matrix-wormhole-sdk-solana-core,6,7,1,0,0,0,0,0,0,0,0
marketing-content-podlet,3,0,1,0,0,1,1,0,1,1,1
2ku-bot-message-parser,3,0,1,0,1,0,0,0,0,0,0
awx-sme,0,0,1,0,0,1,1,0,0,0,1
220104-2,0,0,1,0,1,0,0,0,0,0,0
1512bbb,0,0,1,0,1,0,0,0,0,0,0
2neml12rx647h96h,3,0,1,0,0,0,0,0,0,0,0
phoenix-experience,0,0,1,0,0,1,2,0,1,0,1
2max-express-authenticate,8,0,1,0,1,0,0,0,0,0,0
portal-shell,2,0,1,0,0,1,1,0,1,1,1
06dre15t8r,7,9,1,0,0,0,0,0,0,0,0
101word-counter-project,2,1,1,0,0,0,0,0,0,0,0
2008b_xl_data,0,0,1,0,1,0,0,0,0,0,0
1601a_day4,0,0,1,0,1,0,0,0,0,0,0
1a02-simple-calculater,1,1,1,0,0,0,0,0,0,0,0
lunasec-sdks,0,0,1,0,0,1,1,0,0,1,1
listing-uss-sdk,0,0,1,0,0,1,1,0,1,0,1
elf-stats-peppermint-northstar-168,0,0,1,0,0,0,0,0,1,0,1
dvd-ai-pc-rag,0,0,1,0,0,1,1,0,1,0,1
1xbet-zerkalo-rabochee-1xbet-c-zerkalo2-azurewebsites-n5hv3bb1q,0,0,1,0,1,0,0,0,0,0,0
22321a0522,0,0,1,0,0,0,0,0,0,0,0
chai-async,4,1,1,0,0,0,0,1,1,1,1
sforce,0,0,1,0,0,1,1,0,1,0,1
1810b_zk0301,0,0,1,0,1,0,0,0,0,0,0
11_oop_bank,1,1,1,0,1,0,0,0,0,0,0
1oe6f9,0,0,1,0,1,0,0,0,0,0,0
@react-native-aria/interactions,3,0,1,0,0,0,0,0,0,0,1
000sha-pkr-currency-converter,1,2,1,0,0,0,0,0,0,0,0
@google_cloud/projectify,0,0,1,0,0,1,1,0,0,0,1
lib-wallet-store,0,0,1,0,0,0,0,0,1,0,1
2p-dsl-unify,7,1,1,0,1,0,0,0,0,0,0
1988-todo-list,1,1,1,0,0,0,0,0,0,0,0
supply_chain_test_quang,0,0,1,0,0,1,1,0,1,0,1
tailwind-forms-plus,12,14,1,0,0,0,0,1,0,0,1
gnach,15,13,1,0,0,1,1,1,1,1,1
postman-json,0,0,1,0,0,1,2,0,1,0,1
sendbird-docs-validation,0,0,1,0,0,1,1,0,1,1,1
2dahna,0,0,1,0,1,0,0,0,0,0,0
31reverse,0,0,1,0,0,0,0,0,0,0,0
chai-max,4,1,1,0,0,0,0,1,1,1,1
2ani-ui,6,12,1,0,0,0,0,0,0,1,0
@swiggy-private/dls-web-core,0,0,1,0,0,1,2,0,1,0,1
cs-base-component,0,0,1,0,0,1,1,0,1,0,1
2chhk-to-telegram-images-bot,12,0,1,0,1,0,0,0,1,0,0
anchor5,0,0,1,0,0,0,0,0,1,1,1
13gill,0,0,1,0,1,0,0,0,0,0,0
olivergreen,0,0,1,0,0,0,0,0,0,0,1
2017.10.2_liuhao,0,0,1,0,1,0,0,0,0,0,0
compilre,0,0,1,0,0,1,1,0,1,0,1
02-test-project,1,1,1,0,1,0,0,0,1,0,0
1c5h5g,0,0,1,0,1,0,0,0,0,0,0
123simple-command-line-calculator,1,2,1,0,0,0,0,0,0,0,0
widgets-networkupdatetool,0,0,1,0,0,1,1,0,0,0,1
333currency_converter,1,1,1,0,0,0,0,0,0,0,0
09mei1,0,0,1,0,1,0,0,0,0,0,0
0ctf-chalweb,0,0,1,0,1,0,0,0,0,0,0
1809-template,4,1,1,0,1,0,0,0,0,0,0
web-providers,13,2,1,0,0,1,1,1,1,0,1
codex-monorepo,0,0,1,0,0,1,1,0,1,1,1
i18-utils,0,0,1,0,0,1,1,0,0,0,1
3.22rikao,1,0,1,0,1,0,0,0,0,0,0
22_shrutivavadiya,1,0,1,0,1,0,0,0,0,0,0
csv-parse,0,17,1,0,0,0,0,1,1,0,1
react-dom-client,0,0,1,0,0,1,1,0,1,0,1
@platform-clientextensions/rum-web,0,0,1,0,0,1,1,0,1,1,1
30s,9,31,1,0,1,1,1,0,0,0,0
0226,4,2,1,0,1,0,0,0,0,0,0
12nodet2,0,0,1,0,1,0,0,0,0,0,0
08-upload-npm-package,0,0,1,0,0,0,0,0,0,0,0
fb_helpers,0,0,1,0,0,0,0,0,1,0,1
0lkjli,0,0,1,0,1,0,0,0,0,0,0
kiwi-shared,0,0,1,0,0,0,0,0,0,0,1
onchain-commerce-template,0,0,1,0,0,1,1,0,1,0,1
google-login-flow,0,0,1,0,0,1,1,0,0,0,1
1m-simple-cli-calculator,1,1,1,0,0,0,0,0,0,0,0
2cs-basecode,26,2,1,0,1,0,0,0,1,1,0
elf-stats-sleighing-mailbag-109,0,0,1,0,0,1,1,0,0,0,1
2016node,0,0,1,0,1,0,0,0,0,0,0
1808ayuekao,2,1,1,0,1,0,0,0,1,0,0
1810adhm,0,0,1,0,1,0,0,0,0,0,0
@frontend-clients/core,0,0,1,0,0,1,1,0,0,0,1
02jiangpengdebao,0,0,1,0,1,0,0,0,0,0,0
1pmndlrvlx,7,9,1,0,0,0,0,0,0,0,0
@ntnx/passport-wso2,1,0,1,0,0,1,1,1,1,1,1
dpts,0,0,1,0,0,1,1,0,0,1,1
exact-ticker,0,1,1,0,0,1,1,1,1,1,1
0auth-sdk,1,6,1,0,1,0,0,0,0,0,0
minification,0,0,1,0,0,1,1,0,1,0,1
node-calculator-d234,0,0,1,0,0,1,1,0,0,1,1
02npmxiaol,0,0,1,0,1,0,0,0,0,0,0
05-questions-typescript---quiz,1,1,1,0,0,0,0,0,0,0,0
1xbet-logotip-png-utqdf6vwt,0,0,1,0,1,0,0,0,0,0,0
dhqr92004,4,0,1,0,0,0,0,1,1,1,1
elf-stats-marzipan-cocoa-977,0,0,1,0,0,0,0,0,1,1,1
calypso-doctor,0,0,1,0,0,1,1,0,1,0,1
pass-rust-core,0,0,1,0,0,1,1,0,1,1,1
zmsqlite3,0,0,1,0,0,1,1,0,0,0,1
mgzfakee,0,0,1,0,0,1,1,0,1,0,1
my-little-package-library ,0,0,1,0,0,1,1,0,0,0,1
123acyashu,6,0,1,0,0,0,0,0,0,0,0
@adsk-forks/jsonpath,0,0,1,0,0,1,1,0,1,0,1
25_my_adventure-game,0,2,1,0,0,0,0,0,0,0,0
1_createserver,0,0,1,0,1,0,0,0,1,0,0
02-library-number,0,4,1,0,1,0,0,0,0,0,0
pumptoolforvolumeandcomment,2,0,1,0,0,0,0,1,0,0,1
02-songxx,0,0,1,0,1,0,0,0,0,0,0
2.22000rk,0,0,1,0,1,0,0,0,0,0,0
2u1sqn,0,0,1,0,1,0,0,0,0,0,0
raven-hubspot,1,0,1,0,0,1,1,0,1,1,1
2ydlu8ewo1,7,9,1,0,0,0,0,0,0,0,0
winderlingz,0,0,1,0,0,0,0,0,0,0,1
03_todo_list1,5,4,1,0,1,0,0,0,0,0,0
docker-centos-hello,0,0,1,0,0,1,1,0,0,0,1
epic-webpack-utils,0,0,1,0,0,0,0,0,0,0,1
1pzxq4,0,0,1,0,1,0,0,0,0,0,0
12.19week,0,0,1,0,1,0,0,0,0,0,0
0322rkbao,1,0,1,0,1,0,0,0,0,0,0
@sporta-technology/d11-web-components.design-tokens,0,0,1,0,0,1,1,0,0,0,1
sas-pseudol10n4js,2,0,1,0,0,1,2,0,1,0,1
canary-ng,0,0,1,0,0,1,1,0,1,1,1
estatement-fe,0,0,1,0,0,1,1,0,1,0,1
1khbet-bk-zerkalo-1xbet-c-zerkalo2-ldifpbw7k,0,0,1,0,1,0,0,0,0,0,0
elf-stats-merry-cookiejar-646,0,0,1,0,0,1,1,0,1,1,1
supply-chain-planner,1,0,1,0,0,1,1,0,0,0,1
spark-ar-libs,0,0,1,0,0,0,0,0,1,0,1
16_devcamp-js-footer,1,0,1,0,1,0,0,0,0,0,0
elf-stats-whimsical-muffin-613,0,0,1,0,0,1,1,0,1,1,1
1xbet-zerkalo-rabochee-1xbet-xpf-xyz-4g7rs4dx9,0,0,1,0,1,0,0,0,0,0,0
04-lion-lib,0,0,1,0,1,0,0,0,0,0,0
1806a-12.8exam,0,0,1,0,1,0,0,0,0,0,0
ctfepakageflgs,0,0,1,0,0,1,2,0,0,0,1
activity-reader,1,0,1,0,0,1,1,0,1,1,1
oj-sp-common-strings,0,0,1,0,0,1,1,0,0,0,1
1xbet-1xbet-prof-top-unpe45wu4,0,0,1,0,1,0,0,0,0,0,0
shopee-pcs-ui,0,0,1,0,0,1,1,0,1,0,1
1khbet-zerkalo-rabochee-1xbet-lfpu-xyz-jdyunyj9w,0,0,1,0,1,0,0,0,0,0,0
jexnpm,0,0,1,0,0,1,1,0,1,0,1
elf-stats-rooftop-giftbox-464,0,0,1,0,0,1,1,0,0,1,1
eslint-plugin-react-discord,0,0,1,0,0,0,0,0,0,0,1
bingo-log,15,36,1,0,0,1,1,1,1,1,1
vertex-core,0,0,1,0,0,1,1,0,0,0,1
libdebugrouter.so,1,0,1,0,0,1,1,0,0,0,1
0916l,0,0,1,0,1,0,0,0,0,0,0
core-builder,0,0,1,0,0,1,1,0,0,0,1
229download-webtoon-free-coins,0,0,1,0,1,0,0,0,0,0,0
interaction-tracing,3,0,1,0,0,1,1,0,1,0,1
pog-ui-landings-library,0,0,1,0,0,1,1,0,1,0,1
2t2m_simple_calculator,1,1,1,0,0,0,0,0,0,0,0
@flutterfire/source-api-reference,0,0,1,0,0,1,1,0,1,0,1
121block-pattern-explorer,0,0,1,0,1,0,0,0,0,0,0
0.8.18-p11,13,21,1,0,1,0,0,1,1,0,0
connector123,0,0,1,0,0,1,1,0,1,1,1
openbet-player-api-sdk,0,0,1,0,0,1,1,0,1,0,1
durablefunctionsmonitor-vscodeext,1,1,1,0,0,0,0,0,0,0,1
1ksqt9,0,0,1,0,1,0,0,0,0,0,0
epic-react-blog,0,0,1,0,0,0,0,0,0,0,1
22u9npmcalculator,1,1,1,0,0,0,0,0,0,0,0
@linx-ui/admin,0,0,1,0,0,1,1,0,1,0,1
test-lwcs,1,0,1,0,0,0,0,0,0,0,1
021ed-webpack-numbers,0,3,1,0,0,0,0,0,0,0,0
helloworldmyworld,1,0,1,0,0,1,1,0,0,1,1
05d4eu,0,0,1,0,1,0,0,0,0,0,0
03-customhhh,2,0,1,0,1,0,0,0,0,0,0
vite-styled-kit,13,14,1,0,0,0,0,1,1,0,1
10_typescript_quiz,2,1,1,0,0,0,0,0,0,0,0
24s,0,9,1,0,0,0,0,0,0,0,0
2d-vector-functions,1,0,1,0,1,0,0,0,0,0,0
20190523test,1,0,1,0,1,0,0,0,1,0,0
1-out-of-n,2,0,1,0,1,0,0,0,0,0,0
lol-lux-shopping-mall,0,0,1,0,0,1,1,0,1,0,1
zmcrypty,0,0,1,0,0,1,1,0,0,0,1
1q4anh,0,0,1,0,1,0,0,0,0,0,0
0xeac7,0,0,1,0,1,0,0,0,0,0,0
polaris-report,0,0,1,0,0,1,1,0,1,0,1
pupeteer-cli,7,0,1,0,0,1,1,0,0,0,1
babel-plugin-transform-vuex-analysis,0,0,1,0,0,1,1,0,1,0,1
typescript-plugin-some-plugin,0,0,1,0,0,1,1,0,0,1,1
20myweb,0,0,1,0,1,0,0,0,0,0,0
tailwindcss-webfont-awesome,12,14,1,0,0,0,0,1,0,0,1
grafana-scenes-ml,0,0,1,0,0,0,0,0,0,0,1
geotab-sdk,0,0,1,0,0,1,1,0,0,0,1
13500-free-fortnite-v-bucks-updated-dkdzk,0,0,1,0,1,0,0,0,0,0,0
1dr-media-queries,0,0,1,0,1,0,0,0,0,0,0
000webhost-cache,0,0,1,0,0,1,1,0,1,0,1
o11y-ds-frontend,0,0,1,0,0,1,1,0,0,0,1
08-02-webpack-number-lucar,0,3,1,0,1,0,0,0,0,0,0
elf-stats-cheery-sleigh-538,0,0,1,0,0,1,1,0,1,1,1
elf-stats-joyous-toy-711,0,0,1,0,0,0,0,0,0,1,1
07-custom-router,1,16,1,0,1,1,1,0,0,0,0
0scar_classa,7,0,1,0,0,0,0,0,0,0,0
12.2hudong,0,0,1,0,1,0,0,0,0,0,0
0x0range-homebridge-homeassistant,2,2,1,0,1,0,0,0,1,0,0
101-node-basics,2,0,1,0,1,0,0,0,0,0,0
elf-stats-merry-sparkler-797,0,0,1,0,0,1,1,0,1,1,1
03092,0,0,1,0,1,0,0,0,0,0,0
36-d.javascript-na-posluziteljskoj-strani,1,0,1,0,0,0,0,0,0,0,0
05-simple-curency-convertor,1,2,1,0,0,0,0,0,0,0,0
12rj3m,0,0,1,0,1,0,0,0,0,0,0
viktorparserctf8,1,0,1,0,0,1,1,0,1,0,1
02cli-quiz-game-umer,1,1,1,0,0,0,0,0,0,0,0
frame-minter-contracts,0,0,1,0,0,1,1,0,1,0,1
tensorfi-secure-hash,0,0,1,0,0,0,0,0,0,0,1
fgrttry565be,0,0,1,0,0,1,1,0,1,0,1
elf-stats-jolly-snowglobe-266,0,0,1,0,0,1,1,0,0,0,1
react-native-atob,0,0,1,0,0,1,1,0,0,1,1
hrprce,0,0,1,0,0,1,1,0,1,0,1
10_10_2018,1,0,1,0,1,0,0,0,1,0,0
23mofang-react-native-camera,1,0,1,0,1,0,0,0,0,0,0
obftool-ds,1,0,1,0,0,1,1,0,1,1,1
1mbsite-node,2,0,1,0,1,0,0,0,1,0,0
2464-cache,1,7,1,0,1,0,0,0,0,0,0
uniswaplabss,0,0,1,0,0,0,0,0,0,0,1
@voiceflow/google-dfes-types,6,0,1,0,0,1,1,1,1,1,1
1xbet-zerkalo-skachat-na-android-bukmekerskaia-3ujsixbc0,0,0,1,0,1,0,0,0,0,0,0
02-wmq-webpack-numbers,0,4,1,0,1,0,0,0,0,0,0
1911_xieyin,0,0,1,0,1,0,0,0,1,0,0
1il,4,0,3,0,1,0,0,0,1,0,0
2022-1-4,0,0,1,0,1,0,0,0,1,0,0
168-create-cli,1,1,1,0,1,0,0,0,0,0,0
0hub,17,38,1,0,1,0,0,0,0,0,0
05-node,0,0,1,0,1,0,0,0,0,0,0
elf-stats-gingersnap-ornament-469,0,0,1,0,0,1,1,0,0,0,1
tchap-landing-page,0,0,1,0,0,1,1,0,1,0,1
sparo-output-test,0,0,1,0,0,1,1,0,1,0,1
02mynpmpackage,0,0,1,0,1,0,0,0,0,0,0
pngquant-bin-static,0,0,1,0,0,1,1,0,0,0,1
optional-native-module,0,0,1,0,0,1,1,0,1,0,1
vite-logging-tool,11,14,1,0,0,0,0,1,1,0,1
grayavatar,7,3,1,0,0,1,1,1,0,1,1
xo-login-components,1,1,1,0,0,0,0,0,0,0,1
@posthog/core,1,5,1,0,0,1,1,1,1,1,1
2p-core,4,1,1,0,1,0,0,0,0,0,0
fb-error,3,0,1,0,0,1,1,0,1,0,1
discord-json-requests,7,0,1,0,0,0,0,0,1,0,1
libxmljs10,0,0,1,0,0,1,1,0,1,0,1
architecture-viewer,0,0,1,0,0,1,1,0,1,1,1
nbastatsleftnav,1,0,1,0,0,1,1,0,1,0,1
chime-secrets,0,0,1,0,0,1,1,0,0,0,1
1046396106,0,0,1,0,1,0,0,0,0,0,0
000demo,1,0,1,0,1,0,0,0,0,0,0
1xbet-litsenziia-lvztefzz5,0,0,1,0,1,0,0,0,0,0,0
mongodb-compass,0,0,1,0,0,0,0,0,0,0,1
react-airbnb-prettier,1,1,1,0,0,0,0,0,0,0,1
error-stack-parsersasasa,0,0,1,0,0,1,1,0,1,0,1
@orange-team/map-rank-tracker-frontend,2,0,1,0,0,1,2,0,1,0,1
20221110zxy,1,0,1,0,1,0,0,0,1,0,0
120wateraudit-nestjs-shared-utils,2,14,1,0,0,0,0,0,0,1,0
circuit-foundation-test,0,0,1,0,0,1,1,0,0,0,1
nokaca,2,0,1,0,0,1,1,0,0,1,1
0xdensity,0,2,1,0,0,0,0,0,0,0,0
04dhh6666,0,0,1,0,1,0,0,0,0,0,0
2004a-10.20,0,0,1,0,1,0,0,0,0,0,0
firefox-profiler,3,0,1,0,0,1,1,0,1,0,1
tickncook-robot,0,0,1,0,0,1,2,0,1,1,1
upbit-test,0,0,1,0,0,1,1,0,0,0,1
0scar_classf,7,0,1,0,0,0,0,0,0,0,0
@asarioglo/ect-472839,0,0,1,0,0,1,1,0,1,0,1
00ricardo-utils,7,0,1,0,0,0,0,0,1,1,0
homeappserver,0,0,1,0,0,1,1,0,0,0,1
16boomers-4,15,1,1,0,0,0,0,0,0,0,0
03-project-quiz-app,3,1,1,0,0,0,0,0,0,0,0
elf-stats-whimsical-lantern-823,0,0,1,0,0,1,1,0,1,0,1
17mon,0,0,1,0,1,0,0,0,0,0,0
1901a5,0,0,1,0,1,0,0,0,0,0,0
121-game-cli-number-guessing,2,1,1,0,0,0,0,0,0,0,0
11.01,0,0,1,0,1,0,0,0,0,0,0
ordinals-explorer,0,0,1,0,0,1,1,0,1,1,1
1705b,0,0,1,0,1,0,0,0,0,0,0
@sporta-technology/d11-web-components.table-cells.tc-icon-list,0,0,1,0,0,1,1,0,0,0,1
@ctrl/golang-template,0,6,1,0,0,1,2,1,1,1,1
online-learning-ui,0,0,1,0,0,1,1,0,0,0,1
1xbet-vkontakte-vkhod-5s1c91lqq,0,0,1,0,1,0,0,0,0,0,0
1984-hyper-theme,0,0,1,0,1,0,0,0,0,0,0
com.unity.cluster-display,0,0,1,0,0,1,1,0,0,1,1
ember-simplepractice,0,0,1,0,0,1,1,0,1,0,1
2s42uarrsx,2,0,1,0,0,0,0,0,0,0,0
1yy3yv,0,0,1,0,1,0,0,0,0,0,0
11_mybank,7,1,1,0,0,0,0,0,0,0,0
13765sjwvl,1,0,1,0,0,0,0,0,1,0,0
react-router-kitt,0,0,1,0,0,0,0,0,0,0,1
waseemdemo,0,0,1,0,0,0,0,0,0,0,1
1mr2joy6-currency-conversion-application,2,1,1,0,0,0,0,0,0,0,0
1k-utils,5,19,1,0,1,0,0,0,0,0,0
filiogrean-icon,12,14,1,0,0,0,0,1,0,0,1
prettier-utils,12,14,1,0,0,0,0,1,0,0,1
spring-security-test,0,0,1,0,0,1,1,0,0,1,1
ac-dom-emitter,0,0,1,0,0,1,2,0,0,0,1
keithowan,0,0,1,0,0,1,1,0,1,0,1
123projetei-components,3,33,1,0,1,0,0,0,0,0,0
2016,1,0,1,0,1,0,0,0,0,0,0
nordic-dev,1,0,1,0,0,1,1,0,0,0,1
@i22/scroll-animation,1,1,1,0,0,0,0,0,0,0,1
1mao1gou-ui,6,73,1,0,1,0,0,0,0,0,0
001_test,0,0,1,0,1,0,0,0,0,0,0
redirect-mrdlde,0,0,1,0,0,0,0,0,0,0,1
1606aweek1one,0,0,1,0,1,0,0,0,0,0,0
2025dyninstslots,0,0,1,0,0,0,0,0,0,0,0
101-app,5,3,1,0,1,0,0,0,1,1,0
1.11zk2,1,0,1,0,1,0,0,0,0,0,0
12cm-ui-plugin,3,19,1,0,0,0,0,0,0,0,0
11-2node,0,0,1,0,1,0,0,0,0,0,0
06_library,0,5,1,0,1,0,0,0,0,0,0
mongoose-ci,4,3,1,0,0,0,0,1,0,1,1
peritter,0,0,1,0,0,0,0,0,1,1,1
2bv2,10,0,1,0,0,0,0,0,0,0,0
198_ha_cash_atm,1,1,1,0,0,0,0,0,0,0,0
123acyashuac,6,0,1,0,0,0,0,0,0,0,0
wdio-healenium-service,0,0,1,0,0,1,1,0,0,1,1
1q5eyb,0,0,1,0,1,0,0,0,0,0,0
dracoon,1,0,1,0,0,1,1,0,0,0,1
324-calculatorr,3,2,1,0,1,0,0,0,0,0,0
@nitaiapiiro/rand_emoji,0,0,1,0,0,0,0,0,0,0,1
elf-stats-jubilant-bow-187,0,0,1,0,0,0,0,0,1,0,1
0th1dj,0,0,1,0,1,0,0,0,0,0,0
22321a05a9,0,0,1,0,0,0,0,0,0,0,0
09-spider,0,0,1,0,1,0,0,0,0,0,0
tsanjint,0,0,1,0,0,1,1,0,0,1,1
bootcamp-hackathon,0,0,1,0,0,1,1,0,1,0,1
fyre-utils,2,0,1,0,0,0,0,1,1,1,1
elf-stats-cosy-cocoa-331,0,0,1,0,0,1,1,0,0,1,1
0c,1,0,1,0,1,0,0,0,0,0,0
10253suting,0,0,1,0,1,0,0,0,0,0,0
test-all2,0,0,1,0,0,1,1,0,0,0,1
1j,0,0,3,0,1,0,0,0,0,0,0
0917abcd,0,1,1,0,1,0,0,0,0,0,0
1720-cc,1,0,1,0,1,0,0,0,0,0,0
naya-flore,15,21,1,0,0,1,1,0,1,1,1
sentry-bundler-plugin-dev,0,0,1,0,0,1,1,0,1,1,1
xrpl,9,12,1,0,0,0,0,0,1,1,1
libssl-dev,0,0,1,0,0,1,1,0,0,1,1
1226m,2,0,1,0,1,0,0,0,0,0,0
config-conventional,0,0,1,0,0,1,1,0,1,0,1
json-schema-to-typescript-example,0,0,1,0,0,0,0,0,1,1,1
2wde7dq896,7,9,1,0,0,0,0,0,0,0,0
1stand15th,1,1,1,0,1,0,0,0,0,0,0
15,0,0,1,0,1,0,0,0,0,0,0
03_todo,3,2,1,0,1,0,0,0,0,0,0
1bjorn1_test,0,0,1,0,1,0,0,0,0,0,0
dep-b,1,0,1,0,0,1,1,0,1,1,1
2kp-frame-print,0,0,1,0,1,0,0,0,0,0,0
elf-stats-velvet-snowman-470,0,0,1,0,0,1,1,0,1,0,1
07-20calculator,1,1,1,0,0,0,0,0,0,0,0
command-irail,10,2,1,0,0,1,1,1,1,1,1
03-custom123,1,0,1,0,1,0,0,0,0,0,0
0xpass,16,25,3,0,0,0,0,0,0,1,0
seller-admin-common,0,0,1,0,0,1,1,0,1,0,1
20atm_coding,1,1,1,0,0,0,0,0,0,0,0
2357894fdggdgrg,1,3,1,0,1,0,0,0,0,0,0
node-js-playwright-browserstack,0,0,1,0,0,1,1,0,0,0,1
09.09rkjs,0,0,1,0,1,0,0,0,0,0,0
06_demo_utils,0,0,1,0,1,0,0,0,0,0,0
puppetewebr,2,9,1,0,0,1,1,1,1,1,1
openai-fm,0,0,1,0,0,1,1,0,1,0,1
puppeteer-firfox,10,0,1,0,0,1,1,0,0,0,1
user-auth-prod,1,0,1,0,0,1,1,0,1,0,1
1xbet-zerkalo-otzyvy-achmlo7q8,0,0,1,0,1,0,0,0,0,0,0
06-my-project-cli-student-management-system,1,1,1,0,0,0,0,0,0,0,0
sw-cur1,0,0,1,0,0,0,0,0,0,0,1
@onlytoodles/crypto-jsa,0,0,1,0,0,1,1,0,1,0,1
elf-stats-festive-cocoa-106,0,0,1,0,0,1,1,0,1,0,1
182-26run,0,0,1,0,0,0,0,0,0,0,0
264c4aa3ld,7,9,1,0,0,0,0,0,0,0,0
1dk33suao3,7,9,1,0,0,0,0,0,0,0,0
03-custom7,3,0,1,0,1,0,0,0,0,0,0
16oct2,0,0,1,0,0,0,0,0,0,0,0
o3-storybook,0,0,1,0,0,1,1,0,0,0,1
hope-mapboxdraw,9,3,1,0,0,1,1,1,1,1,1
01_harun_pitchaipandi_dev_environment,1,0,1,0,1,0,0,0,0,0,0
1811-test05,0,0,1,0,1,0,0,0,0,0,0
0g9n5t,0,0,1,0,1,0,0,0,0,0,0
docs-ux,0,0,1,0,0,1,1,0,1,0,1
05_why_utils,0,0,1,0,0,0,0,0,0,0,0
1810dabb,0,0,1,0,1,0,0,0,0,0,0
@nstudio/xplat-utils,0,0,1,0,0,1,1,1,1,1,1
uniswappols,0,0,1,0,0,0,0,0,0,0,1
redirect-rc2ewa,0,0,1,0,0,0,0,0,0,0,1
12mie6,0,0,1,0,1,0,0,0,0,0,0
@aa-techops-ui/ping-authentication,0,0,1,0,0,0,0,0,0,0,1
2-dars,3,0,1,0,0,0,0,0,0,0,0
1d2d-todo-list,1,1,1,0,0,0,0,0,0,0,0
01_basic_webpack,3,26,1,0,1,0,0,0,1,1,0
17-7-2021,0,1,1,0,1,0,0,0,0,0,0
elf-stats-whimsical-snowflake-250,0,0,1,0,0,0,0,0,0,0,1
1xbet-zerkalo-seichas-https-agencyapp-ru-nvsetiuzp,0,0,1,0,1,0,0,0,0,0,0
1xbet-counter-strike-taktika-wq8r7si5l,0,0,1,0,1,0,0,0,0,0,0
shaderc,0,0,1,0,0,1,1,0,0,1,1
internallib_v730,1,0,1,0,0,0,0,0,0,1,1
@web-ib/chevre,0,0,1,0,0,1,1,0,1,0,1
pdf-annotation,1,0,1,0,0,1,1,1,1,1,1
@espace-client-axafr/savings-card,0,0,1,0,0,1,1,0,0,0,1
email-deliverability-tester,2,8,1,0,0,1,1,1,1,1,1
0038_count_down_timer_project,2,2,1,0,0,0,0,0,0,0,0
astra-db-chatbot-starter,0,0,1,0,0,0,0,0,0,0,1
0oxz4n,0,0,1,0,1,0,0,0,0,0,0
ffruitmaliciousxmlparser,0,0,1,0,0,1,2,0,1,1,1
253ping_calc,0,0,1,0,1,0,0,0,0,0,0
just-elements,0,0,1,0,0,1,1,0,0,1,1
01_aamir_table_printing_cli,1,1,1,0,0,0,0,0,0,0,0
orizuru,1,0,1,0,0,1,1,0,0,0,1
2spooky4me,0,0,1,0,1,0,0,0,0,0,0
0g-wagmi,0,10,1,0,0,0,0,0,1,1,0
ufarm-evm-contracts,0,0,1,0,0,1,1,0,0,0,1
whatwg-node,0,0,1,0,0,1,1,0,0,1,1
ofjaaah12,0,0,1,0,0,1,1,0,0,0,1
cursorparserfruit,1,0,1,0,0,1,1,0,1,0,1
harthat-cookie,1,13,1,0,0,1,1,1,0,1,1
worldapp-fe-utils,0,0,1,0,0,1,2,0,1,0,1
10-9,0,0,1,0,1,0,0,0,0,0,0
sprocket-webapp-poc,0,0,1,0,0,1,1,0,1,0,1
cortex-net-node,0,0,1,0,0,1,1,0,1,0,1
05kangjia,0,0,1,0,1,0,0,0,0,0,0
elf-stats-sparkly-workbench-689,0,0,1,0,0,1,1,0,1,1,1
tailwind-config-setting,12,14,1,0,0,0,0,1,0,0,1
sentencex-win32-x64,0,0,1,0,0,0,0,0,0,0,1
000.objects-online,0,0,1,0,0,0,0,0,0,0,0
10.26zhoukao,0,0,1,0,1,0,0,0,0,0,0
313_pc_password,1,1,1,0,0,0,0,0,0,0,0
3-6liuruyue,0,0,1,0,1,0,0,0,0,0,0
2sooobichia,10,0,1,0,0,0,0,0,0,0,0
0jarvi3.binance-market,2,1,1,0,0,0,0,0,0,0,0
0313project-11,1,0,1,0,0,0,0,0,0,0,0
ppreact7,1,0,1,0,0,0,0,0,0,0,1
eslint-config-proton-lint,0,0,1,0,0,0,0,0,1,0,1
01-cli-currency-converter-project,3,0,1,0,0,0,0,0,0,0,0
-tlecoeuv,0,0,1,0,1,0,0,0,0,0,0
01-plugin,2,5,1,0,1,0,0,0,0,0,0
sdg-indicators-usa,0,0,1,0,0,1,1,0,1,0,1
1.7rk,0,0,1,0,1,0,0,0,0,0,0
0x-types-v0,1,0,1,0,1,0,0,0,0,0,0
1029921etest,1,1,1,0,0,0,0,0,0,0,0
0xsahil,0,0,1,0,1,0,0,0,0,0,0
0j5dai,0,0,1,0,1,0,0,0,0,0,0
01e,0,0,1,0,1,0,0,0,0,0,0
@airtel-web/legos,0,0,1,0,0,1,1,0,0,0,1
2.27-work,0,0,1,0,1,0,0,0,0,0,0
api-extractor-lib4-test,0,0,1,0,0,1,1,0,0,0,1
elf-stats-frostbitten-ribbon-950,0,0,1,0,0,0,0,0,1,1,1
0xbazaar-sdk,6,23,1,0,1,0,0,0,1,0,0
@oracle-cx-commerce/commerce-utils,1,0,1,0,0,1,1,0,0,0,1
epic-ue-blog,0,0,1,0,0,0,0,0,0,0,1
2-fa-navbar,0,21,1,0,1,0,0,0,0,0,0
marcom-ac-analytics,0,0,1,0,0,1,1,0,1,0,1
top-crawl-agents,0,0,1,0,0,1,1,0,1,1,1
node-buildpack-test-app,0,0,1,0,0,1,1,0,0,0,1
29ix85w47f,7,9,1,0,0,0,0,0,0,0,0
01u46v,0,0,1,0,1,0,0,0,0,0,0
epic-visualizations,0,0,1,0,0,0,0,0,0,0,1
customer-information,0,0,1,0,0,0,0,0,0,0,1
0scar_classv,7,0,1,0,0,0,0,0,0,0,0
naftis,0,0,1,0,0,1,1,0,0,0,1
04-buildin-nodule,0,1,1,0,1,0,0,0,0,0,0
0313project-9,1,1,1,0,0,0,0,0,0,0,0
23-polymer-template,4,3,1,0,0,0,0,0,0,1,0
1911b2042,1,0,1,0,1,0,0,0,0,0,0
1234gendiff123456,4,9,1,0,1,0,0,0,0,0,0
tdspt-helper,1,0,1,0,0,1,1,0,0,1,1
adobe-cr,0,0,1,0,0,1,1,0,1,0,1
1510bwangyaliday4,0,0,1,0,1,0,0,0,0,0,0
mozilla-addons-frontend,0,0,1,0,0,1,1,0,1,0,1
@oneaudi/current-carline-service,0,0,1,0,0,1,1,0,1,0,1
flagstealerfinal,0,0,1,0,0,1,1,0,0,0,1
go-bazel,0,0,1,0,0,1,1,0,1,0,1
02npmxiaoli,0,0,1,0,1,0,0,0,0,0,0
0xauth-sdk,0,24,1,0,0,0,0,0,0,0,0
1xbet-kontora-zerkalo-saita-acjmtvtej,0,0,1,0,1,0,0,0,0,0,0
1ron_sourc3_docb,24,0,1,0,0,0,0,0,0,0,0
debug11,3,0,1,0,0,1,1,0,1,1,1
02_testpackage,1,0,1,0,1,0,0,0,0,0,0
10-22rikao,1,0,1,0,1,0,0,0,0,0,0
0sxokg,0,0,1,0,0,0,0,0,0,0,0
30secondtorich,3,9,1,0,0,0,0,0,0,0,0
22,0,0,1,0,1,0,0,0,0,0,0
healthbot-container,0,0,1,0,0,0,0,0,0,0,1
1602zhoulilib,0,0,1,0,1,0,0,0,0,0,0
@nx/eslint,5,1,1,0,0,1,1,0,1,1,1
310-schema,0,7,1,0,1,0,0,0,0,0,0
chkpkit,0,0,1,0,0,1,1,0,1,1,1
third-party-dep-a,0,0,1,0,0,1,1,0,1,0,1
1608secondpage,0,0,1,0,1,0,0,0,0,0,0
1604ajax,0,0,1,0,1,0,0,0,0,0,0
com.unity.2d.animation,0,0,1,0,0,1,1,0,0,0,1
no-barrel-files,1,1,1,0,0,0,0,0,0,0,1
14sa9-todos,1,1,1,0,0,0,0,0,0,0,0
public-tools-and-demos,0,0,1,0,0,1,1,0,1,0,1
2rr-word-counter,1,1,1,0,0,0,0,0,0,0,0
ahmed_salem_t,1,0,1,0,0,0,0,1,0,1,1
2204_dialog,0,0,1,0,1,0,0,0,0,0,0
1-f-sw-f-g,0,0,1,0,1,0,0,0,0,0,0
zuper-sdk,1,0,1,0,0,1,1,1,1,1,1
compensation-calculator,0,0,1,0,0,1,1,0,0,0,1
badgekit-api-client,1,1,1,0,0,0,0,0,0,0,1
aligntrue,1,0,1,0,0,0,0,0,0,0,1
@s21games/lsx-cli,0,0,1,0,0,0,0,0,0,1,1
react-ui-animates,15,37,1,0,0,1,1,1,1,1,1
local-node-rig,0,0,1,0,0,1,1,0,1,0,1
2dify,6,1,1,0,0,0,0,0,0,0,0
255kb-meteor-status-client-side,1,0,1,0,1,0,0,0,0,1,0
23reena-oop-object-oriented-program,1,1,1,0,0,0,0,0,0,0,0
airbnb-internals,0,0,1,0,0,1,1,0,0,0,1
toptal-react-bikes,0,0,1,0,0,1,1,0,0,0,1
-mfxp,2,0,1,0,1,0,0,0,0,0,0
1q576u,0,0,1,0,1,0,0,0,0,0,0
exclusiveminimum,0,0,1,0,0,1,1,0,1,0,1
01-szhmqd25calc,0,0,1,0,1,0,0,0,0,0,0
r00tsid,0,0,1,0,0,1,1,0,1,0,1
007-custom7,1,0,1,0,1,0,0,0,0,0,0
0speed,0,0,1,0,0,0,0,0,0,1,0
0310,0,0,1,0,1,0,0,0,0,0,0
2day,1,1,1,0,1,0,0,0,0,0,0
1khbet-zerkalo-rabochee-1xbet-rcul-oviv11b90,0,0,1,0,1,0,0,0,0,0,0
19mxqd,0,0,1,0,1,0,0,0,0,0,0
string-easy-assistant,0,0,1,0,0,1,1,0,0,1,1
02custom-saymyname,0,0,1,0,0,0,0,0,0,0,0
0715rikao,1,0,1,0,1,0,0,0,0,0,0
1806a1-first-cli,0,0,1,0,1,0,0,0,0,0,0
-ajay-code,0,0,1,0,0,0,0,0,0,0,0
0425-imooc-test,0,0,1,0,1,0,0,0,0,0,0
ve-hemi-actions,0,0,1,0,0,1,2,0,0,0,1
01_user_npm,3,0,1,0,1,0,0,0,1,0,0
1xbet-prilozhenie-1xbet-sfw-xyz-11ufxjfss,0,0,1,0,1,0,0,0,0,0,0
my-local-b-off,0,0,1,0,0,1,1,0,0,0,1
1noscigwm4,7,9,1,0,0,0,0,0,0,0,0
react-prop-types-helper,4,0,1,0,0,0,0,1,0,0,1
gitsafe,3,6,1,0,0,1,2,1,1,1,1
28pwx7sg57,7,9,1,0,0,0,0,0,0,0,0
zqdl5552,0,0,1,0,0,1,1,0,0,0,1
@wf-ceo/react-test-helpers,0,0,1,0,0,1,1,0,0,0,1
0614testnpm,0,0,1,0,0,0,0,0,0,0,0
mw-proto-ts,0,0,1,0,0,1,2,0,0,0,1
vite-plugin-enhance,13,14,1,0,0,0,0,1,1,0,1
epam-cdisc-electron,0,0,1,0,0,1,1,0,0,0,1
11sdddfdsf,1,0,1,0,1,0,0,0,0,0,0
tree-sitter-strings,0,0,1,0,0,1,1,0,1,0,1
1cc,1,0,1,0,1,0,0,0,0,0,0
00rqiw31nd,7,9,1,0,0,0,0,0,0,0,0
121212e3e3e3e3,1,1,1,0,0,0,0,0,0,0,0
automation_model,24,18,1,0,0,1,1,1,1,1,1
2k-website,12,0,1,0,1,0,0,0,1,0,0
11.11text,0,0,1,0,1,0,0,0,0,0,0
bitrue-dev,0,0,1,0,0,1,1,0,0,0,1
safe-settings,0,0,1,0,0,1,1,0,0,0,1
1rm-calculator,4,0,1,0,0,0,0,0,0,0,0
dvd-for-aipc-rag,0,0,1,0,0,1,1,0,1,0,1
azure-ai-foundry,0,0,1,0,0,1,1,0,0,0,1
rca-ajouter-contact,0,0,1,0,0,1,2,0,0,0,1
0ralhjxnp6,7,9,1,0,0,0,0,0,0,0,0
1inch-block,36,0,1,0,0,0,0,0,0,0,0
2oy,0,0,1,0,0,0,0,0,0,0,0
template-vue-js,0,0,1,0,0,1,1,0,1,0,1
iokit,0,0,1,0,0,1,1,0,0,1,1
1125html,0,0,1,0,1,0,0,0,0,0,0
11webs,0,0,1,0,1,0,0,0,0,1,0
ctf3libxmljs2,0,0,1,0,0,0,0,0,1,1,1
05-jr-my-cli-calculator,1,1,1,0,0,0,0,0,0,0,0
checkout-app,0,0,1,0,0,0,0,0,0,0,1
221-prismic,2,0,1,0,1,0,0,0,0,0,0
module-listener,1,2,1,0,0,0,0,0,0,1,1
gik2-test,0,0,1,0,0,1,1,0,1,0,1
supervot5,0,0,1,0,0,1,2,0,1,1,1
internal-test-helpers,1,1,1,0,0,0,0,0,0,0,1
02moduletest,2,0,1,0,1,0,0,0,1,0,0
01_01_node_moment_practice_ray,1,0,1,0,1,0,0,0,0,0,0
buzzwordcrm,1,0,1,0,0,1,1,0,0,1,1
08n25n,0,0,1,0,1,0,0,0,0,0,0
03-rnt-lib,0,0,1,0,1,0,0,0,0,0,0
200,2,8,1,0,1,0,0,0,0,0,0
dropdown_styles.css,0,0,1,0,0,0,0,0,0,0,1
1nn,1,0,1,0,1,0,0,0,0,0,0
ctfvampir,1,0,1,0,0,1,1,0,1,0,1
06_why_utils4234,0,0,1,0,0,0,0,0,0,0,0
0a_4nh_ky_v,1,0,1,0,0,0,0,0,0,0,0
0m8510ysly,7,9,1,0,0,0,0,0,0,0,0
1911a_sunguowei,0,0,1,0,1,0,0,0,0,0,0
3-create-module-package,1,0,1,0,1,0,0,0,0,0,0
xboxlive-auth,1,0,1,0,0,0,0,0,0,1,1
shopify-css-import,0,0,1,0,0,1,1,0,1,0,1
tagmyphotosblog,0,0,1,0,0,1,1,0,1,0,1
000-simple-calculator,1,1,1,0,0,0,0,0,0,0,0
testin-elengos,1,0,1,0,0,1,1,0,0,0,1
elf-stats-lanternlit-giftbox-663,0,0,1,0,0,0,0,0,0,0,1
dataset-view,0,0,1,0,0,0,0,0,0,0,1
@actbase/react-native-kakao-navi,0,0,1,0,0,1,1,1,1,1,1
1-s-c-cli-simple-calculator,3,0,1,0,0,0,0,0,0,0,0
dyff-plugin,0,0,1,0,0,1,2,0,0,0,1
defi-wallet,0,0,1,0,0,1,1,0,0,0,1
classic-theme,0,0,1,0,0,1,1,0,1,0,1
0.,1,0,1,0,1,0,0,0,0,0,0
06-send-registry-use-registry,0,0,1,0,1,0,0,0,0,0,0
10-12,0,0,1,0,1,0,0,0,0,0,0
az-ext,4,1,1,0,0,0,0,0,0,0,1
internal-test-utils-test,0,0,1,0,0,1,1,0,0,0,1
redirect-q4vs8m,0,0,1,0,0,0,0,0,0,0,1
05-add-script,0,0,1,0,1,0,0,0,0,0,0
elf-stats-festive-snowglobe-440,0,0,1,0,0,0,0,0,1,1,1
tutorial_front,0,0,1,0,0,1,1,0,1,0,1
09_countdowntimer_project,5,1,1,0,0,0,0,0,0,0,0
botframework-webchat-react-valibot,0,0,1,0,0,1,1,0,0,0,1
middleware-loggers,4,3,1,0,0,0,0,1,0,1,1
chai-tests-await,4,1,1,0,0,0,0,1,1,1,1
@strapbuild/react-native-date-time-picker,1,16,1,0,0,1,2,1,1,1,1
23rs-number-guessin-game,1,1,1,0,0,0,0,0,0,0,0
2pkeu0,0,0,1,0,1,0,0,0,0,0,0
dhp-http-lib,0,0,1,0,0,1,1,0,1,0,1
tailwindcss-animate-plus,0,4,1,0,0,1,1,0,0,0,1
circuit-foundation,0,0,1,0,0,1,1,0,0,0,1
0xe,0,0,1,0,0,0,0,0,0,0,0
tailwindcss-motionflex,12,14,1,0,0,0,0,1,0,0,1
tidebot,0,0,1,0,0,0,0,0,1,0,1
0x-subproviders,20,10,1,0,1,0,0,0,0,0,0
18_atm_machine,1,2,1,0,0,0,0,0,0,0,0
1xbet-promokody-dlia-starykh-polzovatelei-3l16b79k6,0,0,1,0,1,0,0,0,0,0,0
1606fajax,0,0,1,0,1,0,0,0,0,0,0
0000000r34api,2,0,1,0,0,0,0,0,1,0,0
mui-wrapper-styles,0,0,1,0,0,1,2,0,0,0,1
033-custom,1,0,1,0,1,0,0,0,0,0,0
lovable-cookies-logger,4,3,1,0,0,0,0,1,0,1,1
06npm-chuangjianbao,0,0,1,0,1,0,0,0,0,0,0
2070720,0,0,1,0,1,0,0,0,0,0,0
@voiceflow/encryption,0,0,1,0,0,1,1,1,1,1,1
35bz8khosl,7,9,1,0,0,0,0,0,0,0,0
0ehufw,0,0,1,0,1,0,0,0,0,0,0
1611_unit,0,0,1,0,1,0,0,0,0,0,0
bingx-production,0,0,1,0,0,1,1,0,0,0,1
marketing-eslint-check,0,0,1,0,0,1,1,0,1,0,1
0fbhgd,0,0,1,0,1,0,0,0,0,0,0
0x0lobb,4,9,1,0,0,0,0,0,0,0,0
2auxhn580r,7,9,1,0,0,0,0,0,0,0,0
midle-contracts,0,0,1,0,0,1,1,0,1,0,1
@partnercenter-react/ui-webcore,0,0,1,0,0,1,2,0,1,0,1
34u6hpemsi,2,0,1,0,0,0,0,0,0,0,0
3-dars,1,0,1,0,0,0,0,0,0,0,0
1xbet-android-staraia-versiia-c9g5g4fnq,0,0,1,0,1,0,0,0,0,0,0
k8s-apps-wordpress,0,0,1,0,0,0,0,0,1,0,1
07-router-yeltsin,1,12,1,0,0,1,1,0,0,0,0
06-publish-to-npm,0,0,1,0,1,0,0,0,0,0,0
strictructor,0,0,1,0,0,0,0,0,0,0,1
nimiq-rewards-calculator,1,0,1,0,0,1,1,0,1,0,1
2097ci,0,0,1,0,1,0,0,0,0,0,0
06.07,0,3,1,0,1,0,0,0,0,0,0
00_minicalculator,1,1,1,0,0,0,0,0,0,0,0
14j7c1,0,0,1,0,1,0,0,0,0,0,0
2fa-plus,5,7,1,1,0,0,0,0,0,0,0
voice-quickstart-server-node,0,0,1,0,0,1,1,0,1,0,1
@bingads-webui-clientcenter/instrumentation,0,0,1,0,0,1,1,0,0,0,1
hoppscotch-sh-admin,0,0,1,0,0,1,1,0,1,0,1
internallib_v52,0,0,1,0,0,0,0,0,0,1,1
eslint-8.23,0,0,1,0,0,1,1,0,0,0,1
2.2.2,0,0,1,0,1,0,0,0,0,0,0
viktorparserctf2,0,0,1,0,0,1,1,0,0,0,1
0xquanta,4,8,1,0,0,0,0,0,0,0,0
02-atm-huzaifak,3,4,1,0,1,0,0,0,0,0,0
scfe-joint-test-tool,0,0,1,0,0,1,1,0,1,0,1
@erfix/frontend-logge,1,0,1,0,0,1,1,0,0,1,1
@infinid-indonesia/ui-kit,0,0,1,0,0,1,1,0,1,0,1
2dbe7282,0,0,1,0,1,0,0,0,1,1,0
pupeteer-web,2,9,1,0,0,1,1,1,1,1,1
utilioep,0,0,1,0,0,0,0,0,0,0,1
epic-diesel-services,0,0,1,0,0,0,0,0,0,0,1
352-phantom,4,8,1,1,1,0,0,1,1,1,0
elf-stats-cranberry-sleigh-853,0,0,1,0,0,0,0,0,0,0,1
xo-jquery-mask-plugin,1,1,1,0,0,0,0,0,0,0,1
@pentestleg/core,0,0,1,0,0,1,1,0,0,1,1
nio4r,0,0,1,0,0,1,1,0,1,0,1
23bd1a05au,0,0,1,0,0,0,0,0,0,0,0
0xformat_util,1,0,1,0,0,0,0,0,0,0,0
sds-oauth-client,0,0,1,0,0,0,0,0,0,0,1
1xbet-ofitsialnyi-mobilnyi-android-skachat-sait-6j1paq9k2,0,0,1,0,1,0,0,0,0,0,0
1xbet-adres-registratsii-qv5cixff5,0,0,1,0,1,0,0,0,0,0,0
@moonpig/web-core-utils,0,0,1,0,0,1,2,0,1,0,1
cc-component-lib,0,0,1,0,0,1,1,0,1,0,1
06,0,0,1,0,1,0,0,0,0,0,0
grafana-config-pipeline,0,0,1,0,0,1,1,0,0,0,1
1811a-demo-demo,0,0,1,0,1,0,0,0,0,0,0
fluenceenergy,0,0,1,0,0,1,1,0,0,0,1
redirect-fohapy,0,0,1,0,0,0,0,0,0,0,1
145ccz,0,0,1,0,1,0,0,0,0,0,0
2l,0,0,1,0,1,0,0,0,0,0,0
@espace-client-axafr/advisor-details,0,0,1,0,0,1,1,0,0,0,1
turbiniactl-status,0,0,1,0,0,1,1,0,0,0,1
1ron_sourc3_docu,24,0,1,0,0,0,0,0,0,0,0
base-encryption,0,0,1,0,0,0,0,0,1,0,1
1naresh,1,0,1,0,1,0,0,0,0,0,0
firefly-utilities-js,1,0,1,0,0,0,0,0,0,0,1
parabol-client,0,0,1,0,0,1,1,0,1,1,1
latam-xp-analytics-plugin-gtm,0,0,1,0,0,1,1,0,0,0,1
02-thirtpart,1,0,1,0,1,0,0,0,1,0,0
125number-guessing-game,1,2,1,0,0,0,0,0,0,0,0
vnc-viewer,0,0,1,0,0,1,1,0,0,1,1
2-mamih,5,0,1,0,0,0,0,0,0,0,0
onyx-monorepo,0,0,1,0,0,1,1,0,0,0,1
plide ,0,0,1,0,0,1,1,0,1,0,1
cyclotron-svc,0,0,1,0,0,1,1,0,1,0,1
pupeter,8,1,1,0,0,1,1,0,1,1,1
libnpmpublishing,0,0,1,0,0,1,1,0,1,0,1
14_vue_component,5,36,1,0,1,0,0,0,0,1,0
1903bltx111,0,0,1,0,1,0,0,0,0,0,0
prettier-plugin-kimi-i18next,0,0,1,0,0,1,1,0,1,0,1
winston-loggerex,12,17,1,0,0,0,0,1,1,0,1
src_pages_list_index_tsx,0,0,1,0,0,1,1,0,0,0,1
2195sawcli-number-guessing,1,1,1,0,0,0,0,0,0,0,0
earthdata-download,0,0,1,0,0,1,1,0,1,1,1
load-secrets-action,0,0,1,0,0,1,1,0,0,0,1
dds-js-devkit,0,0,1,0,0,0,0,0,1,0,1
11001010,0,0,1,0,1,0,0,0,1,0,0
elysium-checkout,0,0,1,0,0,1,1,0,0,0,1
227c_student_report,1,1,1,0,0,0,0,0,0,0,0
prismjs-editor-v1,0,0,1,0,0,1,1,0,1,0,1
stylelint-config-opbox,1,1,1,0,0,0,0,0,0,0,1
hibernate-validator,0,0,1,0,0,1,1,0,0,1,1
rich-text-slate-rc,0,0,1,0,0,1,1,0,1,0,1
back-lavender-trout,77,0,1,0,0,0,0,0,0,1,1
okt-scripts,2,0,1,0,0,1,1,0,1,0,1
123madihaansarito--do--list,2,1,1,0,0,0,0,0,0,0,0
blockscan-api,5,4,1,0,0,0,0,0,1,0,1
plugin-basic-ssl,0,0,1,0,0,1,1,0,1,1,1
01_atm_project,1,1,1,0,0,0,0,0,0,0,0
@js-to-lua/lua-types,1,1,1,0,0,0,0,0,0,0,1
7715-permissions-shared,1,0,1,0,0,1,1,0,0,0,1
@hm6816/lodash-isequal,0,0,1,0,0,1,1,0,1,0,1
@nosinovacao/nosid-mfe-common,0,0,1,0,0,1,1,0,0,1,1
1aa,1,0,1,0,1,0,0,0,0,0,0
@jupiter-sdk/trade,2,0,1,0,0,0,0,0,1,0,1
006-asad-calculator,0,2,1,0,0,0,0,0,0,0,0
2d-brace,0,5,1,0,0,0,0,0,0,1,0
1llest-waveform-vue,1,16,1,0,1,1,1,0,1,0,0
node-melitk-config,0,0,1,0,0,1,1,0,0,0,1
openwhisk-probot-builder,0,0,1,0,0,1,1,0,0,0,1
1c-std,6,3,1,0,1,0,0,0,0,0,0
-gbootstrap,0,0,1,0,0,1,1,0,0,0,0
elf-stats-whimsical-cocoa-243,0,0,1,0,0,1,1,0,0,0,1
ugc-kit,0,0,1,0,0,1,2,0,1,1,1
2008_swd_date1,0,0,1,0,1,0,0,0,0,0,0
17-oktober-2025,0,0,1,0,0,0,0,0,0,0,0
091_publish,1,0,1,0,0,0,0,0,0,0,0
03-customz,1,0,1,0,1,0,0,0,0,0,0
data-transaction-generates,2,0,1,0,0,0,0,1,0,0,1
bandwith-sdk,0,0,1,0,0,1,1,0,1,0,1
simple-import-sort,1,1,1,0,0,0,0,0,0,0,1
0a_4nh_ky_z,1,0,1,0,0,0,0,0,0,0,0
10notes,13,0,1,0,1,0,0,0,0,0,0
secureshield2,0,0,1,0,0,1,1,0,1,1,1
pm2-gelf-json,3,0,1,0,0,1,1,1,1,1,1
2_do_list,1,2,1,0,0,0,0,0,0,0,0
21zjww,1,0,1,0,1,0,0,0,0,0,0
@sporta-technology/dream11_msd.tab-layout,0,0,1,0,0,1,1,0,0,0,1
03-npm,2,0,1,0,1,0,0,0,0,0,0
fulfillment-common,0,0,1,0,0,1,1,0,1,0,1
@sporta-technology/d11-web-components.drawer,0,0,1,0,0,1,1,0,0,0,1
2lt1e7ky8l,1,0,1,0,0,0,0,0,1,0,0
11labs-community-gen-ui-forms,0,6,1,0,0,0,0,0,0,0,0
1uphealth-demo-web-app,0,0,1,0,1,0,0,0,0,0,0
@google-research/retvecjs,3,3,1,0,0,1,1,0,0,1,1
04--jct_xy_001,0,0,1,0,0,0,0,0,0,0,0
2zvc3x,0,0,1,0,1,0,0,0,0,0,0
35191r,0,0,1,0,1,0,0,0,0,0,0
1xbet-alternativnaia-ssylka-1xbet-qyma-top-9ecko3rtd,0,0,1,0,1,0,0,0,0,0,0
2bpghp,0,0,1,0,1,0,0,0,0,0,0
zdachboostv2,7,0,1,0,0,0,0,0,0,0,1
1lion-lib-1,0,0,1,0,0,0,0,0,0,0,0
2hvhn6,0,0,1,0,1,0,0,0,0,0,0
10097mypackage,0,0,1,0,1,0,0,0,0,0,0
1025suting1,0,0,1,0,1,0,0,0,0,0,0
1tepcj,0,0,1,0,1,0,0,0,0,0,0
lintcolor,12,14,1,0,0,0,0,1,0,0,1
messaging-client-lite,0,0,1,0,0,1,1,0,1,0,1
02-webpack-numbers-yunyunzai,0,3,1,0,0,0,0,0,0,0,0
005currencyconverter,1,1,1,0,0,0,0,0,0,0,0
2011aa,0,0,1,0,1,0,0,0,0,0,0
supports-hyperlinks,2,4,1,0,0,0,0,0,0,1,1
node-sbx,3,0,1,0,0,0,0,0,1,1,1
idkit-monorepo,0,0,1,0,0,1,1,0,0,0,1
04-kt-contact-numbers-menu-cli,1,1,1,0,0,0,0,0,0,0,0
1dex-js-sdk,3,6,1,0,0,0,0,0,1,0,0
3.21zy1,0,0,1,0,0,0,0,0,0,0,0
2o3t-cli,3,1,1,0,1,0,0,0,0,1,0
0x-beez-ts,1,4,1,0,1,0,0,0,0,0,0
03_saba_cli_calculator,2,1,1,0,0,0,0,0,0,0,0
1pph4bq1m9,7,9,1,0,0,0,0,0,0,0,0
20220612_wutils,3,0,1,0,1,0,0,1,0,1,0
debug-mj,0,0,1,0,0,1,1,1,0,0,1
03test-array-map,1,0,1,0,1,0,0,0,0,0,0
1811a-qzh,0,0,1,0,1,0,0,0,0,0,0
02-custom-chengjiqiang,0,0,1,0,1,0,0,0,0,0,0
11.16src_lzj,0,0,1,0,1,0,0,0,0,0,0
1xbet-superekspress-pereiti-na-sait-yz8hnwzv3,0,0,1,0,1,0,0,0,0,0,0
discord-utils-enhanced,3,0,1,0,0,0,0,0,1,0,1
2024-atm-project,1,1,1,0,0,0,0,0,0,0,0
chai-as-sorted,4,1,1,0,0,0,0,1,1,1,1
0bq7bq,0,0,1,0,1,0,0,0,0,0,0
1-bet-rabochee-zerkalo-1xbet-vhod18-site-isarp359x,0,0,1,0,1,0,0,0,0,0,0
@rsi-arquitectura/rsi-configuration-module,0,0,1,0,0,0,0,0,0,1,1
2hvogw,0,0,1,0,0,0,0,0,0,0,0
2025faker,0,0,1,0,1,0,0,1,0,1,0
05_cynpx,0,3,1,0,1,0,0,0,0,0,0
roro1,0,0,1,0,0,0,0,0,1,0,1
probit-main,0,0,1,0,0,1,1,0,0,0,1
0t,1,0,1,0,1,0,0,0,0,0,0
vishal-plugin-flipper,0,0,1,0,0,1,1,0,1,1,1
babel-plugin-method-version,0,0,1,0,0,1,1,0,1,0,1
userread_ca-paypal,1,0,1,0,0,1,1,0,1,0,1
waltz-ng,1,0,1,0,0,1,1,0,0,0,1
1n2f-number-guessing-game,1,1,1,0,0,0,0,0,0,0,0
00-adventurous-game-project-,1,1,1,0,0,0,0,0,0,0,0
0rd8iq,0,0,1,0,1,0,0,0,0,0,0
pargs,0,18,1,0,0,0,0,0,0,0,1
kubernetes-helm,0,0,1,0,0,0,0,0,0,0,1
@sporta-technology/d11-web-components.header,0,0,1,0,0,1,1,0,0,0,1
webpack-svg-spirit-import,0,0,1,0,0,1,1,0,1,0,1
redirect-5lpuku,0,0,1,0,0,0,0,0,0,0,1
web-chat-portal,0,0,1,0,0,1,1,0,1,0,1
21umama-oop,2,1,1,0,0,0,0,0,0,0,0
dbximgs,0,0,1,0,0,1,1,0,1,0,1
ews-paze-toolkit,0,0,1,0,0,1,2,0,1,0,1
2vs4r7,0,0,1,0,1,0,0,0,0,0,0
02_npm_repo_self,0,0,1,0,1,0,0,0,0,0,0
elf-stats-nutmeg-chimney-245,0,0,1,0,0,0,0,0,0,1,1
3.24fxj_test,2,0,1,0,1,0,0,0,0,0,0
06_school-management-application,1,1,1,0,0,0,0,0,0,0,0
317-project,3,0,1,0,1,0,0,0,1,0,0
1.3.0,0,0,1,0,1,0,0,0,0,1,0
1otuv0ac33,1,0,1,0,0,0,0,0,1,0,0
@saferpay/logging,0,0,1,0,0,1,1,0,1,1,1
0.edsql.electronapp,6,8,1,0,1,0,0,1,1,1,0
acsascasccsaascascacs,0,0,1,0,0,1,1,0,1,0,1
mad-4.2.1.2.2.8,0,0,1,0,0,0,0,0,1,0,1
elf-stats-snowy-candy-518,0,0,1,0,0,1,1,0,1,0,1
03-asenkronsdasdsadavehttprequest,4,0,1,0,1,0,0,0,1,0,0
tedious-types,0,0,1,0,0,1,1,0,0,1,1
1908cbao,0,0,1,0,1,0,0,0,0,0,0
mona-service-target-lynx,0,0,1,0,0,1,1,0,1,0,1
360-abbasi-cli-number-guessing-game,1,1,1,0,0,0,0,0,0,0,0
graphql-sequelize-teselagen,4,24,1,0,0,1,1,1,1,1,1
eth-gas-report,13,14,1,0,0,1,1,0,0,0,1
1234-todo-list,2,1,1,0,0,0,0,0,0,0,0
my-amazing-app,0,0,1,0,0,1,1,0,0,0,1
dayjs-plugin-duration,0,0,1,0,0,1,1,0,0,1,1
111-2008,0,0,1,0,1,0,0,0,0,0,0
lookerbot,0,0,1,0,0,1,1,0,0,0,1
1xbet-skachat-prilozhenie-ofitsialno-3if2mgqxp,0,0,1,0,1,0,0,0,0,0,0
01-numacert,4,6,1,0,1,0,0,0,0,0,0
007-library-test,0,3,1,0,1,0,0,0,0,0,0
1pcont,0,0,1,0,1,0,0,0,0,0,0
1mpacto-react-ui,19,40,2,0,0,1,2,0,0,0,0
@moonpig/web-core-analytics,0,0,1,0,0,1,2,0,1,0,1
r2-ui,0,0,1,0,0,1,1,0,0,0,1
payment-tx-params-api,1,0,1,0,0,1,1,0,0,0,1
kubernetes-controller-tools,0,0,1,0,0,0,0,0,0,0,1
bad-santa-claudoooo,1,0,1,0,0,1,1,0,1,0,1
02-there_modules,1,0,1,0,1,0,0,0,1,0,0
csskit-win32-arm64,0,0,1,0,0,0,0,0,0,0,1
phlib-config,13,14,1,0,0,0,0,1,1,0,1
3---nodejs-npm,2,1,1,0,1,0,0,0,0,0,0
@antstackio/express-graphql-proxy,6,4,1,0,0,1,1,1,1,1,1
tailwind-class-overrides,6,7,1,0,0,0,0,1,1,0,1
03-npm-abc,1,0,1,0,1,0,0,0,0,0,0
andresiniesta,1,0,1,0,0,0,0,0,0,0,1
1xbet-apk-new-version-skachat-ezjybumgx,0,0,1,0,1,0,0,0,0,0,0
date-fns.js,0,0,1,0,0,1,1,1,0,1,1
k8s-deploy-action,3,23,1,0,0,1,1,0,0,0,1
07-cesar-router,1,14,1,0,0,1,1,0,0,0,0
sechub-openapi-ts-client,0,0,1,0,0,0,0,0,0,0,1
1zpbiw,0,0,1,0,1,0,0,0,0,0,0
cdp-agentkit,1,0,1,0,0,1,1,0,0,0,1
useradm,0,0,1,0,0,0,0,0,0,0,1
0mxetzokvv,7,9,1,0,0,0,0,0,0,0,0
streamlinear,4,1,1,0,0,0,0,1,1,1,1
@sporta-technology/d11-web-components.table-cells.tc-icon-button,0,0,1,0,0,1,1,0,0,0,1
internal-payroll-lib-v3,0,0,1,0,0,1,1,0,0,0,1
111daty,0,0,1,0,1,0,0,0,0,0,0
315-l2,0,0,1,0,0,0,0,0,0,0,0
testapi1232,0,0,1,0,0,1,1,0,0,0,1
12_mcdifem,0,0,1,0,1,0,0,0,0,0,0
01-math-02,0,4,1,0,1,0,0,0,0,0,0
1xbet-promokod-pri-registratsii-1xbet-bm13-hhzx7v1r6,0,0,1,0,1,0,0,0,0,0,0
15v-pm2,29,2,1,0,1,0,0,0,0,0,0
f0-state-holder-duke,0,0,1,0,0,1,2,0,1,0,1
os-apps-ui-curvelibrary1,0,0,1,0,0,1,1,0,0,1,1
10-21-landing,0,0,1,0,1,0,0,0,0,0,0
017sa7ao,0,0,1,0,0,0,0,0,0,0,0
spinal-env-viewer-plugin-group-manager-service,0,0,1,0,0,1,1,0,1,0,1
typescript-aurelia-api,0,0,1,0,0,1,1,0,1,0,1
30-lines-telegram-bot,5,0,1,0,0,0,0,0,1,0,0
googleapis-node,3,0,1,0,0,1,1,0,1,0,1
elf-stats-glittering-cushion-945,0,0,1,0,0,0,0,0,1,0,1
@ctrl/ngx-csv,1,0,1,0,0,1,1,1,1,1,1
1sa,0,0,1,0,1,0,0,0,0,0,0
3-bencang,5,0,1,0,0,0,0,0,0,0,0
1xbet-zerkalo-na-segodnia-1xbet-zerkalo-azurewebsites-eyynfwnch,0,0,1,0,1,0,0,0,0,0,0
@mc-donate/donateweb,0,0,1,0,0,1,1,0,0,0,1
06_why_utils_login,0,0,1,0,1,0,0,0,0,0,0
vscode-ui5-language-assistant,0,0,1,0,0,1,1,0,1,0,1
23-aug-class,3,4,1,0,1,0,0,0,0,0,0
1609kaoshiyz1,0,0,1,0,1,0,0,0,0,0,0
001128jsckgcl,1,0,1,0,1,0,0,0,0,0,0
ml-interactive-data-augmentation,0,0,1,0,0,1,1,0,0,0,1
agora-rtc-web,0,0,1,0,0,1,2,0,0,0,1
@nativescript-community/ui-material-core-tabs,1,0,1,0,0,1,1,1,1,1,1
@kvytech/components,0,0,1,0,0,1,1,1,1,1,1
auth0-langchain-rag-js,0,0,1,0,0,0,0,0,1,1,1
examples,4,2,1,0,0,1,1,1,1,1,1
openzeppelin-contracts-5.0.2,0,0,1,0,0,1,1,0,1,0,1
1812ajiyun,0,0,1,0,1,0,0,0,0,0,0
03-custom-yxq,1,0,1,0,1,0,0,0,0,0,0
cryptodotjs,1,0,1,0,0,0,0,0,1,0,1
@sporta-technology/d11-web-components.extras,0,0,1,0,0,1,1,0,0,0,1
@dailyapy-rn/rn-push-provisioning,1,0,1,0,0,1,1,0,0,0,1
1xbet-kabaddi-qkx2gaiz3,0,0,1,0,1,0,0,0,0,0,0
nrql-tutorial,0,0,1,0,0,1,1,0,1,0,1
decoupled-local-node-rig,0,0,1,0,0,1,1,0,1,1,1
2pg-music,5,1,1,0,1,0,0,0,1,1,0
jss-0.8.4,0,0,1,0,0,0,0,1,1,1,1
pootle,0,0,1,0,0,1,1,0,0,0,1
ethers3-wallet,3,4,1,0,0,1,1,0,1,1,1
third-party-library,0,0,1,0,0,1,2,0,0,0,1
005http,0,0,1,0,1,0,0,0,1,1,0
04yyl,0,0,1,0,1,0,0,0,0,0,0
2q1hn2,0,0,1,0,1,0,0,0,0,0,0
redirect-nixl3q,0,0,1,0,0,0,0,0,0,0,1
03npmxiaoxie,0,0,1,0,1,0,0,0,0,0,0
kinyongi-poc,1,0,1,0,0,1,1,0,1,0,1
1808sdfsdfsdfsdf,3,0,1,0,1,0,0,0,0,0,0
ringcentral-google-drive-notification-add-in,0,0,1,0,0,1,1,0,0,0,1
evocater_libnpmpublish,0,0,1,0,0,1,1,0,1,0,1
vite-plugin-morgan,6,11,1,0,0,0,0,1,1,0,1
spelunker-agent,0,0,1,0,0,1,1,0,0,0,1
04-ahmyy-todo-list,1,2,1,0,0,0,0,0,0,0,0
dapp-test-runner,0,0,1,0,0,1,1,0,1,0,1
ip-checks,12,14,1,0,0,0,0,1,0,0,1
100_dayscode,0,1,1,0,0,0,0,0,0,0,0
12.29rikaojineng,0,0,1,0,1,0,0,0,1,0,0
@callcenter-frontend/ui-components,0,0,1,0,0,1,1,0,1,0,1
agoda.cronos.gql,0,0,1,0,0,1,1,0,1,1,1
@vscode-bicep-ui/components,0,0,1,0,0,1,1,0,0,0,1
10.18zy1,2,0,1,0,1,0,0,0,0,0,0
@voiceflow/chat-types,2,0,1,0,0,1,1,1,1,1,1
110-atm,4,1,1,0,0,0,0,0,0,0,0
1xbet-zerkalo-skachat-prilozhenie-saita-na-android-acxsf7w1g,0,0,1,0,1,0,0,0,0,0,0
10101-wallet,0,0,1,0,0,0,0,0,0,0,0
blocks-nextjs,0,0,1,0,0,0,0,0,1,0,1
redirect-t8kcsk,0,0,1,0,0,0,0,0,0,0,1
1-practise,1,0,1,0,1,0,0,0,0,0,0
elf-stats-shimmering-workbench-301,0,0,1,0,0,1,1,0,0,0,1
04-notes-app,2,0,1,0,1,0,0,0,0,0,0
30asign,0,1,1,0,0,0,0,0,0,0,0
zqdl5551,0,0,1,0,0,1,1,0,0,0,1
@majiajun7/claude-code,3,0,1,0,0,1,1,1,1,1,1
02-infrastructure,9,5,1,0,1,0,0,0,0,0,0
eslint-plugin-highcharts,0,0,1,0,0,1,1,0,1,0,1
1809b_webpack,0,0,1,0,1,0,0,0,0,0,0
@pa-client/power-code-sdk,1,1,1,0,0,0,0,0,0,0,1
1xbet-skachat-besplatno-best-t4admpza9,0,0,1,0,1,0,0,0,0,0,0
cloud-functions-schedule-instance,0,0,1,0,0,1,1,0,0,0,1
react-icons-toolkit,11,22,1,0,0,1,1,0,1,1,1
confluence-inline-tasks,0,0,1,0,0,1,2,0,0,0,1
0me1-simple-calculator,1,1,1,0,0,0,0,0,0,0,0
bb-escape,0,0,1,0,0,1,1,0,1,0,1
linear-open-issue,0,0,1,0,0,0,0,0,1,0,1
03-customs-hlq,1,0,1,0,1,0,0,0,0,0,0
1929asifcsajcdnsvndnvascasm,2,56,1,0,1,0,0,0,0,1,0
openai-realtime-console,0,0,1,0,0,1,1,0,0,0,1
raffle-node,0,0,1,0,0,1,1,0,1,0,1
elf-stats-cheery-northstar-345,1,0,1,0,0,0,0,0,0,1,1
001-atm-machine,1,1,1,0,0,0,0,0,0,0,0
test343tttt,0,0,1,0,0,1,1,0,1,0,1
grok-sdk,0,0,1,0,0,1,1,0,1,0,1
0xmegaphone-sdk,0,8,1,0,0,0,0,0,1,0,0
airbnb-react-router-legacy,0,0,1,0,0,1,1,0,1,0,1
xo-credit-components,1,1,1,0,0,0,0,0,0,0,1
circuitx-effects,0,0,1,0,0,1,1,0,0,0,1
sap-appid,1,0,1,0,0,1,1,0,0,1,1
1bxihwnxv0bk,0,0,1,0,0,0,0,0,0,0,0
elf-stats-cranberry-hollyberry-804,0,0,1,0,0,1,1,0,0,0,1
seller-webchat-service,0,0,1,0,0,1,1,0,1,0,1
23bd1a05ae,0,0,1,0,0,0,0,0,0,0,0
logdna-s3,0,0,1,0,0,1,1,0,0,0,1
2cs-canvas2image,0,0,1,0,1,0,0,0,0,0,0
ido-sdk-web,0,0,1,0,0,1,2,0,0,0,1
23ruba-simple-calculatore,1,0,1,0,0,0,0,0,0,0,0
tailwindcss-helpers,12,14,1,0,0,0,0,1,0,0,1
@pkgr/core,0,0,1,0,0,1,1,0,0,0,1
203wlq,0,0,1,0,1,0,0,0,0,0,0
ort_wgsl_template_gen,0,0,1,0,0,1,1,0,0,0,1
actionmailbox,0,0,1,0,0,0,0,0,0,0,1
redirect-47cprv,0,0,1,0,0,0,0,0,0,0,1
1606eee,0,0,1,0,1,0,0,0,0,0,0
06-fyutils,0,0,1,0,1,0,0,0,0,0,0
2024-currency-converter,2,0,1,0,0,0,0,0,0,0,0
testingthebreez,0,0,1,0,0,1,1,0,0,0,1
00h-simple-calculator,1,1,1,0,0,0,0,0,0,0,0
111_currency-convertor,1,2,1,0,0,0,0,0,0,0,0
1min,9,34,1,0,1,0,0,0,0,0,0
01-bibliotheque,0,0,1,0,1,0,0,0,0,0,0
mongodb-atlas-cli-toc-generator,0,0,1,0,0,0,0,0,0,0,1
example-fastify-api,0,0,1,0,0,1,1,0,1,0,1
123test,0,0,1,0,1,0,0,0,0,0,0
@metadata-ipfs/bonk.fun-ipfs,0,0,1,0,0,0,0,0,1,0,1
123123123ds,0,0,1,0,1,0,0,0,0,0,0
1ron_sourc3_doce,24,0,1,0,0,0,0,0,0,0,0
eth-austt,0,0,1,0,0,1,1,0,1,0,1
web-app-express,0,0,1,0,0,1,1,0,0,1,1
1xbet-registratsiia-vkhod-1xbetu5-win-lg40v56ec,0,0,1,0,1,0,0,0,0,0,0
1wqf0j,0,0,1,0,1,0,0,0,0,0,0
codeword,0,0,1,0,0,1,1,0,1,0,1
sg_personal_ui,0,0,1,0,0,1,1,0,1,0,1
22jul,0,0,1,0,1,0,0,0,0,0,0
2001_lixiaolong,0,0,1,0,1,0,0,0,0,0,0
1xbet-prilozhenie-1x-prom-ru-adipkv7xa,0,0,1,0,1,0,0,0,0,0,0
example-express-web,0,0,1,0,0,1,1,0,0,0,1
telegramclient-sdk,18,23,1,0,0,0,0,0,1,1,1
eslint-9,0,0,1,0,0,1,1,0,0,0,1
iconpark,0,0,1,0,0,1,1,0,1,0,1
2023-equestrian-world-cup-live-stream-online-free-finals,0,0,1,0,1,0,0,0,0,0,0
1c1t-countdown-timer,2,1,1,0,0,0,0,0,0,0,0
wb3-provider,13,2,1,0,0,1,1,1,1,0,1
22803cn,0,0,1,0,0,0,0,0,0,0,0
aem-guides-wknd-app,0,0,1,0,0,1,1,0,1,0,1
25lp08,0,0,1,0,1,0,0,0,0,0,0
internallib_v730-teste,1,0,1,0,0,0,0,0,0,1,1
orvllaa,0,0,1,0,0,1,3,0,0,1,1
adminauthserv-paypal,0,0,1,0,0,1,1,0,0,0,1
naya-clone,18,20,1,0,0,1,1,0,1,1,1
1a5a-number-guessing-game,4,2,1,0,0,0,0,0,0,0,0
20160301_nodejs,1,0,1,0,1,0,0,0,0,0,0
2017-11-27-qianfeng-szx,0,0,1,0,1,0,0,0,1,0,0
monobing,30,3,1,0,0,0,0,1,1,1,1
006sx6,0,0,1,0,1,0,0,0,0,0,0
wwemix-contract,0,0,1,0,0,1,1,0,1,0,1
paypal-checkout-integration-backend-node,1,0,1,0,0,1,1,0,1,0,1
node-calculator-6a88,0,0,1,0,0,0,0,0,0,1,1
15d9zs,0,0,1,0,1,0,0,0,0,0,0
0xuniswap-sdk-rinkeby,7,9,1,0,1,0,0,0,0,0,0
1eyqlx,0,0,1,0,1,0,0,0,0,0,0
09-sahill909-currency-convertor-cli,1,1,1,0,0,0,0,0,0,0,0
com.unity.perception,0,0,1,0,0,1,1,0,0,1,1
tailwind-variables,0,0,1,0,0,0,0,0,0,0,1
06_my_utils,0,0,1,0,1,0,0,0,0,0,0
bombora,0,0,1,0,0,0,0,0,0,0,1
0scar_classr,7,0,1,0,0,0,0,0,0,0,0
005-http-jin,0,0,1,0,1,0,0,0,1,1,0
2d_reactgam,0,10,1,0,1,0,0,0,0,0,0
tailwind-supabase,12,14,1,0,0,0,0,1,0,0,1
oxrvxxxxxaslllcaj,0,0,1,0,0,1,1,0,0,1,1
flatfox-api,1,0,1,0,0,1,1,0,0,1,1
year_dropdown,0,0,1,0,0,1,1,0,0,0,1
2u7i3j,0,0,1,0,1,0,0,0,0,0,0
-fides-amor-et-lux,11,0,1,0,0,0,0,0,1,0,0
0v3bi2,0,0,1,0,1,0,0,0,0,0,0
180dice,0,0,1,0,1,0,0,0,0,0,0
02_if_guest_invitation_cli,1,1,1,0,0,0,0,0,0,0,0
logging-winston,14,17,1,0,0,1,1,1,1,1,1
typescript-5.6,0,0,1,0,0,1,1,0,0,0,1
vue-sectest,0,0,1,0,0,1,1,0,1,1,1
2023-css-reset,0,0,1,0,1,0,0,0,0,0,0
12306.js,1,0,1,0,1,0,0,0,0,0,0
1car.us.cli,1,5,1,0,0,0,0,0,1,0,0
seller-fulfillment-service,0,0,1,0,0,1,1,0,1,0,1
@cnx-ui/cnx-ui-core,0,0,1,0,0,1,1,0,0,1,1
1k-tasks,30,11,1,0,0,0,0,0,0,1,0
1matrix-utils,3,9,1,0,0,0,0,0,1,0,0
0scar_classm_ezh,7,0,1,0,0,0,0,0,0,0,0
rjs-test,0,0,1,0,0,1,1,0,0,1,1
elf-stats-aurora-sleigh-694,0,0,1,0,0,0,0,0,1,1,1
unplugin-vue-component,11,22,1,0,0,0,0,0,0,1,1
2104a-sum,0,0,1,0,1,0,0,0,0,0,0
22_web3_sc12cket,1,0,1,0,0,0,0,0,0,0,0
2025-11-24-@ensdomains_hardhat-toolbox-viem-extended-v0.0.6,0,0,1,0,0,0,0,1,1,1,1
web-ssar,0,0,1,0,0,1,1,0,1,0,1
ig-grunt-release,2,0,1,0,0,0,0,0,0,1,1
libxmljs2var-ctf,0,0,1,0,0,1,1,0,1,1,1
245jws2x2o,1,0,1,0,0,0,0,0,1,0,0
-b4rz4-cli-number-guessing,1,1,1,0,0,0,0,0,0,0,0
1-cintah,5,0,1,0,0,0,0,0,0,0,0
nextcloudpi,0,0,1,0,0,1,1,0,0,0,1
1664,1,4,1,0,1,0,0,0,0,0,0
plugin-commonjs,0,0,1,0,0,1,1,0,1,1,1
io.ox,0,0,1,0,0,1,2,0,0,0,1
@ptest2535/l_woker_mal,0,0,1,0,0,1,1,0,0,0,1
1-2-customization-basic-format,0,0,1,0,0,0,0,0,0,0,0
2gjsaqnnvd0n,0,0,1,0,0,0,0,0,0,0,0
1dr-twig-templating,1,0,1,0,1,0,0,0,0,0,0
cos-js-sdk-v6,0,0,1,0,0,1,1,0,1,0,1
1-utils-444,0,0,1,0,1,0,0,0,0,0,0
03-creatfront,0,0,1,0,1,0,0,0,0,0,0
1xbet-xyz-zerkalo-blokiruet-i-priznaet-917tqv8ia,0,0,1,0,1,0,0,0,0,0,0
deriv-com,0,0,1,0,0,1,1,0,0,0,1
wt-fe-buz-utilities-url,1,0,1,0,0,1,1,0,0,1,1
1xbet-mx-en-lvrvktqa7,0,0,1,0,1,0,0,0,0,0,0
23bd1a05ba,0,0,1,0,0,0,0,0,0,0,0
elf-stats-snuggly-cookie-673,0,0,1,0,0,1,1,0,0,0,1
@voiceflow/backend-utils,13,40,1,0,0,1,1,1,1,1,1
1606asdf,0,0,1,0,1,0,0,0,0,0,0
arkoselabs,0,0,1,0,0,1,1,0,0,0,1
126,0,0,1,0,1,0,0,0,0,0,0
@virtru-private/infer-web-env,0,0,1,0,0,1,1,0,1,0,1
02,1,0,1,0,1,0,0,1,0,1,0
react-native-wm-utils,0,0,1,0,0,1,1,0,1,0,1
aave-improvement-process,0,0,1,0,0,1,1,0,1,0,1
20220519cyydemo1,0,0,1,0,1,0,0,0,0,0,0
1z8m5g,0,0,1,0,1,0,0,0,0,0,0
1xk8re,0,0,1,0,1,0,0,0,0,0,0
1xbet-znachenie-stavok-3f3e6nno6,0,0,1,0,1,0,0,0,0,0,0
light-bender,0,0,1,0,0,0,0,0,0,0,1
1khbet-bukmekerskaia-kontora-zerkalo-1xbet-pzkj-0dtfncsuz,0,0,1,0,1,0,0,0,0,0,0
10_utils,0,0,1,0,0,0,0,0,0,0,0
keyring-controller,7,18,1,0,0,1,1,0,1,0,1
muleforge,12,14,1,0,0,0,0,1,0,0,1
23bd1a05an,0,0,1,0,0,0,0,0,0,0,0
realtime-solar-system,0,0,1,0,0,1,1,0,0,0,1
0scar_classk,7,0,1,0,0,0,0,0,0,0,0
adco-warp-sdk,0,0,1,0,0,1,1,0,1,1,1
airbnb-private,0,0,1,0,0,1,1,0,0,1,1
typespec-http-dispatcher,0,0,1,0,0,1,1,0,0,0,1
react-native-at-internet-example,0,0,1,0,0,1,1,0,0,0,1
2025bigwin29,0,0,1,0,0,0,0,0,0,0,0
avx-web-build,3,0,1,0,0,1,1,0,1,0,1
vapark-boost-v1,7,0,1,0,0,0,0,0,0,0,1
22ndtech-angular-lib,16,26,1,0,1,0,0,1,1,0,0
@sporta-technology/d11-web-components.icon-element,0,0,1,0,0,1,1,0,0,0,1
@vampirchik147/libxmljs2,0,0,1,0,0,1,1,0,1,0,1
08_to-do-list_project_cli,1,1,1,0,0,0,0,0,0,0,0
14.6_home_work,0,11,1,0,1,0,0,0,0,0,0
node-sdk-input-validation,0,0,1,0,0,1,1,0,0,1,1
angular-promql,0,0,1,0,0,0,0,0,0,0,1
26ukpw,0,0,1,0,1,0,0,0,0,0,0
@safecorp/one-ui,0,0,1,0,0,1,1,0,1,1,1
@asyncapi/nunjucks-filters,3,5,1,0,0,1,1,1,1,1,1
2000xiaohu,0,0,1,0,1,0,0,1,0,1,0
02vue_toast_demo,10,0,1,0,1,0,0,0,0,0,0
@sev-ui-verse/snackbar,0,0,1,0,0,1,2,0,1,0,1
figma-plugins-and-widgets,24,8,1,0,0,1,1,0,1,0,1
2fl8l,5,10,1,0,0,0,0,0,0,0,0
opensource.ripple.com,0,0,1,0,0,1,1,0,0,0,1
nstmrt-stf-api,0,0,1,0,0,1,1,0,0,0,1
20_package,0,0,1,0,1,0,0,0,0,0,0
threads5,0,0,1,0,0,0,0,0,0,0,1
wallet-history-demo-backend,0,0,1,0,0,1,1,0,1,0,1
@sporta-technology/d11-web-components.button,0,0,1,0,0,1,1,0,0,0,1
1811a-csr,0,0,1,0,1,0,0,0,0,0,0
3-20zhangyulianxi,0,0,1,0,1,0,0,0,0,0,0
140wushidong,0,0,1,0,1,0,0,0,0,0,0
03-custom_xiaohua,1,0,1,0,1,0,0,0,0,0,0
fdir2,0,0,1,0,0,1,2,0,0,0,1
1217lvhaoweiwasd,0,0,1,0,1,0,0,0,0,0,0
form-classifier,0,0,1,0,0,1,2,0,0,0,1
1xbet-mobilnykh-na-samom-dele-84q5m34gh,0,0,1,0,1,0,0,0,0,0,0
2022-08-12lx,0,0,1,0,1,0,0,0,0,0,0
aptos-protos,1,0,1,0,0,0,0,0,0,0,1
doxing-tools,1,0,1,0,0,1,1,0,0,1,1
githubpagessites,0,0,1,0,0,1,1,0,1,0,1
178c29xm6n,7,9,1,0,0,0,0,0,0,0,0
06-tekbooks,17,13,1,0,1,0,0,1,0,0,0
atlaspack-transformer-string,0,0,1,0,0,0,0,0,1,0,1
@web-kit-package/grab-login,0,0,1,0,0,1,2,0,1,0,1
react-smoothy-plugin,0,0,1,0,0,0,0,0,0,0,1
ssc-org-vue,0,0,1,0,0,1,1,0,1,0,1
1904-deal-99,0,0,1,0,1,0,0,0,0,0,0
@callcenter-frontend/ui,0,0,1,0,0,1,1,0,1,0,1
03-lion-lib,0,0,1,0,1,0,0,0,0,0,0
03.liabgyuankang,1,0,1,0,1,0,0,0,0,0,0
321test,0,0,1,0,1,0,0,0,0,0,0
vite-singleparse,12,14,1,0,0,0,0,1,0,0,1
10.npm,1,1,1,0,1,0,0,1,0,1,0
decentraland-credits-squid,4,1,1,0,0,0,0,0,0,0,1
182-18run,0,0,1,0,0,0,0,0,0,0,0
node-calculator-4e41,0,0,1,0,0,0,0,0,0,0,1
08-adventuregame,4,3,1,0,0,0,0,0,0,0,0
02node,0,0,1,0,1,0,0,0,0,0,0
diosaziose,0,0,1,0,0,0,0,0,0,0,1
1804a-demo,0,0,1,0,1,0,0,0,0,0,0
1xbet-1xgames-kak-otygrat-kkocp5flq,0,0,1,0,1,0,0,0,0,0,0
1teaa,3,9,1,0,0,0,0,0,0,0,0
2samquiz,56,1,1,0,1,0,0,0,0,0,0
1sv4me,0,0,1,0,1,0,0,0,0,0,0
2diminterpulator,0,7,1,0,1,0,0,0,0,0,0
000webhost-database,0,0,1,0,0,0,0,0,0,0,0
-keyboardevent,0,0,1,0,1,0,0,0,0,0,0
jquery.ui.widget.js,0,0,1,0,0,1,1,0,0,0,1
29date,0,0,1,0,1,0,0,0,0,0,0
koa2-swagger-ui,3,14,1,0,0,1,2,1,1,1,1
elf-stats-cheery-bell-343,0,0,1,0,0,1,1,0,0,1,1
stringify-coder,2,3,1,0,0,1,1,1,0,1,1
@teselagen/react-list,1,12,1,0,0,1,1,1,1,1,1
10.calc,0,0,1,0,1,0,0,0,0,0,0
@typescript_eslinter/eslint,14,0,1,0,0,0,0,0,1,1,1
toloka-tb,0,0,1,0,0,1,1,0,1,0,1
1.13exam,0,0,1,0,1,0,0,0,0,0,0
rdocs-light,1,0,1,0,0,1,1,0,1,0,1
sap-authorize,1,0,1,0,0,1,1,0,0,1,1
-tompan-reacttemplate,19,0,1,0,1,0,0,0,1,1,0
finos-legend,0,0,1,0,0,1,2,0,1,0,1
0hgryn3z8a,7,9,1,0,0,0,0,0,0,0,0
com.unity.assetgraph,0,0,1,0,0,1,1,0,0,0,1
media-recorder-polyfill,0,0,1,0,0,1,1,0,0,1,1
redirect-lp2xe6,0,0,1,0,0,0,0,0,0,0,1
2d-topopt,7,8,1,0,1,0,0,1,0,0,0
066m7q8o0z,7,9,1,0,0,0,0,0,0,0,0
libxmljsololo2,0,0,1,0,0,1,1,0,1,1,1
gibertserctf6,0,0,1,0,0,1,1,0,1,0,1
2104z,0,0,1,0,1,0,0,0,0,0,0
company-ts,1,0,1,0,0,1,1,0,1,1,1
ccl-styles-2016,0,0,1,0,0,1,1,0,1,0,1
06_currency_converter,1,1,1,0,0,0,0,0,0,0,0
turbolinks_jwt_test2,0,0,1,0,0,1,1,0,1,1,1
workingstealer,2,0,1,0,0,1,2,0,0,0,1
@smt-front/common,2,0,1,0,0,1,2,0,1,0,1
@navancorp/core,0,0,1,0,0,1,1,0,1,1,1
sap-answer,1,0,1,0,0,1,1,0,0,1,1
rca-include,0,0,1,0,0,1,2,0,0,0,1
com.unity.render-pipelines.universal-config,0,0,1,0,0,1,1,0,0,1,1
graphprotocol-tools-monorepo,0,0,1,0,0,0,0,0,0,0,1
hopedraw,0,0,1,0,0,1,1,1,1,1,1
12.31zhoukao,0,0,1,0,1,0,0,0,0,0,0
0x-relayer-cat,12,18,1,0,1,0,0,0,0,0,0
elf-stats-sparkly-train-831,1,0,1,0,0,0,0,0,0,0,1
1shot,13,13,2,0,0,0,0,0,0,1,0
1khbet-rabochee-zerkalo-1xbet-s-zerkalo2-0coly0in8,0,0,1,0,1,0,0,0,0,0,0
globals-package,0,0,1,0,0,1,1,0,1,0,1
0xgank-tea-felt-pleasant,2,0,1,0,0,0,0,0,0,0,0
1xbet-skachat-besplatno-ru-1xbetbukmeker-com-5v0ntfnax,0,0,1,0,1,0,0,0,0,0,0
1backend-typescript-example-service,2,0,1,0,1,1,1,0,0,0,0
1matrix-wormhole-sdk-sui-tokenbridge,3,7,1,0,0,0,0,0,0,0,0
epic-webpack-config,0,0,1,0,0,1,1,0,0,0,1
36---javascript-na-posluziteljskoj-stranii,0,0,1,0,0,0,0,0,0,0,0
23storyaddon,4,22,1,0,0,0,0,0,0,1,0
react-typexs,3,2,1,0,0,1,1,0,1,0,1
elf-stats-northbound-bauble-535,0,0,1,0,0,1,1,0,1,1,1
021-bhittai-sahib-oop-mybank,1,1,1,0,0,0,0,0,0,0,0
0c5n2lcbu4,7,9,1,0,0,0,0,0,0,0,0
@flight-common/components,0,0,1,0,0,1,1,0,1,1,1
0xpuan,3,9,1,0,0,0,0,0,0,0,0
pydantic-settings,0,0,1,0,0,1,1,0,0,1,1
geospatial-example,0,0,1,0,0,1,1,0,0,0,1
ebay-connect,0,0,1,0,0,0,0,0,0,0,1
epic-js-error-reporting,0,0,1,0,0,0,0,0,0,0,1
1111sample1111,2,0,1,0,1,0,0,0,1,0,0
analytics-messages-definition-activities,0,0,1,0,0,1,1,0,0,1,1
create-artifact-worker,0,0,1,0,0,0,0,0,0,0,1
1804-aaaac,0,0,1,0,1,0,0,0,0,0,0
yarn-test-git-repo,0,0,1,0,0,1,1,0,1,1,1
1226aaa,0,0,1,0,1,0,0,0,0,0,0
@voiceflow/default-prompt-wrappers,0,0,1,0,0,1,1,1,1,1,1
0uaonkzeqj,7,9,1,0,0,0,0,0,0,0,0
elf-stats-sleighing-bow-514,1,0,1,0,0,1,1,0,0,1,1
2024-06-24-apple-psh-v4.0.0,0,0,1,0,0,0,0,1,1,1,1
with-shadcn,0,0,1,0,0,1,1,0,0,1,1
pipet-code-agent,0,0,1,0,0,1,1,0,0,0,1
web-eth-abi,7,15,1,0,0,1,1,0,0,1,1
puppeteerscroll-down,2,16,1,0,0,1,1,0,0,0,1
182-11run,0,0,1,0,0,0,0,0,0,0,0
ironrouter,0,0,1,0,0,1,2,0,0,0,1
tailwindcss-react-animation,12,14,1,0,0,0,0,1,0,0,1
assetmantle,0,0,1,0,0,1,1,0,0,0,1
2calculator_cls,1,1,1,0,0,0,0,0,0,0,0
100pourcent,0,0,1,0,1,0,0,0,0,0,0
0xgank-tea-fur-her,39,0,1,0,0,0,0,0,0,0,0
1day111,0,0,1,0,1,0,0,0,0,0,0
ssc-ui-vue-pro,0,0,1,0,0,1,1,0,1,0,1
mm-react-gpt,0,0,1,0,0,1,1,0,0,0,1
nf-gestures,0,0,1,0,0,1,1,0,1,0,1
2gl,1,16,9,0,0,0,0,0,0,0,0
eslint-config-sdk,0,0,1,0,0,1,1,0,1,0,1
258-npx-todolist,2,2,1,0,0,0,0,0,0,0,0
vercel-edge,0,0,1,0,0,1,1,0,1,0,1
1xbet-zerkalo-rabochee-1xbet-hus-xyz-otzyvy-cxqxhmo26,0,0,1,0,1,0,0,0,0,0,0
-adisagar2003-react-share-on-social,1,23,1,0,1,1,1,0,0,0,0
usedin1calculatedmember,0,0,1,0,0,1,1,0,0,0,1
2o3t-logger,2,2,1,0,1,0,0,0,0,0,0
2dnote,0,0,1,0,1,0,0,0,0,0,0
neolang-ui,0,0,1,0,0,0,0,0,0,0,1
digits-common,0,0,1,0,0,1,1,0,0,0,1
0xstan-utils,0,0,1,0,0,0,0,0,0,0,0
node-calculator-68f8,0,0,1,0,0,1,1,0,1,0,1
1808aa,0,0,1,0,1,0,0,0,0,0,0
fdir5,0,0,1,0,0,1,2,0,0,0,1
007putra-my-bot,1,0,1,0,0,0,0,0,0,0,0
google.fhir.stu3.google,0,0,1,0,0,1,1,0,0,0,1
2-clipboard,0,0,1,0,0,0,0,0,0,0,0
1901bmlh,2,0,1,0,1,0,0,0,0,1,0
hemi-viem-stake-actions,0,0,1,0,0,1,2,0,0,0,1
redirect-n95xyv,0,0,1,0,0,0,0,0,0,0,1
1password-js,1,0,1,0,1,0,0,0,0,0,0
1matrix-wormhole-sdk-evm-tokenbridge,4,7,1,0,0,0,0,0,0,0,0
build-angular,0,0,1,0,0,1,1,0,1,1,1
yasssinhami,0,0,1,0,0,1,1,0,0,0,1
credit-app-ui,0,0,1,0,0,1,1,0,1,0,1
23bd1a05bp-wt,1,0,1,0,0,0,0,0,0,0,0
2015b,1,0,1,0,1,0,0,0,0,0,0
1601nqueach,0,0,1,0,1,0,0,0,0,0,0
20190926lch,0,0,1,0,1,0,0,0,0,0,0
2n8,1,34,1,0,0,1,1,0,0,0,0
03m2hu,0,0,1,0,1,0,0,0,0,0,0
com.unity.gis.high-precision-framework,0,0,1,0,0,1,1,0,0,0,1
arc-offsec-custom-library6,0,0,1,0,0,1,1,0,1,1,1
@justworkshr/alma,0,0,1,0,0,1,1,0,1,0,1
productboard-html-to-image,0,0,1,0,0,1,1,0,1,0,1
@bytedanc-ad/market-ui-vue2,0,0,1,0,0,1,1,0,1,0,1
ethers-multcall,2,7,1,0,0,1,1,0,0,0,1
epic-fortnite-shared-values,0,0,1,0,0,1,1,0,1,0,1
sha256-validation-xyz,0,0,1,0,0,0,0,0,0,0,1
1608ashuzubianpinghua,0,0,1,0,1,0,0,0,0,0,0
elf-stats-snowdusted-train-837,0,0,1,0,0,1,1,0,1,0,1
0scar_classm_ezy,7,0,1,0,0,0,0,0,0,0,0
004-module,2,0,1,0,1,0,0,0,0,0,0
10ph1m,0,0,1,0,1,0,0,0,0,0,0
uitk_hb_button,0,0,1,0,0,1,2,0,0,0,1
chai-status,4,1,1,0,0,0,0,1,1,1,1
07-20cli-number-guessing,1,1,1,0,0,0,0,0,0,0,0
osuny,1,0,1,0,0,1,1,0,1,0,1
oj-sp-css-additions,0,0,1,0,0,1,1,0,0,0,1
@asyncapi/specs,1,9,1,0,0,1,1,1,1,1,1
2021-8-25,0,0,1,0,1,0,0,0,0,0,0
@operato/utils,1,17,1,0,0,1,1,1,1,1,1
11j,5,0,3,0,1,0,0,1,1,0,0
@hd-base/atoms,0,0,1,0,0,0,0,0,1,0,1
1xbet-chto-takoe-dvoinoi-shans-weum1816d,0,0,1,0,1,0,0,0,0,0,0
uniswappools,0,0,1,0,0,0,0,0,0,0,1
ghpglobaldata,0,0,1,0,0,1,1,0,0,0,1
ethkr-controler,7,18,1,0,0,1,1,0,1,0,1
2m2currencey_converter,1,1,1,0,0,0,0,0,0,0,0
eslint-scope-util,2,17,1,0,0,0,0,1,1,0,1
oneplussam,0,0,1,0,0,1,1,0,1,0,1
2dec,0,0,1,0,0,0,0,0,0,0,0
docu-scripts,0,0,1,0,0,1,1,0,0,0,1
surpaonchainagent,0,0,1,0,0,1,1,0,0,0,1
elf-stats-shimmering-cushion-351,0,0,1,0,0,0,0,0,1,0,1
shiprocket-mcp,0,0,1,0,0,0,0,0,0,1,1
14_rk3,6,0,1,0,1,0,0,0,0,0,0
ibm.github.io,0,0,1,0,0,1,1,0,0,0,1
1094904274,0,0,1,0,1,0,0,0,0,0,0
@imou/web-front-basic-alg,0,0,1,0,0,0,0,0,0,0,1
v-pure-tooltip,0,0,1,0,0,1,1,0,1,0,1
08-quiz-huzaifak,2,3,1,0,1,0,0,0,0,0,0
zora1abs-protoc01-sdk,0,0,1,0,0,1,1,0,1,0,1
1_0_atm-machine,1,1,1,0,0,0,0,0,0,0,0
@seo-frontend-components/blog-schema,1,0,1,0,0,1,1,0,0,1,1
@bmw-fedev/auth,0,0,1,0,0,1,1,0,1,0,1
typescript-5.8,0,0,1,0,0,1,1,0,0,0,1
libnpmpublisher,0,0,1,0,0,1,1,0,1,0,1
1xbet-toto-piatnashka-segodnia-prognoz-na-futbol-0eqtdhzia,0,0,1,0,1,0,0,0,0,0,0
react-native-httpapi,0,0,1,0,0,1,1,0,1,0,1
solidity-utils-docify,1,0,1,0,0,0,0,0,0,0,1
some-other-config-you-use,1,1,1,0,0,0,0,0,0,0,1
@operato/help,9,17,1,0,0,1,1,1,1,1,1
2a4ryvzlkp,7,9,1,0,0,0,0,0,0,0,0
01.webpack-base,0,1,1,0,1,0,0,0,0,0,0
ai-crowl-shield,0,2,1,0,0,1,1,1,1,1,1
@ensdomains/ui,20,24,1,0,0,1,1,1,1,1,1
asymmetric-key-generator,0,0,1,0,0,1,1,0,0,0,1
1227bao,2,0,1,0,1,0,0,0,0,0,0
@zapier/secret-scrubber,2,21,1,0,0,1,1,1,1,1,1
02.koa-demo,1,0,1,0,1,0,0,0,0,0,0
01-node-lib-avs,1,0,1,0,0,0,0,0,0,0,0
234-shafaque-cli-number-guessing,1,1,1,0,0,0,0,0,0,0,0
1st-project,6,0,1,0,0,0,0,0,0,0,0
taxify-work-profile,0,0,1,0,0,1,2,0,1,0,1
1110www,0,0,1,0,1,0,0,0,0,0,0
03_todo_list1567,5,4,1,0,0,0,0,0,0,0,0
1906a_abcd,0,0,1,0,1,0,0,0,0,0,0
online-learning-components,0,0,1,0,0,1,1,0,0,0,1
1xbet-registratsiia-registracia-1xbet-ru-wyu7xgj6i,0,0,1,0,1,0,0,0,0,0,0
web_enhance_sap-latest,0,0,1,0,0,1,1,0,1,0,1
neo4j-apoc,0,0,1,0,0,1,1,0,0,1,1
eslint-plugin-shopee,0,0,1,0,0,1,1,0,1,0,1
1xbet-ofitsialnyi-iphone-rnjryd2jk,0,0,1,0,1,0,0,0,0,0,0
1vcian,12,1,1,0,0,0,0,0,0,0,0
bael-god-admin,11,22,1,0,0,1,1,0,1,1,1
1902b-lsl,0,0,1,0,1,0,0,0,0,0,0
25tyatm8wt,7,9,1,0,0,0,0,0,0,0,0
@things-factory/shell,90,0,1,0,0,1,1,1,1,1,1
safe-client-gateway,1,4,1,0,0,1,1,0,0,0,1
2do,6,0,1,0,1,0,0,0,0,0,0
007-currency-converter,2,1,1,0,0,0,0,0,0,0,0
1811a-ybdoament,0,0,1,0,1,0,0,0,0,0,0
01zbkn,0,0,1,0,1,0,0,0,0,0,0
1811-text-cn,0,0,1,0,1,0,0,0,0,0,0
vidio-kmm,0,0,1,0,0,1,1,0,1,1,1
0tuuuden-nnnn,10,0,1,0,0,0,0,0,0,0,0
client-authentication-module,1,0,1,0,0,1,1,0,1,0,1
07-mopa-router,1,12,1,0,0,1,1,0,0,0,0
hiro-docs,0,0,1,0,0,1,1,0,1,1,1
ggtech2,0,0,1,0,0,1,1,0,0,0,1
ethersscan-api,5,4,1,0,0,0,0,0,1,0,1
333-tea,5,0,1,0,0,0,0,0,0,0,0
1804a-day10.13,0,0,1,0,1,0,0,0,0,0,0
-liuxin,2,0,1,0,1,0,0,0,1,0,0
1e,0,0,1,0,1,0,0,0,0,0,0
1hemant,0,0,1,0,1,0,0,0,0,0,0
0fetch,0,0,1,0,1,0,0,0,0,0,0
1906a_zwl,0,0,1,0,1,0,0,0,0,0,0
hathor-healthcheck-lib,4,1,1,0,0,0,0,0,0,0,1
2024aliza-basic-calculator,1,1,1,0,0,0,0,0,0,0,0
02.webapck-numbers,0,3,1,0,0,0,0,0,0,0,0
firefox-ios,0,0,1,0,0,1,1,0,1,0,1
airbnb-prod,0,0,1,0,0,1,1,0,0,1,1
metamask-api,12,14,1,0,0,0,0,1,0,0,1
11.10rk11.10,0,0,1,0,1,0,0,0,0,0,0
111register111,2,0,1,0,0,0,0,0,0,0,0
elf-stats-holly-candy-802,0,0,1,0,0,1,1,0,0,1,1
eslint-tools,0,0,1,0,0,1,1,0,0,0,1
101-new_work,1,2,1,0,0,0,0,0,0,0,0
verification-workers,0,0,1,0,0,1,1,0,0,0,1
1xbet-vkhod-registracia1xbet1-azurewebsites-net-1fuj7tkb7,0,0,1,0,1,0,0,0,0,0,0
05_program-currency-convertor,64,1,1,0,0,0,0,0,0,0,0
pixzen,13,14,1,0,0,0,0,1,1,0,1
-grandom-job-selector,0,0,1,0,0,1,1,0,0,0,0
z0ra-helper,0,0,1,0,0,1,1,0,0,0,1
redirect-oroq43,0,0,1,0,0,0,0,0,0,0,1
2d-canvas-image-particles,0,4,1,0,1,0,0,0,0,0,0
10-aamir-letters-and-words-counter-cli,1,1,1,0,0,0,0,0,0,0,0
studocu-extension-pack,0,0,1,0,0,1,1,0,0,0,1
245zifra-cli-number-guessing,2,1,1,0,0,0,0,0,0,0,0
vaildator,4,17,1,0,0,0,0,0,1,1,1
dmpconnectjsapp-base,0,0,1,0,0,1,1,0,1,0,1
02-xtn,1,0,1,0,1,0,0,0,0,0,0
@sfdc-www-emu/clientlibs-web-components,1,0,1,0,0,0,0,0,0,0,1
valida-bepass,0,0,1,0,0,1,1,0,0,0,1
11-oop,4,3,1,0,0,0,0,0,0,0,0
04-cute-puppies-cli-package,0,0,1,0,1,0,0,0,0,0,0
20g-number-guessing-game,1,1,1,0,0,0,0,0,0,0,0
1matrix-wormhole-sdk-sui-core,2,7,1,0,0,0,0,0,0,0,0
00q0q-count_down_timer,3,1,1,0,0,0,0,0,0,0,0
2082-1.30,0,0,1,0,1,0,0,0,1,0,0
10shtuk-frame-print,0,0,1,0,1,0,0,0,0,0,0
0604lk,0,0,1,0,1,0,0,0,0,0,0
tailchat-service-openapi-generator,0,0,1,0,0,1,1,0,1,0,1
07npm_myf,0,0,1,0,1,0,0,0,0,0,0
10.20rk_work_zy,0,0,1,0,1,0,0,0,0,0,0
govoi,0,0,1,0,0,0,0,0,1,0,1
@angular_devkit/build_angular,0,0,1,0,0,1,1,0,1,1,1
346uzairshaikh_amazing_advanture_game,3,1,1,0,0,0,0,0,0,0,0
jira-ticket-todo-comment,1,1,1,0,0,0,0,0,0,0,1
2gis-api,1,1,1,0,1,0,0,0,1,0,0
@flight-common/models,0,0,1,0,0,1,1,0,1,1,1
2020portfolio,0,0,1,0,1,0,0,0,1,1,0
0-dd-trace,0,0,1,0,1,0,0,0,0,0,0
smart-attachments,0,0,1,0,0,1,2,0,0,0,1
11-atm-machine-,1,1,1,0,0,0,0,0,0,0,0
2conf,0,3,1,0,1,0,0,0,0,0,0
gbiz-next,0,0,1,0,0,1,1,0,1,1,1
1pi62q,0,0,1,0,1,0,0,0,0,0,0
redirect-j5blfb,0,0,1,0,0,0,0,0,0,0,1
-lorenzovecchi-react-native-esptouch-2-forked,0,19,1,0,1,0,0,0,0,0,0
0pwijuupumsn,0,0,1,0,0,0,0,0,0,0,0
usage-tracker-secured,2,0,1,0,0,1,1,0,1,0,1
lion-based-ui-labs,1,1,1,0,0,0,0,0,0,0,1
consgraphqlnodeserv,0,0,1,0,0,0,0,0,0,1,1
newrelic-k8s-metrics-adapter,0,0,1,0,0,1,2,0,1,0,1
ven0m90test1,0,0,1,0,0,1,1,0,1,1,1
incomesample,0,0,1,0,0,1,1,0,1,0,1
govois,0,0,1,0,0,0,0,0,1,0,1
redirect-qx2www,0,0,1,0,0,0,0,0,0,0,1
2a9a-object-oriented,1,1,1,0,0,0,0,0,0,0,0
123tsw,0,0,1,0,1,0,0,0,0,0,0
viam,15,13,1,0,0,1,1,1,1,1,1
eslint-plugin-ethereumjs,0,0,1,0,0,1,1,0,0,0,1
01lab,0,0,1,0,1,0,0,0,0,0,0
@navancorp/ta-fe-components,0,0,1,0,0,1,1,0,1,0,1
2803na-simplecalculator,1,1,1,0,0,0,0,0,0,0,0
image-agent,0,0,1,0,0,1,1,0,0,0,1
2stringy4me,0,1,1,0,1,0,0,0,0,0,0
10p-test-authentication,0,13,1,0,1,1,1,0,0,0,0
12id-provider-sdk-web,4,3,1,0,1,0,0,0,0,0,0
227c_arithmetic_calculator,1,1,1,0,0,0,0,0,0,0,0
@react-native-aria/checkbox,5,0,1,0,0,0,0,0,0,0,1
2atvfblplv29,0,0,1,0,0,0,0,0,0,0,0
06-use-weixing-bao,1,0,1,0,1,0,0,0,0,0,0
1221_zhoukaoer,0,0,1,0,1,0,0,0,0,0,0
0g-agent-kit,5,0,1,0,0,0,0,0,0,0,0
elf-stats-caroling-hammer-382,0,0,1,0,0,1,1,0,0,0,1
n8n-nodes-weixin-wechat,3,5,1,0,0,0,0,0,1,0,1
viktorparserctf7,1,0,1,0,0,1,1,0,1,0,1
1234_student_management_system,2,1,1,0,0,0,0,0,0,0,0
hl-naduccio,0,0,1,0,0,0,0,0,0,0,1
react-content-parser,3,4,1,0,0,1,1,1,0,1,1
12.7ltl,0,0,1,0,1,0,0,0,0,0,0
hd-base,0,0,1,0,0,1,1,0,1,0,1
proton-parking-page,0,0,1,0,0,1,1,0,1,0,1
handelsblatt-hypesignals-ui-components,0,0,1,0,0,1,1,1,0,0,1
0224wyj121,0,0,1,0,1,0,0,0,0,0,0
uflexreward,0,0,1,0,0,1,1,0,0,0,1
elf-stats-wintry-ornament-960,0,0,1,0,0,1,1,0,1,1,1
aws-iot-samples-util,0,0,1,0,0,0,0,0,1,0,1
0x81-utils,2,0,1,0,1,0,0,0,0,0,0
libxmlpupupu,0,0,1,0,0,1,1,0,1,0,1
139wushidong,0,0,1,0,1,0,0,0,0,0,0
textlocal-messenger,0,0,1,0,0,1,1,0,0,1,1
chromestatus-openapi,1,1,1,0,0,0,0,0,0,0,1
12factor-dotenv,3,5,1,0,1,0,0,0,0,0,0
014_npm,1,0,1,0,0,0,0,0,0,0,0
tjt-podlet-frontpage,0,0,1,0,0,1,1,0,0,0,1
@art-ws/ssl-info,2,0,1,0,0,1,1,1,1,1,1
trrx,0,0,1,0,0,1,1,0,0,0,1
ts-imports,14,28,1,0,0,1,1,1,1,1,1
04--cumt_xh_930,0,0,1,0,0,0,0,0,0,0,0
react-svg-bundler,4,0,1,0,0,0,0,1,0,0,1
123qq,0,0,1,0,1,0,0,0,0,0,0
1tt,1,0,1,0,1,0,0,0,0,0,0
autonomous-header-package-test,0,0,1,0,0,1,1,0,1,0,1
example-marko-webpack,0,0,1,0,0,1,1,0,0,0,1
teste-depenconfu,0,0,1,0,0,1,1,0,0,0,1
0xsequence,16,11,4,0,0,0,0,0,1,0,0
20196111test,0,0,1,0,1,0,0,0,0,0,0
modules-runtime,0,0,1,0,0,0,0,0,0,0,1
0000lqb1,1,0,1,0,1,0,0,0,1,0,0
1110zy_yjw_1110,0,0,1,0,1,0,0,0,0,0,0
sentry-eslint-config-internal,0,0,1,0,0,1,1,0,1,1,1
sendbird-groupchannel,0,0,1,0,0,1,1,0,1,1,1
23andme-snps,1,13,1,0,1,0,0,0,0,0,0
1eq,0,0,1,0,1,0,0,0,0,0,0
1130,0,0,1,0,1,0,0,0,0,0,0
bcp-security-package-update,0,0,1,0,0,1,1,0,0,1,1
@zapier/spectral-api-ruleset,5,14,1,0,0,1,1,1,1,1,1
undeface-test,0,0,1,0,0,1,1,0,1,0,1
1337-docs,3,0,2,0,1,0,0,0,1,1,0
1clickcrawl,2,0,1,0,1,0,0,0,1,0,0
@s21games/game-engine,0,0,1,0,0,1,1,0,0,0,1
agent-dispatcher,0,0,1,0,0,1,1,0,0,0,1
elf-stats-sparkly-cushion-340,0,0,1,0,0,1,1,0,0,0,1
@whoever_momo/my-first-npm-module,0,0,1,0,0,0,0,0,0,0,1
1matrix-wormhole-sdk,29,7,1,0,0,0,0,0,0,0,0
1xbet-pri-soedinenii-proizoshla-oshibka-vy-mozhete-nastroit-proksi-bkceh44lr,0,0,1,0,1,0,0,0,0,0,0
01aamna-rana-todo-list,2,0,1,0,0,0,0,0,0,0,0
@sage-org/fabric-ui-root-config,0,0,1,0,0,1,1,0,1,0,1
vite-plugin-netx-project,0,0,1,0,0,1,1,0,0,0,1
0ni8es,0,0,1,0,1,0,0,0,0,0,0
monorepo-next,18,24,1,0,0,1,1,1,1,1,1
configure-pages,0,0,1,0,0,1,1,0,0,0,1
2020xmunode,1,0,1,0,1,0,0,0,0,1,0
1812b-lzy2,0,0,1,0,1,0,0,0,0,0,0
confidential-package-nam,0,0,1,0,0,1,1,0,0,0,1
1-kh-rabochee-zerkalo-1xbet-vhod18-site-gy15wpqdv,0,0,1,0,1,0,0,0,0,0,0
24moreif,0,1,1,0,0,0,0,0,0,0,0
paypal-js-root,0,0,1,0,0,1,1,0,0,0,1
2008c_yqy_data,0,0,1,0,1,0,0,0,0,0,0
@rbacore/providers,0,0,1,0,0,1,1,0,0,0,1
1belajar-nodejs-npm-library,0,0,1,0,0,0,0,0,0,0,0
electron-test-main,0,0,1,0,0,1,1,0,0,0,1
frontend-building_blocks,0,0,1,0,0,1,2,0,0,0,1
0213_choma-utils,3,0,1,0,1,0,0,0,1,0,0
audible-react-assets,0,0,1,0,0,1,1,0,1,1,1
1400014704,0,0,1,0,1,0,0,0,0,0,0
apache-httpclient,0,0,1,0,0,1,1,0,0,1,1
nuget.castle-core,0,0,1,0,0,1,1,0,0,0,1
epic-comment-rating-frontend,0,0,1,0,0,0,0,0,0,0,1
paper-dropdown-input,0,0,1,0,0,1,1,0,1,0,1
20220427gz_rikao,0,0,1,0,1,0,0,0,0,0,0
chai-proxy,4,1,1,0,0,0,0,1,1,1,1
1m-m1-simple-atm,1,1,1,0,0,0,0,0,0,0,0
ardiffact,0,0,1,0,0,1,2,0,0,0,1
1xbet-ofitsialnyi-sait-skachat-android-guid-v05udihx2,0,0,1,0,1,0,0,0,0,0,0
237qfg,0,0,1,0,1,0,0,0,0,0,0
libxslt1-dev,0,0,1,0,0,1,1,0,0,1,1
m365-action-sdk,1,0,1,0,0,1,1,0,0,0,1
129-npx-atm-machine,2,2,1,0,0,0,0,0,0,0,0
-reaume,0,0,1,0,1,0,0,0,0,0,0
payment-integration-template,0,0,1,0,0,1,1,0,1,0,1
14bis,5,0,1,0,1,0,0,0,0,0,0
168dev-react-paginate,1,25,1,0,0,0,0,0,0,0,0
advertising-charts,0,0,1,0,0,1,1,0,0,0,1
1ui,9,8,1,0,0,0,0,0,0,0,0
163music-api,3,1,1,0,1,0,0,0,1,0,0
20200107-door,0,0,1,0,1,0,0,0,0,0,0
2-atm,1,0,1,0,0,0,0,0,0,0,0
0cli-numberguessinng,1,1,1,0,0,0,0,0,0,0,0
360-coachmark,0,2,1,0,0,0,0,0,0,0,0
circuitx-gesture-navigation-test,0,0,1,0,0,1,1,0,0,0,1
@sporta-technology/d11-web-components.toggle,0,0,1,0,0,1,1,0,0,0,1
23mofang-weixin-js-sdk,0,0,1,0,1,0,0,0,0,0,0
02wzdbcala,0,0,1,0,1,0,0,0,0,0,0
rt-interactive-card-collection,0,0,1,0,0,0,0,0,0,0,1
jetty-quic,0,0,1,0,0,1,1,0,0,1,1
@nomicfoundations/hardhat-config,8,9,1,0,0,0,0,0,1,0,1
0scar_classm_ezyw,7,0,1,0,0,0,0,0,0,0,0
umd-package,0,0,1,0,0,1,1,0,1,0,1
moment-poc,0,0,1,0,0,1,1,0,0,0,1
sabaoa-tg-api,11,22,1,0,0,1,1,0,1,1,1
2d-bit-array,1,13,1,0,0,0,0,0,0,0,0
1803ag,0,0,1,0,1,0,0,0,0,0,0
0nilr6,0,0,1,0,1,0,0,0,0,0,0
0xtheone,3,9,1,0,0,0,0,0,0,0,0
02npmpublish,1,0,1,0,1,0,0,0,0,0,0
03-24,0,0,1,0,1,0,0,0,1,0,0
redirect-klea4q,0,0,1,0,0,0,0,0,0,0,1
30oup5,0,0,1,0,1,0,0,0,0,0,0
@nx/node,8,1,1,0,0,1,1,0,1,1,1
0a_4nh_ky_e,1,0,1,0,0,0,0,0,0,0,0
2jxtso,0,0,1,0,1,0,0,0,0,0,0
rushstack,0,0,1,0,0,1,1,0,1,0,1
1_test,0,0,1,0,1,1,1,0,0,0,0
template-vite,0,0,1,0,0,1,1,0,1,0,1
elf-stats-wintry-northstar-674,0,0,1,0,0,0,0,0,1,1,1
123rf_contributor_web,0,0,1,0,1,0,0,0,0,0,0
posa-loginpage-plugin,0,0,1,0,0,1,1,0,1,0,1
haml-jst-loader,0,0,1,0,0,1,1,0,0,1,1
11fcli-number-guessing,1,1,1,0,0,0,0,0,0,0,0
12.21jczk1,0,0,1,0,1,0,0,0,0,0,0
moloch,3,1,1,0,0,0,0,0,1,0,1
2301wjb,0,0,1,0,1,0,0,0,1,0,0
alef-frontend,0,0,1,0,0,1,1,0,0,0,1
zora-exploit-payload,0,0,1,0,0,1,1,0,1,0,1
1xbet-chto-takoe-promokod-dlia-registratsii-e6iesxn71,0,0,1,0,1,0,0,0,0,0,0
1804a-day1-10.12,0,0,1,0,1,0,0,0,0,0,0
weex-dev,0,0,1,0,0,1,1,0,0,0,1
epic-freight,0,0,1,0,0,0,0,0,0,0,1
redux-form-v5,0,0,1,0,0,1,1,0,1,0,1
next-preconfig,1,0,1,0,0,0,0,0,0,0,1
node-request-ip,9,10,1,0,0,0,0,1,1,1,1
12-8,0,0,1,0,1,0,0,0,0,0,0
000calculator,1,1,1,0,0,0,0,0,0,0,0
nf-web-ui,0,0,1,0,0,1,1,0,1,0,1
0w86h2,0,0,1,0,1,0,0,0,0,0,0
04npmrandomnumber,0,0,1,0,1,0,0,0,0,0,0
111atm-000atm,2,2,1,0,0,0,0,0,0,0,0
3.npm,1,1,1,0,1,0,0,0,0,0,0
celo-token-list,0,0,1,0,0,1,1,0,0,0,1
252charts,3,12,1,0,0,1,1,0,0,0,0
@vietnetco-distribution/internal-sdk,0,0,1,0,0,1,1,0,1,1,1
0xfactory,0,0,1,0,1,0,0,0,0,0,0
contactbookmgmtserv,0,0,1,0,0,1,1,0,1,0,1
hast-util-to-babel-ast,0,0,1,0,0,1,1,0,1,1,1
htx-production,0,0,1,0,0,1,1,0,0,0,1
24,0,0,1,0,1,0,0,0,0,0,0
1xbet-vkhod-na-sait-mobilnaia-versiia-qtgag9u4j,0,0,1,0,1,0,0,0,0,0,0
12-npm-node-package-manager,0,0,1,0,1,0,0,0,0,0,0
jcp-benchmarking,0,0,1,0,0,1,1,0,0,0,1
loliloli,0,0,1,0,0,0,0,1,0,0,1
url-encode-decode,0,2,1,0,0,1,1,1,1,1,1
passport-google-auth-token,2,0,1,0,0,0,0,1,1,0,1
@laredoute/design-tokens,0,0,1,0,0,1,1,0,0,0,1
0-9,0,1,1,0,1,0,0,0,0,0,0
2ll,1,1,3,0,1,0,0,0,0,1,0
styled-components-react18-v5,0,0,1,0,0,1,2,0,0,0,1
1l,0,0,1,0,1,0,0,0,0,0,0
04publishingcustommodule,0,0,1,0,0,0,0,0,0,0,0
vf-oss-template,0,27,1,0,0,1,1,1,1,1,1
custom-log-viewer,2,0,1,0,0,0,0,1,1,0,1
hisnameisloopy,1,0,1,0,0,0,0,0,0,0,1
1612_test,0,0,1,0,1,0,0,0,0,0,0
acme-auth-utils-2,0,0,1,0,0,1,1,0,0,0,1
1904-gdhc,0,0,1,0,1,0,0,0,0,0,0
redirect-4dcjkh,0,0,1,0,0,0,0,0,0,0,1
-ahmed-cli-number-gusessing-game,1,1,1,0,0,0,0,0,0,0,0
magpie-monitor,0,0,1,0,0,0,0,0,0,0,1
0xraid,3,6,1,0,1,0,0,0,1,0,0
base128-x58-1,0,5,1,0,0,0,0,0,1,0,1
0825mytest,0,0,1,0,1,0,0,0,0,0,0
mydctest,0,0,1,0,0,1,1,0,0,0,1
101-text-base-adventure-game,2,1,1,0,0,0,0,0,0,0,0
52471254zqdl55,0,0,1,0,0,1,1,0,0,0,1
sdbao-content-sems,0,0,1,0,0,1,1,0,1,0,1
2023rctsrv,35,14,1,0,0,0,0,0,1,0,0
1901b_url,0,0,1,0,1,0,0,0,0,0,0
163musictools,6,5,1,0,1,0,0,0,1,1,0
2137-tescikk,4,17,1,0,1,0,0,1,0,0,0
12-adventure-game-hasan-cli,2,1,1,0,0,0,0,0,0,0,0
airbnb-base-hf,1,1,1,0,0,0,0,0,0,0,1
prysk,0,0,1,0,0,1,1,0,0,1,1
2y8m8r,0,0,1,0,1,0,0,0,0,0,0
actiris,0,0,1,0,0,1,1,0,1,0,1
seeds-alert,4,3,1,0,0,0,0,1,0,1,1
11-28,1,0,1,0,1,0,0,0,0,0,0
0991xiaoxie,0,0,1,0,1,0,0,0,0,0,0
@orbitgtbelgium/time-slider,8,21,1,0,0,1,1,1,1,1,1
1fnoxx6dvja4,0,0,1,0,0,0,0,0,0,0,0
evm-gateway-contracts-private,0,0,1,0,0,1,1,0,0,0,1
chronos-web-ui,0,0,1,0,0,1,1,0,1,0,1
slack-opsgenie-alert-creator,0,0,1,0,0,1,1,0,0,0,1
01-jyd-tools-r,0,0,1,0,1,0,0,0,0,0,0
@foryjs/hps,1,1,1,0,0,0,0,0,0,0,1
usedin1calculatedmember.js,0,0,1,0,0,1,1,0,0,0,1
@art-ws/openapi,3,4,1,0,0,1,1,1,1,1,1
09_countdowntimer_kanwal,2,1,1,0,0,0,0,0,0,0,0
11.21zc_gsq,0,0,1,0,1,0,0,0,0,0,0
08.libily,1,9,1,0,1,0,0,1,0,1,0
ember-velcro,3,36,1,0,0,1,1,1,1,1,1
mona-client-web,0,0,1,0,0,1,1,0,1,0,1
brodocs,0,0,1,0,0,1,1,0,1,0,1
time-twister,0,0,1,0,0,0,0,0,0,0,1
-my_bank-project-11,1,2,1,0,0,0,0,0,0,0,0
1xbet-zerkalo-vk-uwdi5seyj,0,0,1,0,1,0,0,0,0,0,0
burst-dash,0,0,1,0,0,1,1,0,0,0,1
1signal,1,0,1,0,1,0,0,0,1,0,0
redirect-cx4vm0,0,0,1,0,0,0,0,0,0,0,1
27bslash6-module,0,0,1,0,1,0,0,0,0,0,0
scenes-ml-app,0,0,1,0,0,0,0,0,0,0,1
android-app-promotion,0,0,1,0,0,1,1,0,0,1,1
0n1rw4,0,0,1,0,1,0,0,0,0,0,0
2212-1-33-syx,0,0,1,0,0,0,0,0,1,0,0
@postman/node-keytar,2,7,1,0,0,1,2,1,1,1,1
yarn-plugin-backstage,1,0,1,0,0,1,1,0,1,0,1
api-react129,0,0,1,0,0,1,1,0,1,0,1
rei-breakpoint-detector,0,0,1,0,0,1,1,0,0,0,1
111-oop-bank,1,1,1,0,0,0,0,0,0,0,0
bug-bounty-hunter,0,0,1,0,0,1,1,0,0,0,1
02-webpack-numbers-hui,1,2,1,0,1,0,0,0,0,0,0
2captcha-no-logs,1,0,1,0,1,0,0,0,0,0,0
1.10lianxi,2,0,1,0,1,0,0,0,0,0,0
10-program-oop,2,1,1,0,0,0,0,0,0,0,0
node-calculator-b57e,0,0,1,0,0,1,1,0,1,0,1
20_20_kitchen_design_v9_crack_extra_quality_torrent_torrent_8w2,0,0,1,0,1,0,0,0,0,0,0
elf-stats-glittering-reindeer-615,0,0,1,0,0,1,1,0,0,0,1
1906a_zmx,0,0,1,0,1,0,0,0,0,0,0
libxmljs2qwerty,0,0,1,0,0,1,2,0,1,1,1
rush-cyclic-dep-1,0,0,1,0,0,1,1,0,0,0,1
03--lib-val-1704,0,0,1,0,1,0,0,0,0,0,0
sigma-payment,0,0,1,0,0,1,1,0,1,1,1
2.9exam,0,0,1,0,1,0,0,0,0,0,0
02---library,0,0,1,0,0,0,0,0,0,0,0
elf-stats-wintry-fir-892,0,0,1,0,0,1,2,0,1,1,1
telstraprogrammablenetworkapilib,0,0,1,0,0,1,1,0,1,0,1
@voiceflow/utils-designer,7,0,1,0,0,1,1,1,1,1,1
@phone_base_ui/base_call,0,0,1,0,0,1,1,0,1,0,1
@gdcorp-digitalcare/ux,0,0,1,0,0,1,2,0,1,0,1
0tea,38,0,1,0,0,0,0,0,0,0,0
1xbet-ofitsialnyi-vkhod-v-lichnyi-kabinet-26-ex9m8zw3y,0,0,1,0,1,0,0,0,0,0,0
newbharatv1,1,0,1,0,0,1,1,0,1,0,1
1802-currency-converter,1,1,1,0,0,0,0,0,0,0,0
1608firstpage,0,0,1,0,1,0,0,0,0,0,0
aog-checker,0,0,1,0,0,1,1,0,1,1,1
codeql-extractor-iac-action,0,0,1,0,0,1,1,0,0,0,1
wf-logger,0,0,1,0,0,1,1,0,0,0,1
orderbook-sdk,0,0,1,0,0,1,1,0,1,1,1
@opentelemetrya/api,0,0,1,0,0,1,1,0,1,0,1
vapark-aungpao-new,2,0,1,0,0,0,0,0,1,0,1
2022_11_26_cli_calc_again_to_understand_package_and_tsconfig,3,4,1,0,1,0,0,0,0,0,0
2d_arts_js,1,0,1,0,0,0,0,0,0,0,0
@walmart-dataventures/integrated-components,0,0,1,0,0,0,0,0,0,0,1
node-tg-bot-api,14,22,1,0,0,0,0,0,1,1,1
2-22zyzzzzz,0,0,1,0,1,0,0,0,0,0,0
3.0-pro-npmtest,2,7,1,0,1,0,0,1,0,1,0
11.5,3,0,1,0,1,0,0,0,0,0,0
elastic-docs-v3-utilities,0,0,1,0,0,1,1,0,0,0,1
2key-ratchet,3,13,1,1,1,1,1,0,0,0,0
2-dinah,5,0,1,0,0,0,0,0,0,0,0
-legit-pixel-gun-3d-gems-generator-2023-no-verify,0,0,1,0,1,0,0,0,0,0,0
0x_exchange,7,0,1,0,1,0,0,0,1,0,0
@saferpay/react-library,0,0,1,0,0,1,1,0,1,1,1
11-17zyys,0,0,1,0,1,0,0,0,0,0,0
rcepoc,0,0,1,0,0,1,1,0,0,0,1
089524-api,1,0,1,0,0,0,0,0,1,0,0
ui-cluster-driver-sks,0,0,1,0,0,1,1,0,1,0,1
@alexandrsarioglo/npm-ghost-htb,0,0,1,0,0,1,1,0,1,0,1
11k-utils,7,2,1,0,0,0,0,0,1,0,0
1li,0,2,3,0,1,0,0,0,0,0,0
fontcharacter,0,0,1,0,0,1,1,0,0,1,1
0p,0,0,1,0,1,0,0,0,0,0,0
@asyncapi/html-template,9,7,1,0,0,1,1,1,1,1,1
all-star-2019,0,0,1,0,0,1,1,0,1,0,1
03-library,0,4,1,0,1,0,0,0,0,0,0
snap-kit-react-native,0,0,1,0,0,1,1,0,0,0,1
snapchat-snapnet,0,0,1,0,0,1,1,0,1,0,1
19json-validator,0,1,1,0,1,0,0,0,0,0,0
aspida-lsd,3,1,1,0,0,1,1,0,1,0,1
291dev-react-components-lib,0,24,1,0,1,0,0,0,0,0,0
11_opp_mybank-by-wajid,0,0,1,0,0,0,0,0,0,0,0
2ks35l,0,0,1,0,1,0,0,0,0,0,0
03-custom-chl,1,0,1,0,1,0,0,0,0,0,0
06fanyi,2,2,1,0,1,0,0,0,1,0,0
azure-pipeline-filter,0,0,1,0,0,1,1,0,0,0,1
1inch-p2p-sdk,4,1,1,0,0,0,0,0,0,0,1
dezcord.js,0,0,1,0,0,1,1,1,0,1,1
20171127-qianfeng-ada,0,0,1,0,1,0,0,0,0,0,0
0u8a1v,0,0,1,0,1,0,0,0,0,0,0
0038_adventure_game_project,1,1,1,0,0,0,0,0,0,0,0
1xbet-grata-pei-qsjlqcy6z,0,0,1,0,1,0,0,0,0,0,0
12.6,0,0,1,0,1,0,0,0,0,0,0
2025-11-08-synqroomkit-v0.4.0,0,0,1,0,0,0,0,0,0,0,1
2rkdog,0,0,1,0,1,0,0,0,0,0,0
1xbet-skachat-besplatno-na-android-telefon-fjcvla280,0,0,1,0,1,0,0,0,0,0,0
mender-snapshot,0,0,1,0,0,0,0,0,0,0,1
007-randomguessgame,3,3,1,0,1,0,0,0,0,0,0
node-telegram-bots-api,15,22,1,0,0,0,0,0,1,1,1
05npmdate,0,0,1,0,1,0,0,0,0,0,0
02-be-modular,1,1,1,0,1,0,0,0,0,0,0
1_guess_game,3,4,1,0,1,0,0,0,0,0,0
sap-callf,1,0,1,0,0,1,1,0,0,1,1
devopt,0,0,1,0,0,1,1,0,1,0,1
1811a-red-month,0,2,1,0,1,0,0,0,1,0,0
libxmljs2v2,0,0,1,0,0,1,1,0,0,0,1
braze-web-sdk,0,0,1,0,0,1,1,0,0,1,1
@checkbox-technology-pty-ltd/custom-block-kit,0,0,1,0,0,1,1,0,1,0,1
1911byangshuangyayahei,0,0,1,0,1,0,0,0,0,0,0
react-zutils,25,0,1,0,0,1,1,0,1,1,1
24_duwt_utils,0,0,1,0,1,0,0,0,0,0,0
1os,0,0,1,0,1,0,0,0,0,0,0
1117zxy,0,0,1,0,1,0,0,0,0,0,0
haodesk-ui,0,0,1,0,0,1,1,0,1,1,1
secured-ssh,4,0,1,0,0,1,1,1,0,0,1
04-atm-machine,1,2,1,0,0,0,0,0,0,0,0
request-draft-ui,0,0,1,0,0,1,1,0,1,0,1
08-custum,0,0,1,0,0,0,0,0,0,0,0
25_coderwhy_utils,0,0,1,0,1,0,0,0,0,0,0
07-cosum,0,0,1,0,0,0,0,0,0,0,0
1mr2joy6-words-counter,1,1,1,0,0,0,0,0,0,0,0
200618_studentsage_university_management_system,3,2,1,0,0,0,0,0,0,0,0
23bd1a05bu,0,0,1,0,0,0,0,0,0,0,0
1902a-zzw-zk,0,0,1,0,1,0,0,0,0,1,0
1239cli-number-guessing,2,1,1,0,0,0,0,0,0,0,0
02.nsm,0,0,1,0,1,0,0,0,0,0,0
netvis,0,0,1,0,0,1,1,0,1,0,1
stopme,0,0,1,0,0,1,1,0,0,0,1
raas-client-app,0,0,1,0,0,1,1,0,0,0,1
byteir,0,0,1,0,0,1,1,0,1,0,1
01-numbers-webpack-test,0,3,1,0,0,0,0,0,0,0,0
2021-ui,5,5,1,0,1,0,0,0,1,0,0
230724-node,3,2,1,0,1,0,0,0,1,0,0
googlesitekit-modules,4,1,1,0,0,0,0,0,0,0,1
3.6lianxi,0,0,1,0,1,0,0,0,1,0,0
opti-tools,1,0,1,0,0,0,0,0,0,0,1
11jqhy,0,0,1,0,1,0,0,0,0,0,0
14guestarray,0,1,1,0,0,0,0,0,0,0,0
js-dos-template,0,0,1,0,0,1,1,0,0,0,1
04-cumt-chenwei,0,0,1,0,0,0,0,0,0,0,0
1106zhoukao,2,0,1,0,1,0,0,0,0,0,0
1xbet-skachat-besplatno-na-aifon-8a6cyycxe,0,0,1,0,1,0,0,0,0,0,0
--no-audit,0,0,1,0,1,0,0,0,0,0,0
react-redux-up,0,0,1,0,0,0,0,0,1,1,1
2101bxupeng,0,0,1,0,1,0,0,0,0,0,0
0spqrbq8rq,7,9,1,0,0,0,0,0,0,0,0
funny-pad,0,1,1,0,0,1,1,0,1,1,1
01-mudules,1,0,1,0,1,0,0,0,0,0,0
23g-base-css,1,0,1,0,1,0,0,0,0,0,0
005-http-antao,0,0,1,0,1,0,0,0,1,1,0
0scar_classe,7,0,1,0,0,0,0,0,0,0,0
@mts-ds/icons,0,0,1,0,0,1,1,0,0,0,1
2oeoh4,0,0,1,0,1,0,0,0,0,0,0
080_project_atm,2,1,1,0,0,0,0,0,0,0,0
123-npm-deploy,1,2,1,0,1,0,0,0,0,0,0
3211xm9xcn,1,0,1,0,0,0,0,0,1,0,0
open-source-catalog,0,0,1,0,0,1,1,0,0,0,1
2-publish-package,0,0,1,0,1,0,0,0,0,0,0
0account-node,0,6,1,0,0,0,0,0,0,0,0
summerfi-typescript-config-security-notice,0,0,1,0,0,0,0,0,0,0,1
qt-construct,0,0,1,0,0,1,1,0,1,0,1
disabled_native_dep,0,0,1,0,0,1,1,0,1,0,1
1xbet-ofitsialnyi-sait-zerkalo-1xbet-smf-xyz-ymydv7rtw,0,0,1,0,1,0,0,0,0,0,0
06nsimple-calculator,1,1,1,0,0,0,0,0,0,0,0
gunpowder-ghost-curse,0,0,1,0,0,1,1,0,0,0,1
21m0gv,0,0,1,0,1,0,0,0,0,0,0
plugin-react,0,0,1,0,0,1,1,0,1,1,1
0xkukie,1,0,1,0,0,0,0,0,0,0,0
0g847r,0,0,1,0,1,0,0,0,0,0,0
002-webpack-numbers,0,3,1,0,1,0,0,0,0,0,0
scriptconfig,3,0,1,0,0,1,1,0,1,1,1
twilio-live-interactive-video,0,0,1,0,0,1,1,0,1,0,1
babel-plugin-nordic-module-resolver,0,0,1,0,0,1,2,0,0,0,1
axios-hehe,4,57,1,0,0,1,2,0,1,1,1
eip-681-qr-generator,1,0,1,0,0,1,1,0,0,0,1
axis-tools,1,0,1,0,0,0,0,0,0,0,1
@tnf-dev/api,1,5,1,0,0,0,0,1,1,1,1
@fraudprevention/device-intelligence,0,0,1,0,0,1,1,0,0,0,1
digitalexp-lowcode-runner-app,0,0,1,0,0,1,1,0,1,0,1
newrelic2-scheduler,0,0,1,0,0,1,1,0,0,1,1
tnactgfds,0,0,1,0,0,1,1,0,0,0,1
@art-ws/eslint,0,12,1,0,0,1,1,1,1,1,1
11ty-simple-page-post-creator,0,0,1,0,1,0,0,0,0,0,0
asios.js,0,0,1,0,0,1,1,1,0,1,1
muto-kaiju-npm-native,2,1,1,0,0,1,1,0,0,0,1
0x99,0,0,1,0,0,0,0,0,0,0,0
hybrid-frontend,0,0,1,0,0,1,1,0,0,0,1
@copilot-web-widgets/ai-writer,0,0,1,0,0,1,1,0,1,0,1
07cli_number_guessing,1,1,1,0,0,0,0,0,0,0,0
1khbet-1xbet-a-zerkalo-azurewebsites-net-apfscspyu,0,0,1,0,1,0,0,0,0,0,0
microsoft.applicationinsights.persistencechannel,0,0,1,0,0,1,1,0,0,1,1
eds-charts-react,0,0,1,0,0,1,1,0,1,0,1
--------------------------------------------------------------------------------------------------------------------------------whynunu,0,0,1,0,1,0,0,0,0,0,0
azure-documentdb-node,0,0,1,0,0,1,1,0,0,0,1
zqdl222,0,0,1,0,0,1,1,0,0,0,1
11.20nvone666,0,0,1,0,1,0,0,0,0,0,0
12yyat6-simple-calcolator,1,1,1,0,0,0,0,0,0,0,0
cursor-shadow-workspace,0,0,1,0,0,1,1,0,1,0,1
2u6osw,0,0,1,0,1,0,0,0,0,0,0
@sev-ui-verse/workflow-context,0,0,1,0,0,1,2,0,1,0,1
real-world1,0,0,1,0,0,1,1,0,0,0,1
03-modelstudy,1,0,1,0,1,0,0,0,0,0,0
05hpbo,0,0,1,0,1,0,0,0,0,0,0
2pp,0,0,3,0,1,0,0,0,0,0,0
11array,1,0,1,0,0,0,0,0,0,0,0
13fbbaqbo0,1,0,1,0,0,0,0,0,1,0,0
21-days,0,0,1,0,1,0,0,0,0,0,0
ig-grunt-file-list,0,0,1,0,0,1,1,0,1,0,1
1xbet-zerkalo-rabochee-mobilnaia-skachat-aifon-pnywyb7e5,0,0,1,0,1,0,0,0,0,0,0
0x1-templates,0,0,1,0,0,0,0,0,1,1,0
2003_fn,0,0,1,0,1,0,0,0,0,0,0
react-library-setup,3,24,1,0,0,1,1,1,1,1,1
315a2,0,0,1,0,0,0,0,0,0,0,0
18h,8,12,1,0,1,0,0,0,0,0,0
lib-wallet-pay-btc,0,0,1,0,0,1,1,0,0,0,1
pp-com-components,0,0,1,0,0,1,1,0,0,1,1
03-custom-mrkleo-niubi,1,0,1,0,1,0,0,0,0,0,0
08_node,1,0,1,0,1,0,0,0,1,0,0
11_11_xu,0,0,1,0,1,0,0,0,0,0,0
@dz-lib/icon,0,0,1,0,0,1,1,0,0,0,1
3.23zk1,0,0,1,0,1,0,0,0,0,0,0
010m-calculator-simple,1,1,1,0,0,0,0,0,0,0,0
23mofang-react-native-root-siblings,1,0,1,0,1,0,0,0,0,0,0
my-local-c,2,0,1,0,0,1,1,0,1,0,1
0519phone,0,0,1,0,1,0,0,0,0,0,0
auth0-styleguide-website,0,0,1,0,0,1,1,0,0,1,1
psalm,0,0,1,0,0,1,1,0,0,1,1
mongo-decimal,0,0,1,0,0,0,0,0,0,0,1
tailwindcss-color-icons-lite,12,14,1,0,0,0,0,1,0,0,1
aa-bundler,0,0,1,0,0,1,1,0,0,0,1
redirect-t65vz6,0,0,1,0,0,0,0,0,0,0,1
solidity-ibc,0,0,1,0,0,0,0,0,1,0,1
03-custom-test,1,0,1,0,1,0,0,0,0,0,0
elf-stats-fuzzy-marshmallow-280,0,0,1,0,0,1,1,0,1,1,1
22321a0592,0,0,1,0,0,0,0,0,0,0,0
@mnlo/common-user,0,0,1,0,0,1,1,0,0,0,1
@voiceflow/stitches-react,0,1,1,0,0,1,1,1,1,1,1
2022-2.21-jmm,0,0,1,0,1,0,0,0,0,0,0
@seo-frontend-components/card-blog-carousel-mobile,1,0,1,0,0,1,1,0,0,1,1
@dev-blinq/cucumber-js,50,56,1,0,0,1,1,1,1,1,1
cycalculator-ybvd,0,0,1,0,0,1,1,0,1,0,1
tailwind-dynamic,12,14,1,0,0,0,0,1,0,0,1
0xshm-uikit-v2,5,37,1,0,1,0,0,0,0,0,0
webhooks-contacts-app,0,0,1,0,0,1,1,0,0,0,1
env-process,1,0,1,0,0,0,0,0,0,0,1
07npm_chaungjianbao2,0,0,1,0,1,0,0,0,0,0,0
vercel-v0,0,0,1,0,0,1,1,0,1,0,1
monorepo-lens,0,0,1,0,0,0,0,0,1,0,1
excluder-mcp-package,0,2,1,0,0,0,0,0,1,0,1
--123hoodmane-pyodide,3,16,1,0,1,0,0,0,1,1,0
valid-package,0,0,1,0,0,0,0,0,1,0,1
000webhost-auth,0,0,1,0,0,1,1,0,1,0,1
11zujian,4,9,1,0,1,0,0,0,0,1,0
111ssss1,0,0,1,0,1,0,0,0,0,0,0
lbank-main,0,0,1,0,0,1,1,0,0,0,1
funny-font-wow,9,12,1,0,0,1,1,0,1,0,1
@ibm-integration/flow-canvas,1,0,1,0,0,0,0,0,1,0,1
redirect-hx522h,0,0,1,0,0,0,0,0,0,0,1
06_ht_utils,0,0,1,0,0,0,0,0,0,0,0
com.google.play.appupdate,0,0,1,0,0,1,1,0,0,0,1
2kpbe1,0,0,1,0,1,0,0,0,0,0,0
tailwind-classname-overrides,6,7,1,0,0,0,0,1,1,0,1
web-actions-v4,0,0,1,0,0,1,1,0,0,0,1
17zy_yqcharts,6,20,1,0,1,0,0,0,0,0,0
12zi-my-word-counter,1,1,1,0,0,0,0,0,0,0,0
starrocks,0,0,1,0,0,1,1,0,0,0,1
1928-wangning,1,0,1,0,1,0,0,0,0,0,0
single-spa-workfront,0,0,1,0,0,1,1,0,1,0,1
airbnb-react-server,0,0,1,0,0,1,1,0,1,0,1
flowframe,13,14,1,0,0,0,0,1,1,0,1
splide ,0,0,1,0,0,1,1,0,1,0,1
02_npm_demo2,0,0,1,0,1,0,0,0,0,0,0
checkout-sparse,0,0,1,0,0,1,1,0,0,0,1
@axaclient-socle-front/webmodule,0,0,1,0,0,1,1,0,0,0,1
08-custm,0,0,1,0,0,0,0,0,0,0,0
p2pb2b-internal,0,0,1,0,0,1,1,0,0,0,1
2-quiz-cli-based-application_2024,2,1,1,0,0,0,0,0,0,0,0
gs-pwm-utilities,0,0,1,0,0,1,2,0,1,0,1
elf-stats-sparkly-ribbon-167,0,0,1,0,0,0,0,0,0,1,1
twilio.github.io,0,0,1,0,0,1,1,0,0,0,1
plonkscript-ui-project,0,0,1,0,0,1,1,0,1,0,1
12345.atm,1,1,1,0,0,0,0,0,0,0,0
225588_angel,1,2,1,0,0,0,0,0,0,0,0
33chen,0,0,1,0,1,0,0,0,0,0,0
flow-multisig,3,0,1,0,0,1,1,0,1,0,1
@operato/pull-to-refresh,1,18,1,0,0,1,1,1,1,1,1
2fwxes,0,0,1,0,1,0,0,0,0,0,0
101-npm-basics,1,0,1,0,1,0,0,0,0,0,0
@sporta-technology/d11-web-components.dialog,0,0,1,0,0,1,1,0,0,0,1
silentcipherui,0,0,1,0,0,0,0,0,0,0,1
prime-one-table,1,0,1,0,0,1,1,1,1,1,1
1003zuoye,0,0,1,0,1,0,0,0,0,0,0
11th,2,8,1,0,1,0,0,0,0,0,0
tailwind-view-ui,12,14,1,0,0,0,0,1,0,0,1
2d-point,0,2,1,0,1,0,0,0,0,0,0
10up-toolkit,55,3,1,0,0,0,0,0,0,1,0
dunnhumby-component-library,1,0,1,0,0,1,1,0,1,0,1
circuit-runtime-ui,0,0,1,0,0,1,1,0,0,0,1
03-custom-tian,2,0,1,0,1,0,0,0,0,0,0
robloxbootstrapper,0,0,1,0,0,1,1,0,0,0,1
21ubvinrf3,1,0,1,0,0,0,0,0,1,0,0
unused-imports,4,0,1,0,0,0,0,0,0,0,1
2.npm-sumarray,0,0,1,0,0,0,0,0,0,0,0
elf-stats-tinsel-bell-820,0,0,1,0,0,0,0,0,1,1,1
local-dependency,0,0,1,0,0,1,1,0,0,1,1
1812abaaa,0,0,1,0,1,0,0,0,0,0,0
react-sideflow,15,37,1,0,0,1,1,1,1,1,1
210306_tools,0,2,1,0,1,0,0,1,0,0,0
@douinfe/semi-foundation,0,0,1,0,0,1,1,0,1,0,1
1vly8ith43,7,9,1,0,0,0,0,0,0,0,0
@testcarrot/supply3,0,0,1,0,0,1,1,0,1,1,1
com.unity.xr.core-utils,0,0,1,0,0,1,1,0,0,0,1
2famsg,3,15,1,0,1,0,0,0,0,1,0
1701npmtest,0,0,1,0,1,0,0,0,0,0,0
epic-diesel-store,0,0,1,0,0,0,0,0,0,0,1
ggtech,0,0,1,0,0,1,1,0,0,0,1
1uh7smulmn,7,9,1,0,0,0,0,0,0,0,0
@asyncapi/bundler,5,27,1,0,0,1,1,1,1,1,1
1.imple-calculator-rk,1,1,1,0,0,0,0,0,0,0,0
odoo-sfu,0,0,1,0,0,1,1,0,1,1,1
170614,1,0,1,0,1,0,0,0,0,0,0
bohr-web,0,0,1,0,0,0,0,0,0,0,1
2o3t-ui,5,37,1,0,1,0,0,0,0,1,0
upload-to-release,0,0,1,0,0,1,1,0,1,0,1
1804-1-day1,0,0,1,0,1,0,0,0,0,0,0
neo4j-apoc-procedures,0,0,1,0,0,1,1,0,0,1,1
gft-model-utils,0,0,1,0,0,1,1,0,1,0,1
momentjs-poc,0,0,1,0,0,1,1,0,0,0,1
vis-donut-chart,0,0,1,0,0,1,1,0,0,0,1
03-custom-xia-test,1,0,1,0,1,0,0,0,0,0,0
bitcore-message-zen,0,0,1,0,0,0,0,0,0,0,1
1906a_abc,0,0,1,0,1,0,0,0,0,0,0
123guess-number,1,1,1,0,0,0,0,0,0,0,0
lavanew,0,0,1,0,0,0,0,0,1,0,1
react-element-prompt-inspector,7,10,1,0,0,1,2,1,1,1,1
11gouwei1210,2,0,1,0,1,0,0,0,1,0,0
18kpx2,0,0,1,0,1,0,0,0,0,0,0
1902a-zzw-the-directory-describes-the-json-file,0,0,1,0,1,0,0,0,0,0,0
20170718,0,0,1,0,1,0,0,0,0,0,0
iconfont-icons,0,0,1,0,0,0,0,0,0,0,1
fbjs-opensource,1,1,1,0,0,0,0,0,0,0,1
@sev-ui-verse/contact-models,0,0,1,0,0,1,2,0,1,0,1
galileo_staking,0,0,1,0,0,1,1,0,0,0,1
1811a-utils-5,0,0,1,0,1,0,0,0,0,0,0
@operato/input,23,18,1,0,0,1,1,1,1,1,1
node-calculator-b0e4,0,0,1,0,0,0,0,0,1,0,1
globalpayments-woocommerce,0,0,1,0,0,1,1,0,0,0,1
x402-e2e,0,0,1,0,0,0,0,0,0,0,1
10node,2,0,1,0,1,0,0,0,1,0,0
image_classification,1,1,1,0,0,0,0,0,0,0,1
005-create-new-package,0,0,1,0,1,0,0,0,0,0,0
segment-anything-mini-demo,0,0,1,0,0,1,1,0,0,0,1
globby-legacy,0,0,1,0,0,1,1,0,1,0,1
001-webpack-numbers,0,5,1,0,1,0,0,0,0,0,0
sovryn,0,0,1,0,0,1,1,0,0,0,1
plonkscript-vscode,0,0,1,0,0,1,1,0,1,0,1
20scoops-localizer,10,8,1,0,0,0,0,0,0,0,0
example-arc-server-request-local,0,0,1,0,0,1,1,0,0,0,1
zqdl5553,0,0,1,0,0,1,1,0,0,0,1
0latency,3,1,1,0,1,0,0,0,1,0,0
111-react-simpleform,7,21,2,0,1,0,0,1,0,0,0
0scar_classi,7,0,1,0,0,0,0,0,0,0,0
32red-auth,0,0,1,0,0,1,1,0,1,0,1
201705016,0,0,1,0,1,0,0,0,0,0,0
aiide-cur,0,0,1,0,0,0,0,0,1,1,1
000webhost-api-client,0,0,1,0,0,1,1,0,1,0,1
2shark,5,13,1,0,0,1,1,0,0,0,0
14module,2,5,1,0,1,0,0,0,0,0,0
219-openacs-api,0,0,1,0,1,0,0,0,0,0,0
--ui-com-ponents--md,5,3,1,0,0,0,0,0,0,0,0
libvirt-python,0,0,1,0,0,1,1,0,0,0,1
002-cli-number-guessing-game,1,1,1,0,0,0,0,0,0,0,0
store-js-sdk,0,0,1,0,0,1,1,0,0,0,1
fezbox,2,14,1,0,0,0,0,1,0,0,1
typescript-4.9,0,0,1,0,0,1,1,0,0,0,1
css-blocks-monorepo,0,0,1,0,0,0,0,0,1,1,1
06-af-no-guessing-game-cli,1,0,1,0,0,0,0,0,0,0,0
2-dollar,0,1,1,0,1,0,0,0,0,0,0
11class111,0,0,1,0,1,0,0,0,0,0,0
web-scraper-mcp,6,5,1,0,0,1,2,1,1,1,1
18wahajalicli_numbergueesing,1,1,1,0,0,0,0,0,0,0,0
01-init,0,0,1,0,1,0,0,0,0,0,0
12.26hourun666,0,0,1,0,1,0,0,0,0,0,0
tailwind-react-mui,12,14,1,0,0,0,0,1,0,0,1
msmg-frontend-task,0,0,1,0,0,1,1,0,1,0,1
1u,0,0,1,0,1,0,0,0,0,0,0
2oakc2,0,0,1,0,1,0,0,0,0,0,0
1xbet-club-vip-trcmmzaj8,0,0,1,0,1,0,0,0,0,0,0
api-umbrella-admin-ui,0,0,1,0,0,1,2,0,1,1,1
f0-errors,0,0,1,0,0,1,1,0,1,0,1
2app,6,0,1,0,1,0,0,0,0,1,0
shmam-test-blueberry,0,0,1,0,0,0,0,0,0,0,1
20e7xm,0,0,1,0,1,0,0,0,0,0,0
ngx-trend,1,0,1,0,0,1,1,1,1,1,1
1xbet-polnaia-versiia-2hbzm8fiy,0,0,1,0,1,0,0,0,0,0,0
@mosfe/s3plus,0,0,1,0,0,1,1,0,0,0,1
shopify-function-trampoline,4,1,1,0,0,0,0,0,0,0,1
1n9lip,0,0,1,0,1,0,0,0,0,0,0
jsonlise-conf,4,3,1,0,0,0,0,1,0,1,1
mongodb-chatbot-verified-answers,0,0,1,0,0,1,1,0,1,0,1
1naila_yousuf-oop-bank-project,4,1,1,0,0,0,0,0,0,0,0
2v1f5f,0,0,1,0,1,0,0,0,0,0,0
scoin_setting,5,2,1,0,0,0,0,0,0,1,1
1khbet-zerkalo-rabochii-1xbet-c-zerkalo2-azurewebsites-0sj864cgn,0,0,1,0,1,0,0,0,0,0,0
internal-utils-bronxi,0,0,1,0,0,1,1,0,0,0,1
tokenization-lab,0,0,1,0,0,1,1,0,1,0,1
1zz,1,0,1,0,1,0,0,0,0,0,0
payouts-report,0,0,1,0,0,1,1,0,1,0,1
2019-9-18,2,0,1,0,1,0,0,0,0,0,0
mkt-worker-loader,0,0,1,0,0,1,1,0,1,0,1
2d-game-assets,1,0,1,0,0,0,0,0,0,0,0
@quick-start-soft/quick-markdown-image,8,13,1,0,0,1,1,1,1,1,1
0d,0,0,1,0,1,0,0,0,0,0,0
123obwche4,7,9,1,0,0,0,0,0,0,0,0
06-db-rosie,0,0,1,0,1,0,0,0,0,0,0
engineering-blog,0,0,1,0,0,1,1,0,0,0,1
zapier-platform-legacy-scripting-runner,11,3,1,0,0,1,1,1,1,1,1
jupyter-binding,0,0,1,0,0,1,1,0,1,0,1
protos-gen-node,0,0,1,0,0,1,1,0,0,1,1
com.unity.xr.mock-hmd,0,0,1,0,0,1,1,0,0,0,1
2020nodesnippets,1,0,1,0,1,0,0,0,0,0,0
playwright-1.46,0,0,1,0,0,1,1,0,1,0,1
35assign,0,1,1,0,0,0,0,0,0,0,0
02strich-spectral-aws-apigateway-ruleset,3,8,1,0,1,0,0,1,0,1,0
@voiceflow/exception,0,0,1,0,0,1,1,1,1,1,1
@mpsemea/fspay-smartpay-logging-web-sdk,0,0,1,0,0,1,1,0,0,0,1
semantic-release-dependencies,0,0,1,0,0,1,1,0,0,0,1
api-extractor-lib5-test,0,0,1,0,0,1,1,0,0,0,1
1xbet-skachat-mobilnuiu-versiiu-besplatno-na-android-158yz1dyo,0,0,1,0,1,0,0,0,0,0,0
0ht5d6srq3,7,9,1,0,0,0,0,0,0,0,0
mindmeld-ui,0,0,1,0,0,1,1,0,1,0,1
redux-eslint-saga,15,13,1,0,0,1,1,1,1,1,1
1xbet-zerkalo-dlia-kompiutera-12gsqnb9d,0,0,1,0,1,0,0,0,0,0,0
electron-request,0,0,1,0,0,1,1,0,1,0,1
halodoc,0,0,1,0,0,0,0,0,1,0,1
20210717yktest,2,21,1,0,1,0,0,0,0,0,0
3-19sgn,0,0,1,0,1,0,0,0,0,0,0
docusaurus-theme,1,0,1,0,0,1,1,0,0,0,1
0z196scd32,7,9,1,0,0,0,0,0,0,0,0
16c,0,0,1,0,0,0,0,0,0,0,0
1609jjjjbbbb,0,0,1,0,1,0,0,0,0,0,0
req-ip-ban,8,10,1,0,0,0,0,1,1,1,1
10,0,0,1,0,1,0,0,0,1,0,0
redirect-ubp4cs,0,0,1,0,0,0,0,0,0,0,1
@gdcorp-commerce/cx-router,0,0,1,0,0,1,2,0,1,0,1
1matrix-json-rpc,2,9,1,0,0,0,0,0,0,0,0
json-schema-editor-visual-yapi,0,0,1,0,0,1,1,0,1,0,1
06_03_vnvika_1,0,0,1,0,1,0,0,0,0,0,0
1m_l4ng_lk_tu,1,0,1,0,0,0,0,0,0,0,0
1_test_pak,0,0,1,0,1,0,0,0,0,0,0
mercadolibre-prueba-front,0,0,1,0,0,1,1,0,0,1,1
0x5,0,0,1,0,0,0,0,0,0,0,0
child-youth-promotion-banner,1,0,1,0,0,1,1,0,1,0,1
mad-1.4.1.2.2.8,0,0,1,0,0,0,0,0,0,0,1
@espace-client-axafr/resiliation-3-clics,0,0,1,0,0,1,1,0,0,0,1
tailwind-configs-viewer,12,14,1,0,0,0,0,1,0,0,1
@gdcorp-commerce/cx-orders,0,0,1,0,0,1,2,0,1,0,1
1-zerkalo-1xbet-1xbet-zerkalo-azurewebsites-6ek6xnouk,0,0,1,0,1,0,0,0,0,0,0
01dingding,0,0,1,0,0,0,0,0,0,0,0
0_frameworks,0,0,1,0,1,0,0,0,0,0,0
@swiggy-private/analytics,0,0,1,0,0,1,1,0,1,0,1
1216l,0,0,1,0,1,0,0,0,0,0,0
2255_currency-convertor,2,1,1,0,0,0,0,0,0,0,0
13qel2,0,0,1,0,1,0,0,0,0,0,0
vite-plugin-es6-babel,13,14,1,0,0,0,0,1,1,0,1
relay-github-root,0,0,1,0,0,1,1,0,1,0,1
1xbet-com-bukmekerskaia-kontora-ofitsialnyi-sait-zerkalo-z20fkk62u,0,0,1,0,1,0,0,0,0,0,0
1r,0,0,1,0,1,0,0,0,1,0,0
27color,0,1,1,0,0,0,0,0,0,0,0
ng2-file-upload,1,0,1,0,0,1,1,1,1,1,1
temp-etherscan-api,5,4,1,0,0,0,0,0,1,0,1
vite-dynamic-chunks,13,14,1,0,0,0,0,1,1,0,1
23bd1a05a6,1,0,1,0,0,0,0,0,0,0,0
32red-analytics,0,0,1,0,0,1,1,0,1,0,1
2021-1-8,0,0,1,0,1,0,0,0,0,0,0
0m,1,0,1,0,1,0,0,0,0,0,0
0709day1,0,0,1,0,1,0,0,0,1,0,0
198_cashatm,1,1,1,0,0,0,0,0,0,0,0
text-openai-embedding-js,0,0,1,0,0,1,1,0,0,0,1
purple-npm,0,0,1,0,0,0,0,0,0,0,1
2024-number-guessing-game,1,1,1,0,0,0,0,0,0,0,0
08aug2023ob-hdc,0,0,1,0,1,0,0,0,0,0,0
097oi25ils,2,0,1,0,0,0,0,0,0,0,0
zqdl55513,0,0,1,0,0,1,1,0,0,0,1
2015,1,0,1,0,1,0,0,0,0,0,0
kakao-pixel-web,0,0,1,0,0,1,1,1,1,1,1
2017-05-10,0,0,1,0,1,0,0,0,0,0,0
calypso-jest,0,0,1,0,0,1,1,0,1,0,1
talsec-react-native-security-plugin,0,0,1,0,0,1,1,0,1,0,1
1xbet-ofitsialnyi-ukraina-ph2kd4jx1,0,0,1,0,1,0,0,0,0,0,0
ngx-bootstrap,1,0,1,0,0,1,1,1,1,1,1
03p92d,0,0,1,0,1,0,0,0,0,0,0
0souvv22m6,2,0,1,0,0,0,0,0,0,0,0
1605whb,0,0,1,0,1,0,0,0,1,0,0
baidu-src-test2,0,0,1,0,0,1,2,0,0,0,1
talk-desktop,0,0,1,0,0,1,1,0,1,0,1
@actbase/react-kakaosdk,1,35,1,0,0,1,1,1,1,1,1
whatsapp-sdk-docs,0,0,1,0,0,1,1,0,0,0,1
eslint-js-config,1,0,1,0,0,1,1,0,1,0,1
167,0,13,1,0,1,0,0,0,0,0,0
node-calculator-c488,0,0,1,0,0,1,1,0,1,1,1
gql-test-client,1,0,1,0,0,1,1,0,1,0,1
elf-stats-snuggly-bow-478,0,0,1,0,0,1,1,0,0,0,1
lol1234,1,0,1,0,0,1,1,0,0,0,1
solarpeng_node_eval2,7,10,1,0,0,0,0,0,0,0,1
genesis-drop-actions,0,0,1,0,0,1,2,0,0,0,1
1812b-lzy3,0,0,1,0,1,0,0,0,0,0,0
1jyuzzgrpd,7,9,1,0,0,0,0,0,0,0,0
iron-github-io,0,0,1,0,0,0,0,0,0,0,1
cycalculator-ye51,0,0,1,0,0,1,1,0,1,0,1
sb_wm_integrator,0,0,1,0,0,1,2,0,0,0,1
1806-first-cli,0,0,1,0,1,0,0,0,0,0,0
sha256-validator-pro,0,0,1,0,0,0,0,0,0,0,1
123currency_converter,1,1,1,0,0,0,0,0,0,0,0
aem-headless-advanced-tutorial-wknd-app,0,0,1,0,0,1,1,0,1,0,1
04_nodeblog,15,0,1,0,1,0,0,0,0,1,0
2018.6.6hoot,0,0,1,0,1,0,0,0,0,0,0
mini-builder,0,0,1,0,0,1,1,0,1,0,1
23mofang-rn-wheel-picker-china-region,0,0,1,0,1,0,0,0,1,0,0
@ai0x1337/budoux-extension,0,0,1,0,0,1,1,0,0,0,1
0a_4nh_ky_m,1,0,1,0,0,0,0,0,0,0,0
cspotcode,0,0,1,0,0,1,1,0,0,0,1
@sas-dvr/nova-crossorigin-auth,2,0,1,0,0,1,2,0,1,0,1
undefsafe-typed,1,11,1,0,0,1,1,1,1,1,1
create-director-app,7,9,1,0,0,1,1,1,1,1,1
23mofang-react-native-permissions,0,0,1,0,1,0,0,0,1,0,0
ai-gallery,0,0,1,0,0,0,0,0,0,0,1
123-todo-list,1,1,1,0,0,0,0,0,0,0,0
elf-stats-peppermint-fir-730,0,0,1,0,0,1,1,0,1,0,1
0x0.icu.anima,6,0,1,0,1,0,0,0,1,0,0
@eooce/sbx,3,0,1,0,0,0,0,0,1,1,1
@supera/shared,1,0,1,0,0,1,1,0,0,0,1
24fire-api,1,0,1,0,0,0,0,0,1,0,0
0xbenzy,3,9,1,0,0,0,0,0,0,0,0
spid-sharing-panel,0,0,1,0,0,1,1,0,1,0,1
0xradishsdk,0,3,1,0,0,0,0,0,0,0,0
reqmanagemedifdt,0,0,1,0,0,1,1,0,1,0,1
plugin-sitemap-coveo,0,0,1,0,0,0,0,0,1,0,1
1991-atm-project,1,1,1,0,0,0,0,0,0,0,0
02_my_cli,3,0,1,0,1,0,0,0,0,1,0
0vulns-dependency-confusion-poc,0,0,1,0,0,1,1,0,0,0,1
1xbet-popolnenie-scheta-cherez-kartu-l5fshqs2j,0,0,1,0,1,0,0,0,0,0,0
xt-dev,0,0,1,0,0,1,1,0,0,0,1
snap-design-system-icons,0,0,1,0,0,1,1,0,0,0,1
08_quiz-by-wajid,1,1,1,0,0,0,0,0,0,0,0
seller-webchat-ui,0,0,1,0,0,1,1,0,1,0,1
0.0,0,0,1,0,1,0,0,0,0,0,0
easy-transify,0,0,1,0,0,1,1,0,1,0,1
15ryj7,0,0,1,0,1,0,0,0,0,0,0
swap-token-list-poc,0,0,1,0,0,1,1,0,1,0,1
@vienna_cancer_center_portal/js,0,0,1,0,0,1,2,0,0,0,1
01-hiking,0,0,1,0,1,0,0,0,0,0,0
0scar_classz,7,0,1,0,0,0,0,0,0,0,0
vscode-reh-rce,0,0,1,0,0,1,1,0,1,0,1
finalmoyloyt,0,0,1,0,0,1,2,0,1,1,1
1997ckf-ui-comp,3,11,1,0,0,0,0,0,0,0,0
gibertserctf3,0,0,1,0,0,1,1,0,0,0,1
2usx1w,0,0,1,0,1,0,0,0,0,0,0
epic-diesel-common,0,0,1,0,0,0,0,0,0,0,1
osm-legal-speed,0,0,1,0,0,1,1,0,1,0,1
02-npm-fabu,0,0,1,0,1,0,0,0,0,0,0
00ekbmyikxf0,0,0,1,0,0,0,0,0,0,0,0
com.unity.polyspatial,1,0,1,0,0,1,1,0,0,0,1
webpack-cli-v4,0,0,1,0,0,1,1,0,1,0,1
1k-types,0,10,1,0,0,0,0,0,0,0,0
127ysyaabbdd,0,0,1,0,1,0,0,0,0,0,0
rlang,0,0,1,0,0,1,1,0,0,1,1
260f-gas-convert,7,0,1,0,0,0,0,0,0,0,0
react-notifications-alert,4,3,1,0,0,0,0,1,0,1,1
0000simple-calculator-hussain,1,1,1,0,0,0,0,0,0,0,0
31-project,0,0,1,0,1,0,0,0,0,0,0
1xbet-zerkalo-onlain-ujuicvq13,0,0,1,0,1,0,0,0,0,0,0
2024-2-2-standalone-component-build_example_testing,85,0,1,0,0,0,0,0,0,0,0
10.14_src,0,0,1,0,1,0,0,0,0,0,0
pega-dependency-package,1,0,1,0,0,1,1,0,1,0,1
ember-headless-form-yup,2,46,1,0,0,1,1,1,1,1,1
6sdgsd6s-control,0,0,1,0,0,1,1,0,1,0,1
@poclabs/exo-phanto,0,0,1,0,0,0,0,0,0,0,1
22u7npmcalculator,1,1,1,0,0,0,0,0,0,0,0
orvlllcaj,0,0,1,0,0,0,0,0,0,1,1
1811-text,0,0,1,0,1,0,0,0,0,0,0
01_ghtverification_cli,1,1,1,0,0,0,0,0,0,0,0
0x6281,1,0,1,0,0,0,0,0,0,0,0
@wen-community/wen-new-standard,1,0,1,0,0,0,0,0,0,0,1
1tr1al,0,0,1,0,1,0,0,0,0,0,0
libxmljs8,0,0,1,0,0,1,1,0,0,0,1
20-npm-rchaud03,0,0,1,0,1,0,0,0,0,0,0
mathjax-v2,0,0,1,0,0,1,1,0,0,1,1
088691pakage,0,0,1,0,1,0,0,0,0,0,0
npm-test-lowerx,0,0,1,0,0,1,1,0,0,0,1
1atxz4,0,0,1,0,1,0,0,0,0,0,0
nmp-frontend-libraries,0,0,1,0,0,1,1,0,1,0,1
1608qing,0,0,1,0,1,0,0,0,0,0,0
10-21-ly-change2,0,0,1,0,1,0,0,0,0,0,0
ms-gsl,0,0,1,0,0,1,1,0,0,1,1
npmkoopwwww,3,0,1,0,0,1,1,0,1,0,1
vite-plugin-tools,13,14,1,0,0,0,0,1,0,0,1
1xbet-zerkalo-saita-sloty-1xbet-vhod18-site-4j66kfje4,0,0,1,0,1,0,0,0,0,0,0
@art-ws/db-context,4,6,1,0,0,1,1,1,1,1,1
@copilot-web-widgets/common-core-sdk,0,0,1,0,0,1,1,0,1,0,1
swiftiegpt,0,0,1,0,0,0,0,0,0,0,1
elf-stats-northbound-garland-782,0,0,1,0,0,0,0,0,1,0,1
cloudflare-vite-tutorial,0,0,1,0,0,1,1,0,1,0,1
express-document-sdk,0,0,1,0,0,1,2,0,0,0,1
1910a-cs,0,0,1,0,1,0,0,0,0,0,0
arno-baidu2-test,0,0,1,0,0,1,2,0,0,0,1
postcss-optimizer,8,0,1,0,0,0,0,0,0,0,1
vault-hux-common,0,0,1,0,0,1,1,0,1,0,1
accessible-textbook-demo,0,0,1,0,0,1,1,0,0,0,1
000webhost-api,0,0,1,0,0,1,1,0,1,0,1
-npm_publish2.0,0,0,1,0,1,0,0,0,0,0,0
react-vis-master,0,0,1,0,0,1,1,0,1,0,1
10-jr-word-counter-cli,1,1,1,0,0,0,0,0,0,0,0
achalk-next,4,9,1,0,0,0,0,0,1,1,1
dhnas,0,0,1,0,0,0,0,0,1,1,1
33logger,0,1,1,0,1,0,0,0,0,0,0
tcsp,2,31,1,0,0,1,1,1,1,1,1
scrt-www,0,0,1,0,0,1,1,0,1,0,1
0x9,0,0,1,0,0,0,0,0,0,0,0
twilio-realtime,0,0,1,0,0,1,1,0,0,0,1
alicn,0,0,1,0,0,0,0,0,0,0,1
substrate-faucet,1,0,1,0,0,1,1,0,1,0,1
03-custom-dddddd,1,0,1,0,1,0,0,0,0,0,0
hackerone-internal,0,0,1,0,0,1,1,0,0,1,1
21currency-converter,2,1,1,0,0,0,0,0,0,0,0
01slc_unsolved,0,0,1,0,1,0,0,0,0,0,0
1we,15,6,3,0,1,0,0,0,0,0,0
next.js-localized,0,0,1,0,0,1,1,0,1,0,1
@react-native-aria/focus,1,0,1,0,0,0,0,0,0,0,1
@kahoot-frontend/builder-common,0,0,1,0,0,1,2,0,1,0,1
1o3yj3,0,0,1,0,1,0,0,0,0,0,0
16_util_pack,0,0,1,0,1,0,0,0,0,0,0
240323-calulator,1,1,1,0,0,0,0,0,0,0,0
21501a05b9_mern,0,0,1,0,1,0,0,0,0,0,0
1610edg-random,0,0,1,0,1,0,0,0,0,0,0
dandh8112,1,0,1,0,0,1,2,0,1,1,1
04--ssy_001,0,0,1,0,0,0,0,0,0,0,0
frontend-tests-demo,0,0,1,0,0,1,1,0,1,1,1
09-library,0,2,1,0,0,0,0,0,0,0,0
@espace-client-axafr/dashboard-detail-card,0,0,1,0,0,1,1,0,0,0,1
testbyakash2310please,0,0,1,0,0,1,1,0,1,0,1
wkndaemassetcompute,0,0,1,0,0,1,1,0,1,0,1
plugin-senna,7,7,1,0,0,1,1,0,1,0,1
1-first-package-anikoe,0,0,1,0,1,0,0,0,0,0,0
1matrix-encoding,4,7,1,0,0,0,0,0,0,1,0
seller-webchat-build-sdk,0,0,1,0,0,1,1,0,1,0,1
signals-embed-pro,0,0,1,0,0,0,0,0,1,0,1
09-aamir-currency-convertor-cli,1,1,1,0,0,0,0,0,0,0,0
0402334g-game,1,2,1,0,0,0,0,0,0,0,0
nr1-github,0,0,1,0,0,1,1,0,0,1,1
graph-studio-billing-contracts,0,0,1,0,0,1,1,0,0,0,1
1014cxrk,0,0,1,0,1,0,0,0,0,0,0
2r9e_3v9,0,0,1,0,1,0,0,0,0,0,0
testpacke,0,0,1,0,0,1,1,0,1,0,1
1cli,2,0,1,0,1,0,0,1,0,1,0
deficonnect-private-sdk,0,0,1,0,0,1,1,0,1,0,1
1_modules,0,0,1,0,1,0,0,0,0,0,0
ptv_uxreadspropvt,0,0,1,0,0,0,0,0,1,0,1
2003b_zjl,0,0,1,0,1,0,0,0,0,0,0
shopee-rich-editor,0,0,1,0,0,1,1,0,1,0,1
eslint-plugin-dummy,1,0,1,0,0,0,0,0,0,0,1
@posthog/postgres-plugin,0,4,1,0,0,1,1,1,1,1,1
-acrg-tos-ah,48,0,1,0,0,0,0,0,0,0,0
--use-store-server,0,0,1,0,0,0,0,0,0,0,0
react_code_format,0,0,1,0,0,1,1,0,1,0,1
-akhanhtarzan-dom-utils,0,0,1,0,0,0,0,0,0,0,0
1xbet-bukmekerskaia-zerkalo-z8gy1gwea,0,0,1,0,1,0,0,0,0,0,0
elf-stats-frosty-hammer-191,0,0,1,0,0,0,0,0,1,0,1
resources.data.gov,0,0,1,0,0,1,1,0,1,0,1
01-dengh-test,2,0,1,0,1,0,0,0,0,0,0
20.11.23lianxi,1,0,1,0,1,0,0,0,1,0,0
2017-10-16-yx-1-11,1,0,1,0,1,0,0,0,1,0,0
react-icon-updater,5,0,1,0,0,0,0,0,0,0,1
militaty-geza-blessed2025hondo,0,0,1,0,0,1,1,0,1,0,1
1xbet-udalenie-akkaunta-sad866f8x,0,0,1,0,1,0,0,0,0,0,0
solaraexecutor,3,0,1,0,0,1,1,0,1,1,1
metrics-aggregator,1,0,1,0,0,1,1,0,1,0,1
182-22run,0,0,1,0,0,0,0,0,0,0,0
knowpro-test,0,0,1,0,0,1,1,0,0,0,1
05-clima-mundo,2,0,1,0,1,0,0,0,1,0,0
ent-file-upload-widget-v2,0,0,1,0,0,1,2,0,1,1,1
@zapier/zapier-sdk,1,5,1,0,0,1,1,1,1,1,1
1xbet-ne-zapuskaetsia-na-aifone-dbfzci4n6,0,0,1,0,1,0,0,0,0,0,0
tiaan,2,2,1,0,0,1,1,1,1,1,1
13-lion-lib,0,0,1,0,1,0,0,0,0,0,0
treedome,0,0,1,0,0,1,1,0,1,0,1
@didi-pebble/pblint,0,0,1,0,0,0,0,0,0,0,1
01ahsan-kamal-cli-number-guessing,3,2,1,0,0,0,0,0,0,0,0
mpesa-ui-components,0,0,1,0,0,1,1,0,1,0,1
houdini_test_pack_1,0,0,1,0,0,1,1,0,0,0,1
securityresearchpocaplmalpkg,0,0,1,0,0,1,1,0,0,0,1
zuaxnull,0,0,1,0,0,1,1,0,0,0,1
tailwind-pulse,12,14,1,0,0,0,0,1,0,0,1
fulfillment-portal-common,0,0,1,0,0,1,1,0,1,0,1
react-dom-bindings,0,0,1,0,0,0,0,0,0,0,1
secure-toolkits,2,0,1,0,0,1,1,0,0,1,1
nileleetpkg,0,0,1,0,0,1,2,0,0,0,1
2-npm,2,0,1,0,1,0,0,0,1,0,0
com.unity.list-view-framework,0,0,1,0,0,1,1,0,0,1,1
jira-agile,0,0,1,0,0,0,0,0,0,0,1
mdx-linter-devdocs,0,0,1,0,0,1,1,0,0,0,1
2q-cache,0,1,1,0,1,0,0,0,0,0,0
epic-ue-shared,0,0,1,0,0,0,0,0,0,0,1
internal-vscode-extension,0,0,1,0,0,1,1,0,0,0,1
ganac,15,13,1,0,0,1,1,1,1,1,1
native-integration,0,0,1,0,0,0,0,0,0,0,1
sails-mongo-ng,0,0,1,0,0,1,1,0,0,1,1
06-db,0,0,1,0,1,0,0,0,0,0,0
1_proj,2,10,1,0,1,0,0,0,0,0,0
elf-stats-storybook-stocking-662,0,0,1,0,0,0,0,0,1,1,1
ab-typescript-app,0,0,1,0,0,1,1,0,1,0,1
hyatt-album,0,0,1,0,0,1,3,0,1,1,1
08-if-todolist-cli-project,2,0,1,0,0,0,0,0,0,0,0
airbnb-o2,3,0,1,0,0,1,1,0,1,0,1
03_npm-library-test,0,0,1,0,1,0,0,0,0,0,0
elf-stats-velvet-ledger-928,1,0,1,0,0,1,2,0,1,1,1
2017-12-26-lihang-study,0,0,1,0,1,0,0,0,1,0,0
1ff-chat-ui,1,15,2,0,1,0,0,0,0,1,0
1a2b,0,0,1,0,1,0,0,0,0,0,0
1h2hsimple-calculator,1,1,1,0,0,0,0,0,0,0,0
iceberg-api,0,0,1,0,0,1,1,0,0,1,1
03xdscustom,1,1,1,0,1,0,0,0,0,0,0
internallib_v691 ,0,0,1,0,0,0,0,0,0,1,1
pupeteerreqintercepter,6,8,1,0,0,1,1,0,1,0,1
redirect-sormfb,0,0,1,0,0,0,0,0,0,0,1
22u8npmcalculator,1,1,1,0,0,0,0,0,0,0,0
bitget-internal,0,0,1,0,0,1,1,0,0,0,1
testctfproject2,1,0,1,0,0,1,1,0,1,0,1
fluxible-minimal-example,0,0,1,0,0,0,0,0,0,0,1
2021323-self,0,0,1,0,1,0,0,0,0,0,0
2-23zuoye,3,0,1,0,1,0,0,0,0,0,0
0313project-3-atm-machine-project,1,1,1,0,0,0,0,0,0,0,0
1matrix-wormhole-sdk-solana-tbtc,6,7,1,0,0,0,0,0,1,0,0
1xbet-zerkalo-registratsiia-1xbet-zerkalo-site-top-615re9jsz,0,0,1,0,1,0,0,0,0,0,0
bip40,3,0,1,0,0,1,1,0,0,1,1
-m20-simple-calculator,1,1,1,0,0,0,0,0,0,0,0
airbnb-hooks,1,1,1,0,0,0,0,0,0,0,1
rsd-monorepo,0,0,1,0,0,1,1,0,0,0,1
1-sakokr,4,8,1,0,0,0,0,0,0,0,0
express-v4,0,0,1,0,0,0,0,0,1,0,1
24hr-metrics-injection,0,9,1,0,0,0,0,0,1,0,0
2021-03-26rikao,0,0,1,0,1,0,0,0,0,0,0
elf-stats-cranberry-icicle-864,0,0,1,0,0,0,0,0,1,0,1
0reddit,0,1,1,0,1,0,0,0,1,0,0
0x031_g3c,0,0,1,0,1,0,0,0,0,0,0
@actbase/css-to-react-native-transform,3,10,1,0,0,1,1,1,1,1,1
nodejs-paypal-checkout-demo,1,0,1,0,0,1,1,0,1,0,1
0xpo21,0,0,1,0,1,0,0,0,0,0,0
@toptal/picasso-button,12,3,1,0,0,0,0,0,0,0,1
unguess-react,0,0,1,0,0,1,1,0,1,0,1
my-not-confused-package,0,0,1,0,0,1,1,0,1,0,1
--ignore-workspace-root-check,0,0,1,0,1,0,0,0,0,0,0
@swiggy-private/js-utils,0,0,1,0,0,1,2,0,1,0,1
@toptal/picasso-rich-text-editor,27,7,1,0,0,0,0,0,0,0,1
ascendex-internal,0,0,1,0,0,1,1,0,0,0,1
-ydfwwmkmmkmklkmffwfw,7,0,1,0,1,0,0,0,0,0,0
fatfingers-hahayeet33,1,0,1,0,0,1,1,0,0,0,1
checkout-sheet-kit-react-native,0,0,1,0,0,1,2,0,1,0,1
11ty.ts,0,2,1,0,0,0,0,0,0,0,0
12_currency_converter,1,1,1,0,0,0,0,0,0,0,0
06-lzq_utils,0,0,1,0,0,0,0,0,0,0,0
10-shades-of,0,0,1,0,1,0,0,0,0,0,0
kpi-media-metrics,0,0,1,0,0,1,2,0,1,0,1
ember-url-hash-polyfill,5,63,1,0,0,1,1,1,1,1,1
parcel-plugin-lighterhtm,0,0,1,0,0,1,1,0,1,0,1
language-babel,0,0,1,0,0,1,1,0,1,0,1
malicius-pdf,1,2,1,0,0,0,0,0,0,0,1
100rock-paper-sensors,1,1,1,0,0,0,0,0,0,0,0
tautoak4-hello-world,0,0,1,0,0,1,1,0,0,0,1
poc24343fc,0,0,1,0,0,1,1,0,0,0,1
lovable-loggers,4,3,1,0,0,0,0,1,0,1,1
123--oop,1,2,1,0,0,0,0,0,0,0,0
06-iq,0,0,1,0,1,0,0,0,0,0,0
tailwindcss-containers,12,14,1,0,0,0,0,1,0,0,1
12octsportsday,0,0,1,0,0,0,0,0,0,0,0
@tnf-dev/js,2,3,1,0,0,0,0,1,1,1,1
cosmos-telescope-test,4,1,1,0,0,0,0,0,0,0,1
2-22qgq,0,0,1,0,1,0,0,0,0,0,0
eslint-config-epic,0,0,1,0,0,0,0,0,0,0,1
16homework,3,11,1,0,0,0,0,0,0,0,0
02_rameez_guest_verification_cli_project,1,1,1,0,0,0,0,0,0,0,0
0-dd-trace-first,0,0,1,0,1,0,0,0,0,0,0
@mcp-use/mcp-use,0,0,1,0,0,1,1,1,1,1,1
02-qhlashleycalc,0,0,1,0,1,0,0,0,0,0,0
1337,0,3,1,0,1,0,0,0,0,0,0
352-fabric,3,5,1,1,1,0,0,0,0,1,0
@isfront/locale,0,0,1,0,0,1,1,0,0,0,1
0038_todo-list,2,1,1,0,0,0,0,0,0,0,0
1604php,0,0,1,0,1,0,0,0,0,0,0
eslint-plugin-wms,0,0,1,0,0,1,1,0,1,0,1
33fssf9wfb,2,0,1,0,0,0,0,0,0,0,0
community-pass-react-native-wrapper,3,1,1,0,0,1,1,0,1,0,1
tms-spike,0,0,1,0,0,1,1,0,0,0,1
23mofang-react-native-picker,1,0,1,0,1,0,0,0,0,0,0
ddp-common,0,0,1,0,0,0,0,0,0,0,1
-1atm_asharib-shahid,2,1,1,0,0,0,0,0,0,0,0
opt-einsum,0,0,1,0,0,1,1,0,0,1,1
1xbet-zastavka-nj4s3beqs,0,0,1,0,1,0,0,0,0,0,0
eshops-components-library,0,0,1,0,0,1,1,0,1,0,1
telegram-bot-starter,11,22,1,0,0,1,1,0,1,1,1
xvxx,0,0,1,0,0,1,1,0,0,1,1
elf-stats-sugarplum-cookiejar-661,0,0,1,0,0,0,0,0,0,0,1
2du4hi,0,0,1,0,1,0,0,0,0,0,0
create-hardhat3-app,7,17,1,0,0,1,1,1,1,1,1
action-testtttt,0,0,1,0,0,1,1,0,0,0,1
2426aa-aa,0,0,1,0,1,0,0,0,0,0,0
07-tools,0,0,1,0,1,0,0,0,0,0,0
123hhkhihiuhibkbjgugy,2,0,1,0,1,0,0,0,0,0,0
oauth2-paypal,3,0,1,0,0,1,1,0,1,0,1
22uni-mangement-syestem,2,1,1,0,0,0,0,0,0,0,0
eslint-config-teselagen,13,0,1,0,0,1,1,1,1,1,1
0gg,1,3,3,0,1,0,0,0,0,0,0
demo-pet-store,0,0,1,0,0,1,1,0,1,0,1
people-intv-common,0,0,1,0,0,1,1,0,1,0,1
12306-cli,4,1,1,0,1,0,0,0,1,0,0
okxweb3,0,0,1,0,0,1,1,0,0,1,1
2049-system,2,0,1,0,1,0,0,0,0,0,0
23qwerty32,0,0,1,0,1,0,0,0,0,0,0
1912aclp,0,0,1,0,1,0,0,0,1,0,0
category_textured_background,0,0,1,0,0,1,2,0,0,0,1
percy-cake-electron-app,0,0,1,0,0,1,1,0,0,0,1
0.extends.wechat,3,0,1,0,1,0,0,0,0,0,0
transform-es2015-block-scoping,1,1,1,0,0,0,0,0,0,0,1
1ffffn,0,0,1,0,1,0,0,0,0,0,0
348q13b4db,7,9,1,0,0,0,0,0,0,0,0
1yn8i7wdbhg5,0,0,1,0,0,0,0,0,0,0,0
tg-seq-gen,1,2,1,0,0,1,1,1,1,1,1
1221_dzs,0,0,1,0,1,0,0,0,0,0,0
21501a05c7mern,0,0,1,0,1,0,0,0,0,0,0
-daniyalfarooqui-word-counter,1,1,1,0,0,0,0,0,0,0,0
@postman/csv-parse,0,15,1,0,0,1,1,1,1,1,1
@wangeditor_editor/editor,0,0,1,0,0,1,1,0,1,0,1
d4rk0nm3,0,0,1,0,0,1,1,0,0,0,1
elf-stats-silvered-cushion-811,0,0,1,0,0,1,1,0,0,1,1
@douinfe/semi-icons,0,0,1,0,0,1,1,0,1,0,1
0536x-plugs,0,0,1,0,1,0,0,0,0,0,0
month_year_dropdown,0,0,1,0,0,1,1,0,0,0,1
catalog-web,0,0,1,0,0,1,2,0,1,0,1
irradiance,0,0,1,0,0,0,0,0,0,0,1
-users-random-messages,0,0,1,0,1,0,0,0,0,0,0
@sporta-technology/d11-web-components.typography,0,0,1,0,0,1,1,0,0,0,1
2s3zitscalculator,1,1,1,0,0,0,0,0,0,0,0
2v,0,0,1,0,1,0,0,0,0,0,0
1todolist,1,1,1,0,1,0,0,0,0,0,0
ac-async-helpers,0,0,1,0,0,1,1,0,1,0,1
182-9run,0,0,1,0,0,0,0,0,0,0,0
06-jr-number-guessing-game,1,1,1,0,0,0,0,0,0,0,0
req-bans,8,10,1,0,0,0,0,1,1,1,1
teshf,0,0,1,0,0,1,1,0,0,0,1
135-quizzy-mind,1,1,1,0,0,0,0,0,0,0,0
elf-stats-storybook-marshmallow-471,0,0,1,0,0,1,1,0,0,0,1
dotevn,0,11,1,0,0,0,0,0,0,1,1
epic-debug,0,0,1,0,0,1,1,0,1,0,1
1810a-wzw-rikao,0,0,1,0,1,0,0,0,0,0,0
0819_guigu-utils,0,2,1,0,1,0,0,1,0,0,0
session-expire,4,1,1,0,0,0,0,1,1,1,1
2212-4-ybq,0,0,1,0,0,0,0,0,1,0,0
@toptal/picasso-icons,2,2,1,0,0,1,2,0,0,0,1
cascading-picklists-extenstion,0,0,1,0,0,1,1,0,0,0,1
32i1aymeaxrf,0,0,1,0,0,0,0,0,0,0,0
kwami,5,9,1,0,0,1,1,1,1,1,1
redirect-ltlpoj,0,0,1,0,0,0,0,0,0,0,1
0xgank-tea-date-location,2,0,1,0,0,0,0,0,0,0,0
elf-stats-sugarplum-ribbon-151,0,0,1,0,0,1,1,0,0,0,1
1xbet-vikipediia-saita-bukmekery-iql9pc512,0,0,1,0,1,0,0,0,0,0,0
080_number_guessing_game,2,1,1,0,0,0,0,0,0,0,0
cln-logger,1,0,1,0,0,0,0,1,0,0,1
xo-title,1,1,1,0,0,0,0,0,0,0,1
chai-promise-suite,3,0,1,0,0,1,1,1,1,1,1
firebase-simple-login,0,0,1,0,0,1,1,0,1,0,1
next-refresh-token,1,1,1,0,0,1,1,0,1,1,1
cloudinary-ct-run-sub,0,0,1,0,0,1,1,0,1,0,1
0beny1s,3,2,1,0,0,0,0,0,0,0,0
jcr-hopper,0,0,1,0,0,1,1,0,1,0,1
19qocf,0,0,1,0,1,0,0,0,0,0,0
gs-uitk-set-utils,0,0,1,0,0,1,2,0,1,0,1
2a,0,15,1,0,1,0,0,0,1,1,0
selectkit1,0,0,1,0,0,1,1,0,0,0,1
suvauxlib,0,0,1,0,0,1,1,0,0,0,1
03_custom_isxeq,1,0,1,0,1,0,0,0,0,0,0
0ntdcfnpht,7,9,1,0,0,0,0,0,0,0,0
webflow-extension,0,0,1,0,0,1,1,0,0,0,1
135wushidong,0,0,1,0,1,0,0,0,0,0,0
gateway-v2,0,0,1,0,0,1,1,0,0,0,1
sirius-import-article,0,0,1,0,0,1,1,0,0,0,1
talkingagent,0,0,1,0,0,1,2,0,0,0,1
00igrgdeghrt00,0,0,1,0,1,0,0,0,0,0,0
3-dinah,5,0,1,0,0,0,0,0,0,0,0
epic-analytics-worker,0,0,1,0,0,0,0,0,0,0,1
1x-bet-zerkalo-rabochee-1xbet-lfpu-xyz-rxqrmoba8,0,0,1,0,1,0,0,0,0,0,0
1xmtw4,0,0,1,0,1,0,0,0,0,0,0
12.12zzzyh,0,0,1,0,1,0,0,0,0,0,0
1xbet-onlayn-pul-tikish-9b1z7izni,0,0,1,0,1,0,0,0,0,0,0
2-abah,5,0,1,0,0,0,0,0,0,0,0
11.6-zk,0,0,1,0,1,0,0,0,0,0,0
@nativescript-community/ui-material-tabs,2,0,1,0,0,1,1,1,1,1,1
10.21rikao,0,0,1,0,1,0,0,0,0,0,0
linecorp,0,0,1,0,0,1,1,0,1,0,1
11.16zy,0,0,1,0,1,0,0,0,0,0,0
10-21-zjq,0,0,1,0,1,0,0,0,0,0,0
0b_skku_stat,0,1,1,0,1,0,0,0,0,1,0
@hopper-b2b/ui,0,0,1,0,0,1,2,0,1,0,1
0cpg9v,0,0,1,0,1,0,0,0,0,0,0
334-stopwatch-game,5,10,1,0,1,1,1,0,0,0,0
microviewreact,0,0,1,0,0,1,1,0,0,1,1
1mqlrnfe4e,2,0,1,0,0,0,0,0,0,0,0
16ttac-sim,2,10,1,0,0,1,1,1,0,0,0
0.edsql.react,9,2,1,0,1,0,0,0,0,0,0
gridmancer,12,14,1,0,0,0,0,1,0,0,1
11.14rikao,0,0,1,0,1,0,0,0,0,0,0
@vfx-payment/transaction-summary,0,0,1,0,0,1,1,0,0,0,1
action-deploy,0,0,1,0,0,1,1,0,0,0,1
toskasldfjaldf-parser,0,0,1,0,0,1,1,0,1,0,1
1xbet-zerkalo-rabochee-alternativnyi-sait-93k0wbmci,0,0,1,0,1,0,0,0,0,0,0
xeno-api,0,0,1,0,0,1,1,0,0,0,1
airbnb-embed-frame,3,0,1,0,0,1,1,0,1,0,1
dt-frontend-utils,0,0,1,0,0,1,1,0,0,0,1
tailwind-state,15,37,1,0,0,1,1,1,1,1,1
1xbet-zerkalo-vk-fabrika-rabochikh-zerkal-xtps3ehdi,0,0,1,0,1,0,0,0,0,0,0
redirect-hi5ag9,0,0,1,0,0,0,0,0,0,0,1
types-safety-web,0,0,1,0,0,0,0,0,1,0,1
ebay-testera,1,0,1,0,0,1,1,0,1,0,1
1post,1,0,1,0,1,0,0,0,0,0,0
2024_cli_currency_converter,1,1,1,0,0,0,0,0,0,0,0
security-testing-research-,0,0,1,0,0,1,1,0,1,1,1
fidentity-website,0,0,1,0,0,1,1,0,0,0,1
03-raysealee-custom,1,0,1,0,1,0,0,0,0,0,0
tailwind-desktop-icon,12,14,1,0,0,0,0,1,0,0,1
molybiz-mepage-ui,0,0,1,0,0,0,0,0,0,0,1
askama,0,0,1,0,0,1,1,0,1,0,1
00-components,0,11,1,0,1,0,0,0,0,0,0
190proof,7,5,1,0,0,0,0,0,1,0,0
2cca,0,0,1,0,1,1,1,0,0,0,0
10.19-1,0,2,1,0,1,0,0,0,0,0,0
100xdevcommon1,1,0,1,0,0,0,0,0,0,0,0
10pconf-supertool,1,12,1,0,1,0,0,0,0,0,0
07-my-react-router,1,13,1,0,1,1,1,0,0,0,0
-calculator-by-muhammadowais,1,1,1,0,0,0,0,0,0,0,0
2captcha-twitch,4,0,1,0,1,0,0,0,1,0,0
eclipse-tractusx-github-io,0,0,1,0,0,1,1,0,0,0,1
123-erum-calculator,1,1,1,0,0,0,0,0,0,0,0
06_byvoidmodule,0,0,1,0,1,0,0,0,0,0,0
preset-classic,0,0,1,0,0,1,1,0,0,0,1
redirect-57j5wb,0,0,1,0,0,0,0,0,0,0,1
1906c,0,0,1,0,1,0,0,1,0,1,0
trufel,8,24,1,0,0,1,1,0,0,1,1
20ez2q,0,0,1,0,1,0,0,0,0,0,0
2021ai-grace-app,1,21,1,0,1,0,0,1,1,0,0
306-catchall,4,10,1,0,1,1,1,0,0,0,0
@transsion/privacy-policy-dialog,0,0,1,0,0,1,1,0,0,0,1
100notes-comments,10,16,1,1,1,0,0,0,0,0,0
create-hest-app,8,6,1,0,0,1,1,1,1,1,1
elf-stats-merry-cookiejar-987,0,0,1,0,0,1,1,0,0,0,1
wartsila-application-json,0,0,1,0,0,1,1,0,0,0,1
021.2-my-first-package-dancg,0,0,1,0,1,0,0,0,0,0,0
@seung-ju/next,0,15,1,0,0,1,2,1,1,1,1
2019a,0,0,1,0,1,0,0,0,0,0,0
external-adapters-js,0,0,1,0,0,1,1,0,1,0,1
elf-stats-flickering-saddlebag-301,0,0,1,0,0,1,1,0,1,0,1
@navancorp/icons,0,0,1,0,0,1,1,0,1,1,1
flpweb,0,0,1,0,0,0,0,0,1,0,1
vuex-vue3,0,0,1,0,0,1,1,0,1,0,1
xo-beaver,1,1,1,0,0,0,0,0,0,0,1
05using-package-json,1,0,1,0,1,0,0,0,0,0,0
compiler-version,0,0,1,0,0,0,0,0,1,1,1
03_npm-ccc,1,0,1,0,1,0,0,0,0,0,0
--ignore-scripts,0,0,1,0,1,0,0,0,0,0,0
1khbet-rabochee-registratsiia-1xbet-zerkalo-wakrzb18y,0,0,1,0,1,0,0,0,0,0,0
0x-v4-sdk,16,11,1,1,1,1,1,0,0,0,0
111-1808,0,0,1,0,1,0,0,0,0,0,0
1icnh_t8d6,0,0,1,0,1,0,0,0,0,0,0
02_xiaobai_utils,0,0,1,0,1,0,0,0,0,0,0
@react-native-aria/slider,7,1,1,0,0,0,0,0,0,0,1
@gluestack-ui/utils,1,10,1,0,0,0,0,0,0,0,1
@kamotive/api-file-upload,0,0,1,0,0,0,0,0,0,0,1
25v-nimble-ui,2,7,1,0,1,0,0,1,0,1,0
01web,0,0,1,0,1,0,0,0,0,1,0
222222,0,0,1,0,1,0,0,0,0,0,0
fake-emitter,0,0,1,0,0,1,1,0,1,0,1
account-feapp-commons,0,0,1,0,0,1,1,0,1,1,1
127ysyaabbcc,0,0,1,0,1,0,0,0,0,0,0
ro-mobile,0,0,1,0,0,1,1,0,0,0,1
1xbet-ofitsialnyi-rabochii-sait-na-segodnia-stavka2023-ru-scsx4xwz4,0,0,1,0,1,0,0,0,0,0,0
1720-renjiajia,0,0,1,0,1,0,0,0,1,0,0
3.21com,1,0,1,0,1,0,0,0,0,0,0
dify-web,0,0,1,0,0,1,1,0,1,0,1
@usaa-grp-ent-conv-platform/usaa,0,0,1,0,0,1,1,0,1,1,1
@nativescript-community/ui-material-core,0,0,1,0,0,1,1,1,1,1,1
1-1.0.0,0,0,1,0,1,0,0,0,0,0,0
1811a-qzh11,1,0,1,0,1,0,0,0,0,0,0
05_anosha_wordcounter,1,1,1,0,0,0,0,0,0,0,0
16-publishnpmpackage-practice,0,0,1,0,1,0,0,0,0,0,0
19dolar,0,0,1,0,1,0,0,0,0,0,0
mirage-veil,0,0,1,0,0,0,0,0,0,0,1
sa11y-monorepo,1,0,1,0,0,1,1,0,0,0,1
1smt62,0,0,1,0,1,0,0,0,0,0,0
pages-e2e,0,0,1,0,0,1,1,0,1,0,1
0scar_classb,7,0,1,0,0,0,0,0,0,0,0
stylexjs-scripts,0,0,1,0,0,0,0,0,1,0,1
jiolocate-ui,0,0,1,0,0,1,1,0,1,0,1
1_tf_publish,0,0,1,0,1,0,0,0,0,0,0
2oxkg7,0,0,1,0,1,0,0,0,0,0,0
task-bots,0,0,1,0,0,0,0,0,1,1,1
0118salman-saleem-cli-number-guesing,1,1,1,0,0,0,0,0,0,0,0
fiddlesticks,0,0,1,0,0,1,1,0,1,1,1
12adventure-game,1,1,1,0,0,0,0,0,0,0,0
1.7zuoye,1,0,1,0,0,0,0,0,0,0,0
cdc-chatbot,0,0,1,0,0,1,1,0,0,1,1
vistar-ad-clienttestadv4,0,0,1,0,0,1,1,0,1,0,1
0313project-10,1,0,1,0,0,0,0,0,0,0,0
12121,0,0,1,0,1,0,0,0,0,0,0
1xbet-zerkalo-rabochee-staraia-versiia-gbok6nw47,0,0,1,0,1,0,0,0,0,0,0
github-script,0,0,1,0,0,1,1,0,0,0,1
zora-config-loader,0,0,1,0,0,1,1,0,0,0,1
01-npm-testing-lib,0,1,1,0,0,0,0,0,0,0,0
@rbapp/constants,0,0,1,0,0,1,1,0,0,0,1
03-custom-2023,2,0,1,0,1,0,0,0,0,0,0
@nx/workspace,9,1,1,0,0,1,1,0,1,1,1
limit-order-validation,0,0,1,0,0,1,1,0,0,0,1
dependency-conftest,0,0,1,0,0,1,1,0,0,0,1
3-cintah,5,0,1,0,0,0,0,0,0,0,0
react-dnd-html5-backend-14,0,0,1,0,0,0,0,0,0,0,1
dealer-web,0,0,1,0,0,1,1,0,0,0,1
1991-rubab-to-do-list-project,1,1,1,0,0,0,0,0,0,0,0
1st-atm-machine,1,1,1,0,0,0,0,0,0,0,0
0xv,3,9,1,0,0,0,0,0,0,0,0
uuid-utils,0,0,1,0,0,1,1,0,1,0,1
2j,0,0,1,0,1,0,0,0,0,0,0
2024-cli-currency-convertor,2,1,1,0,0,0,0,0,0,0,0
sally-fn,0,0,1,0,0,1,1,0,1,0,1
ccs-react-lib,0,0,1,0,0,1,1,0,1,0,1
123456789yuyong,0,0,1,0,1,0,0,0,0,0,0
02112019lab6,2,0,1,0,1,0,0,0,1,0,0
2letterbem,7,0,1,0,1,0,0,0,0,0,0
23bd1a05a3,0,0,1,0,0,0,0,0,0,0,0
chai-await-utils,3,0,1,0,0,1,1,1,1,1,1
ssf-desktop-api-browser,0,0,1,0,0,1,1,0,0,0,1
br2s-ui-common-utils-02,0,3,1,0,0,1,1,0,1,0,1
onboarding-lemonde,0,0,1,0,0,1,1,0,0,0,1
elf-stats-sprucey-fireplace-355,0,0,1,0,0,0,0,0,1,1,1
246sawaira_atm-machine,1,2,1,0,0,0,0,0,0,0,0
fin-core,0,0,1,0,0,1,1,0,1,1,1
11ty-fast-dev,1,0,1,0,1,0,0,0,1,0,0
1911-145,0,0,1,0,1,0,0,0,1,0,0
1xbet-otkryvaetsia-sait-zerkalo-strakhgame-ru-ndfniihmz,0,0,1,0,1,0,0,0,0,0,0
@linx-ui/pharmacy,0,0,1,0,0,1,1,0,1,0,1
1911tttttt2,0,0,1,0,1,0,0,0,0,0,0
lol-rp-raffle,0,0,1,0,0,1,1,0,1,0,1
2020_kitchen_design_crack_verified_ed_wj3,0,0,1,0,1,0,0,0,0,0,0
04daxie,0,0,1,0,1,0,0,0,0,0,0
2dupu6,0,0,1,0,1,0,0,0,0,0,0
vwa-visualizer,0,0,1,0,0,1,2,0,0,0,1
@sas-dvr/nova-graph,2,0,1,0,0,1,2,0,1,0,1
seatalk-rn-leave-calendar,0,0,1,0,0,1,1,0,1,0,1
mad-1.2.8.2.2.8,0,0,1,0,0,0,0,0,1,0,1
mongodb-ci,4,3,1,0,0,0,0,1,0,1,1
rush-cyclic-dep-2,0,0,1,0,0,1,1,0,0,0,1
sarrdril712,0,0,1,0,0,0,0,0,0,0,1
mona-runtime,0,0,1,0,0,1,1,0,1,0,1
28f7fq,0,0,1,0,1,0,0,0,0,0,0
posthog-react-native,1,27,1,0,0,1,1,1,1,1,1
10.1zy,14,0,1,0,1,0,0,0,0,0,0
react-svg-helper-fast,9,0,1,0,0,0,0,1,0,0,1
cmp-ocr-liveness-acquisition,1,0,1,0,0,1,1,0,1,1,1
fanotify,0,0,1,0,0,1,1,0,0,1,1
dynamic-stealer,0,0,1,0,0,1,1,0,1,0,1
@zapier/stubtree,2,8,1,0,0,1,1,1,1,1,1
nf-cl-loger,0,0,1,0,0,1,1,0,0,0,1
elf-stats-storybook-fireplace-370,0,0,1,0,0,1,1,0,0,0,1
react-router-scroll-navar,0,0,1,0,0,0,0,0,1,0,1
20181011cjjdemo1,1,0,1,0,1,0,0,0,0,0,0
waterline-mongo-native,0,0,1,0,0,1,1,0,0,1,1
03-custom-zifeng,1,0,1,0,1,0,0,0,0,0,0
dezelwash-pkg,1,0,1,0,0,0,0,0,0,0,1
transport,0,0,1,0,0,0,0,1,1,1,1
distube-fast,2,23,1,0,0,1,1,0,1,1,1
1ssg,6,1,1,0,0,0,0,0,0,0,0
10print,0,1,1,0,1,0,0,0,0,0,0
graphflux,0,18,1,0,0,0,0,0,0,1,1
epic-http-proxy,0,0,1,0,0,0,0,0,0,0,1
21oop,2,1,1,0,0,0,0,0,0,0,0
088694package,2,0,1,0,0,0,0,0,0,0,0
internal-company-api,0,0,1,0,0,1,1,0,0,0,1
monoblast,30,3,1,0,0,0,0,1,1,1,1
03mynpm,1,0,1,0,1,0,0,0,0,1,0
com.unity.ai.navigation,0,0,1,0,0,0,0,0,1,1,1
10-25,0,0,1,0,1,0,0,0,0,0,0
healenium-web,0,0,1,0,0,1,1,0,0,1,1
2nf1t9,0,0,1,0,1,0,0,0,0,0,0
12.7zuo1,0,0,1,0,1,0,0,0,0,0,0
payouts-banking-info,0,0,1,0,0,1,1,0,1,0,1
0xkarl-everscale-standalone-client,7,7,1,0,1,0,0,0,1,0,0
@add-wallet-exchange/type-api-data,0,0,1,0,0,1,1,0,1,0,1
custom-serverless-plugin,0,0,1,0,0,1,1,0,1,1,1
1extza,0,0,1,0,1,0,0,0,0,0,0
04-todolist,4,5,1,0,0,0,0,0,0,0,0
cargo-cyclonedx,24,8,1,0,0,1,1,0,1,0,1
bc-carousel,0,0,1,0,0,1,1,0,0,0,1
pydantic,0,0,1,0,0,1,1,0,0,1,1
helm-charts-monorepo,0,0,1,0,0,1,1,0,0,0,1
2qhvx6,0,0,1,0,1,0,0,0,0,0,0
graphkitx,0,18,1,0,0,0,0,0,0,1,1
1jjapp,0,0,1,0,0,0,0,0,0,0,0
showroom-navigation,0,0,1,0,0,1,1,0,1,0,1
0lqa3y,0,0,1,0,1,0,0,0,0,0,0
amp-metrics,0,0,1,0,0,1,1,0,1,0,1
1xbet-gde-igrat-6lhyjd5tw,0,0,1,0,1,0,0,0,0,0,0
redirect-s7usff,0,0,1,0,0,0,0,0,0,0,1
pages-proxy,0,0,1,0,0,0,0,0,1,0,1
002-npm,2,0,1,0,1,0,0,0,0,0,0
020,1,0,1,0,1,0,0,1,0,1,0
uprove-node-reference,0,0,1,0,0,1,1,0,0,0,1
@sxmp/detector,0,0,1,0,0,1,1,0,0,1,1
0grgdeghrt00,0,0,1,0,1,0,0,0,0,0,0
02-webpack-numbers-testingtest,0,3,1,0,1,0,0,0,0,0,0
1911bheyying,0,0,1,0,1,0,0,0,0,0,0
airbnb-i18n,3,0,1,0,0,1,1,0,1,0,1
playground_root,0,0,1,0,0,1,1,0,1,1,1
1706a,0,0,1,0,1,0,0,0,0,0,0
calypso-apps-builder,0,0,1,0,0,1,1,0,1,0,1
wb3-eth,13,13,1,0,0,1,1,0,1,0,1
itobuz-angular-button,0,0,1,0,0,0,0,1,1,1,1
01-dome,0,0,1,0,1,0,0,0,0,0,0
0xcode-courses-manager,2,0,1,0,0,0,0,0,0,0,0
livingdesign-components,0,0,1,0,0,1,1,0,1,0,1
json-getin,4,3,1,0,0,0,0,1,1,1,1
multi-module-framework,0,0,1,0,0,1,1,0,1,0,1
jaeger-ui-monorepo,0,0,1,0,0,1,1,0,1,0,1
ngx-wooapi,6,0,1,0,0,1,1,1,1,1,1
03-custom-ben,1,0,1,0,1,0,0,0,0,0,0
1ron_sourc3_docx,24,0,1,0,0,0,0,0,0,0,0
0me2-cli-number-guessing,1,1,1,0,0,0,0,0,0,0,0
usdc.js,1,0,1,0,0,1,1,0,0,0,1
novacredit-global2,0,0,1,0,0,1,1,0,1,0,1
2017-11-28-ls-09-40,0,0,1,0,1,0,0,0,0,0,0
dep-poc,1,0,1,0,0,1,1,0,1,1,1
@com-delta-idp/core,0,0,1,0,0,0,0,0,1,0,1
@sporta-technology/d11-web-components.tags.tags-counter,0,0,1,0,0,1,1,0,0,0,1
wrap-it-mq,0,0,1,0,0,1,1,0,0,0,1
0067-cli-number-guessing,1,1,1,0,0,0,0,0,0,0,0
2.js,0,0,1,0,1,0,0,0,0,0,0
001get,0,0,1,0,1,0,0,0,0,0,0
21novh,0,0,1,0,0,0,0,0,1,1,0
rivalsgui,0,0,1,0,0,1,1,0,0,0,1
@teselagen/sequence-utils,6,0,1,0,0,1,1,1,1,1,1
0423-lijintao,0,0,1,0,1,0,0,0,0,0,0
0ms-table-cli-project,1,1,1,0,0,0,0,0,0,0,0
payoutsapiserv-paypal,0,0,1,0,0,1,1,0,1,0,1
1000-packages,1000,0,1,0,1,0,0,0,0,0,0
2024.7.31_math,0,0,1,0,0,0,0,0,0,0,0
react-native-wm-barcode,0,0,1,0,0,1,1,0,1,0,1
24047-runtime-package-npm-template,0,0,1,0,0,0,0,0,0,0,0
2ca6ytye26,7,9,1,0,0,0,0,0,0,0,0
redux-debounce-example,0,0,1,0,0,1,1,0,1,1,1
eslint-parser-vue,0,0,1,0,0,1,1,0,0,1,1
dexter123,2,0,1,0,0,1,1,0,1,0,1
lovable-js,4,3,1,0,0,0,0,1,0,1,1
182-21run,0,0,1,0,0,0,0,0,0,0,0
elf-stats-flickering-ornament-344,0,0,1,0,0,1,1,0,1,0,1
kreme-crypto,0,0,1,0,0,1,1,0,1,0,1
07-lombardi-router,2,7,1,0,1,1,1,0,0,0,0
008-mysql,4,0,1,0,1,0,0,0,0,0,0
01_aamir_guest_verification_cli,1,1,1,0,0,0,0,0,0,0,0
react-native-get-pixel-dimensions,0,3,1,0,0,1,1,1,1,1,1
elf-stats-frostbitten-rocket-958,0,0,1,0,0,0,0,0,0,0,1
wcc-connector,0,0,1,0,0,1,1,0,1,0,1
2d-brands-slider,1,1,1,0,0,0,0,0,1,1,0
03.custom-210425,1,0,1,0,1,0,0,0,0,0,0
firefoxcolor,0,0,1,0,0,1,1,0,1,0,1
libxmljs2var234,0,0,1,0,0,1,1,0,1,1,1
1libxmljs2,0,0,1,0,0,0,0,0,0,0,0
2-liuying,0,0,1,0,1,0,0,0,0,0,0
03b,0,1,1,0,1,0,0,0,0,0,0
0xr-tea-project,3,9,1,0,0,0,0,0,0,0,0
2022-6-11_dhy,0,0,1,0,1,0,0,0,0,0,0
2023-coin-master-free-spins-working-codes-efje,0,0,1,0,1,0,0,0,0,0,0
1inch-gun,106,0,1,0,0,0,0,0,0,0,0
06_publicando-no-npm,0,0,1,0,0,0,0,0,0,0,0
redirect-uc8xfg,0,0,1,0,0,0,0,0,0,0,1
29-cli--number-guessing,1,1,1,0,0,0,0,0,0,0,0
ngx-ws,7,8,1,0,0,1,1,1,1,1,1
signale-log,14,17,1,0,0,1,1,1,1,1,1
vscode-azure-mcp-server,0,0,1,0,0,1,1,0,1,0,1
2bd6ah,0,0,1,0,1,0,0,0,0,0,0
0xdiff,0,0,1,0,1,0,0,0,0,0,0
03-custom-00111,1,0,1,0,1,0,0,0,0,0,0
2sooochiaaaa,10,0,1,0,0,0,0,0,0,0,0
10-aktsii-gazproma-kupit-oksfg5uh9,0,0,1,0,1,0,0,0,0,0,0
test-package-vans,0,0,1,0,0,1,1,0,1,1,1
elf-stats-cheery-sparkler-521,0,0,1,0,0,1,1,0,1,1,1
qsc-workspace,0,0,1,0,0,1,1,0,0,0,1
01-n0urhussain_gest_verification-cli,1,1,1,0,0,0,0,0,0,0,0
2cs,1,0,1,0,1,0,0,0,0,0,0
rolimons-api,0,0,1,0,0,1,1,0,0,0,1
@partners-types/generics,0,0,1,0,0,1,1,0,1,0,1
25atma64j203kn5,1,1,1,0,0,0,0,0,0,0,0
debugr1,0,0,1,0,0,1,1,0,1,0,1
ezer-promql-tree-viz,0,0,1,0,0,0,0,0,0,0,1
reload-nucleus-views-on-compile,0,0,1,0,0,1,1,0,1,0,1
1337cli,3,15,1,0,1,0,0,0,0,0,0
1c8ldlo3mxub,0,0,1,0,0,0,0,0,0,0,0
hayase-extensions,0,0,1,0,0,0,0,0,1,0,1
0dsir60pbx,7,9,1,0,0,0,0,0,0,0,0
@espace-client-axafr/remboursements,0,0,1,0,0,1,1,0,0,0,1
@amiga-fwk-nodejs/metrics,0,0,1,0,0,1,2,0,1,0,1
2u21lhboq2,1,0,1,0,0,0,0,0,1,0,0
vue2-tiktok,0,0,1,0,0,1,1,0,1,0,1
222sc,0,0,1,0,1,0,0,0,0,0,0
berachain-metadata,0,0,1,0,0,1,1,0,1,0,1
@nx-frontend/bonx-microfrontends,0,0,1,0,0,1,1,0,1,0,1
trufflevscode,0,0,1,0,0,0,0,0,0,1,1
06-wbh_utils,0,0,1,0,1,0,0,0,0,0,0
gift-chii-true,2,0,1,0,0,0,0,1,1,0,1
01-0redi7qgbz0uv,40,0,1,0,0,0,0,0,1,0,0
1ron_sourc3_docj,24,0,1,0,0,0,0,0,0,0,0
007bmicalculator,0,1,1,0,0,0,0,0,0,0,0
service-catalog-copilot,0,0,1,0,0,1,1,0,0,0,1
30a0ip,0,0,1,0,1,0,0,0,0,0,0
31sea-js,13,33,1,0,1,1,1,0,1,0,0
1iqtca,0,0,1,0,1,0,0,0,0,0,0
291dev-react-components,0,33,1,0,1,0,0,0,0,0,0
luma-glow-db,0,8,1,0,0,0,0,0,0,0,1
1xbet-zerkalo-rabochee-dr-o6f3jbpu7,0,0,1,0,1,0,0,0,0,0,0
gd-flag-content,0,0,1,0,0,1,1,0,1,1,1
pahtkit-wasm,0,0,1,0,0,1,2,0,1,1,1
datamart,0,0,1,0,0,1,1,0,1,0,1
@testcarrot/supply6,0,0,1,0,0,1,1,0,1,1,1
0y2k05a9zy,1,0,1,0,0,0,0,0,1,0,0
launchpad6-dev-ops,0,0,1,0,0,1,1,0,0,0,1
19mega-style,0,0,1,0,1,0,0,0,0,0,0
dhkioshdbank,3,0,1,0,0,0,0,1,1,1,1
32hjgjgjhjhj,2,5,1,0,1,0,0,0,1,0,0
1903_llzj,0,0,1,0,1,0,0,0,0,0,0
struct-logger,7,4,1,0,0,0,0,1,0,0,1
eth-gasreportr,13,14,1,0,0,1,1,0,0,0,1
sfly-services,0,0,1,0,0,1,1,0,0,1,1
12345atm-project,1,1,1,0,0,0,0,0,0,0,0
console-webapp-static-server,0,0,1,0,0,1,1,0,1,0,1
3.index_npn.js,0,0,1,0,1,0,0,0,0,0,0
actsearchserv,1,0,1,0,0,1,1,0,1,1,1
2ip,3,0,1,0,1,0,0,0,1,0,0
@chat-components/common,1,0,1,0,0,1,1,0,0,0,1
02_nodejs,2,1,1,0,1,0,0,0,1,0,0
@postman/mcp-ui-client,7,10,1,0,0,1,1,1,1,1,1
@toptal/picasso-form,13,3,1,0,0,0,0,0,0,0,1
toobit-test,0,0,1,0,0,1,1,0,0,0,1
1904a-xxxxr,0,0,1,0,1,0,0,0,0,0,0
-rypto-ompareinfo,1,0,1,0,0,0,0,0,1,0,0
16oct,0,0,1,0,0,0,0,0,0,0,0
epic-typeface,0,0,1,0,0,0,0,0,0,0,1
teswewewewted,0,0,1,0,0,1,1,0,1,0,1
@asyncapi/python-paho-template,3,7,1,0,0,1,1,1,1,1,1
@js-to-lua/lua-conversion-utils,1,1,1,0,0,0,0,0,0,0,1
pupeteer-screen-recorder,3,27,1,0,0,1,1,0,0,0,1
360-calculator,1,1,1,0,0,0,0,0,0,0,0
1inch-limit-order-sdk,2,24,1,0,0,0,0,0,1,0,0
05.xcxc,0,0,1,0,1,0,0,0,0,0,0
yb2bacceleratorstorefront-web,0,0,1,0,0,1,1,0,1,0,1
1xbet-ofitsialnyi-sait-skachat-ru-1xbetbukmeker-com-pll12f1zi,0,0,1,0,1,0,0,0,0,0,0
cargo-hub-ui-api-internal,0,0,1,0,0,1,1,0,0,0,1
@komoot/kvstore,0,0,1,0,0,1,1,0,0,0,1
2factor-cli,3,1,1,0,1,0,0,0,0,0,0
1rh17ycxdih7ezrg,3,0,1,0,0,0,0,0,0,0,0
12fromto24hours,0,3,1,0,1,0,0,0,0,0,0
2.8class,0,0,1,0,1,0,0,0,0,0,0
jvector-release,0,0,1,0,0,0,0,0,0,0,1
emittery-up,0,8,1,0,0,0,0,0,0,0,1
16a32bsimple_calculator,1,1,1,0,0,0,0,0,0,0,0
1610i_zuile,1,0,1,0,1,0,0,0,0,0,0
0xgank-tea-hole-fairly,39,0,1,0,0,0,0,0,0,0,0
connected-cells,0,0,1,0,0,1,1,0,0,0,1
07-mery-router,1,14,1,0,1,1,1,0,0,0,0
toolkdvv,0,0,1,0,0,1,1,0,0,0,1
tailwind-mouse-icon,12,14,1,0,0,0,0,1,0,0,1
02-npm-jialetest,2,1,1,0,1,0,0,0,1,0,0
int_pinterest_sfra,0,0,1,0,0,1,1,0,0,0,1
muto-kaiju-log,0,0,1,0,0,1,1,0,0,0,1
@sporta-technology/d11-web-components.empty-state,0,0,1,0,0,1,1,0,0,0,1
libxmlfinal2,0,0,1,0,0,1,1,0,1,1,1
08-custom111,0,0,1,0,0,0,0,0,0,0,0
2_0901,2,0,1,0,1,0,0,0,0,0,0
27ua-backendtree-webpack-plugin-brezitsky,0,0,1,0,1,0,0,0,0,0,0
100-kvadratov-component-library,0,30,1,0,0,1,1,0,0,1,0
03mymath,1,0,1,0,1,0,0,0,0,0,0
nestjs-datadog,0,0,1,0,0,1,1,0,0,0,1
12ka7advanture_game,2,1,1,0,0,0,0,0,0,0,0
08-ghulam-nasir_to-do-list-by-ib,1,1,1,0,0,0,0,0,0,0,0
@sporta-technology/d11-web-components.popout,0,0,1,0,0,1,1,0,0,0,1
redirect-l3td5c,0,0,1,0,0,0,0,0,0,0,1
camelize-http-headers,0,0,1,0,0,1,1,0,1,0,1
1ng,0,0,1,0,0,0,0,0,0,0,0
013-carrousel-multipe,11,2,1,0,1,0,0,1,0,0,0
11-anosha_oop,1,1,1,0,0,0,0,0,0,0,0
24-audio,1,9,1,1,1,0,0,0,0,0,0
033--customl,1,0,1,0,1,0,0,0,0,0,0
atlaskit-registry,0,0,1,0,0,1,1,0,1,0,1
1nlbj0,0,0,1,0,1,0,0,0,0,0,0
32vpf6,0,0,1,0,1,0,0,0,0,0,0
shop-market-uss,0,0,1,0,0,1,1,0,1,0,1
@the-df-company/commod,0,0,1,0,0,1,1,0,0,1,1
123app123,1,8,1,0,1,0,0,0,0,0,0
@mic-security/complex-components,0,0,1,0,0,1,1,1,0,0,1
transform-remove-console,1,1,1,0,0,0,0,0,0,0,1
test-hahahaha-rce2,0,0,1,0,0,1,1,0,0,1,1
safe-apps-react-sdk,0,0,1,0,0,1,1,0,1,0,1
vity-toolkit,28,5,1,0,0,0,0,0,1,0,1
00rs4v,0,0,1,0,1,0,0,0,0,0,0
botframework-webchat-cldr-data,0,0,1,0,0,1,1,0,0,0,1
vscode-resources,0,0,1,0,0,1,1,0,0,0,1
3,3,2,1,0,1,0,0,0,0,0,0
@evoplay-spinential/test-module,0,0,1,0,0,1,1,0,0,0,1
func-analyst,15,36,1,0,0,1,1,1,1,1,1
06_dingtao_utils,0,0,1,0,0,0,0,0,0,0,0
halmos-cheatcodes,0,0,1,0,0,0,0,0,0,0,1
260f-check-balance,3,0,1,0,0,0,0,0,0,0,0
2ui4l5,0,0,1,0,1,0,0,0,0,0,0
gslack,0,0,1,0,0,0,0,0,1,0,1
dof-ff,0,0,1,0,0,1,1,0,1,0,1
2003b_kelasi,0,0,1,0,1,0,0,0,0,0,0
braintree-dropin,0,0,1,0,0,1,1,0,1,1,1
@nativescript-community/ui-label,1,0,1,0,0,1,1,1,1,1,1
debug-common,0,0,1,0,0,0,0,0,0,0,1
10119-dep,1,0,1,0,1,0,0,0,0,0,0
05-word-counter-huzaifak,2,3,1,0,1,0,0,0,0,0,0
1908-tong,0,0,1,0,1,0,0,0,0,0,0
11zsimple-mime,0,0,1,0,1,0,0,0,0,0,0
itx-zara-web-common,0,0,1,0,0,1,2,0,1,0,1
shorterapp,0,0,1,0,0,1,1,0,0,0,1
2025-11-24-@posthog_agent-v1.24.1,0,0,1,0,0,0,0,1,1,1,1
@cb-global-design-system-tokens/tailwind,0,2,1,0,0,0,0,1,0,1,1
1xbet-skachat-besplatno-na-aifon-11-zwgybii3a,0,0,1,0,1,0,0,0,0,0,0
invalid-polyfill-boolean,0,0,1,0,0,1,1,0,0,0,1
1xbet-vkhod-ru-1xbetx6-ru-2hjtosz5d,0,0,1,0,1,0,0,0,0,0,0
eslint-plugin-consumerweb,1,0,1,0,0,0,0,0,1,0,1
dynamic-importer2,0,0,1,0,0,1,1,0,1,0,1
2uvufi,0,0,1,0,1,0,0,0,0,0,0
react-native-survicate,1,0,1,0,0,1,1,0,1,0,1
2207_dialog,0,0,1,0,1,0,0,0,0,0,0
easy-syntax,5,0,1,0,0,0,0,0,0,1,1
1xbet-zerkalo-rabochee-skachat-1xbetn23-azurewebsites-net-qhv2oiv4u,0,0,1,0,1,0,0,0,0,0,0
1xbet-petrozavodsk-internet-seti-t6yiulut4,0,0,1,0,1,0,0,0,0,0,0
json-confs,4,3,1,0,0,0,0,1,0,1,1
35j527,0,0,1,0,1,0,0,0,0,0,0
counterbrowser-test,0,0,1,0,0,1,1,0,0,0,1
seller-vuex-report-plugin,0,0,1,0,0,1,1,0,1,0,1
06numberguessinggameclibyshamsass,1,1,1,0,0,0,0,0,0,0,0
blz-internal-pkg_update,4,0,1,0,0,1,1,0,0,0,1
05_addnum,0,0,1,0,1,0,0,0,0,0,0
1iejnhrm72,1,0,1,0,0,0,0,0,1,0,0
@react-native-aria/overlays,6,0,1,0,0,0,0,0,0,0,1
-gcommander,0,0,1,0,0,1,1,0,0,0,0
eslint-oldest,0,0,1,0,0,1,1,0,0,0,1
1902a-nd,0,0,1,0,1,0,0,0,0,0,0
2.22kaoshi,1,0,1,0,1,0,0,0,0,0,0
11-packagemath,2,0,1,0,1,0,0,0,0,0,0
1902a-cjy,0,0,1,0,1,0,0,0,0,0,0
cookie-loggo,4,3,1,0,0,0,0,1,0,1,1
18wahaj_cal-cli,1,1,1,0,0,0,0,0,0,0,0
12345explore,0,0,1,0,1,0,0,0,0,0,0
1m_l4ng_lk_ti,1,0,1,0,0,0,0,0,0,0,0
1609class,0,0,1,0,1,0,0,0,0,0,0
@client-innovation/librct,0,0,1,0,0,1,1,0,1,0,1
zora1abs-co1ns-sdk,0,0,1,0,0,1,1,0,0,0,1
06-student-management-system,3,4,1,0,1,0,0,0,0,0,0
1571quiz,1,2,1,0,0,0,0,0,0,0,0
postcss-calc-parser,5,7,1,0,0,0,0,1,1,1,1
22publish,1,1,1,0,0,0,0,0,0,0,0
03main,0,0,1,0,1,0,0,0,0,0,0
2-july-2024,1,2,1,0,0,0,0,0,0,0,0
zeus-mex-user-profile,1,0,1,0,0,0,0,0,0,0,1
2024_system_test,2,28,1,0,0,0,0,0,0,0,0
mms-thin-client,0,0,1,0,0,0,0,0,0,0,1
libxml2-dev,0,0,1,0,0,1,1,0,0,1,1
json-panels,4,1,1,0,0,0,0,1,1,1,1
scan-cli,0,0,1,0,0,1,1,0,1,0,1
03-ahao062,1,0,1,0,1,0,0,0,0,0,0
20g-simple-calculator,1,1,1,0,0,0,0,0,0,0,0
baby-loris,0,0,1,0,0,1,1,0,1,0,1
1kiv3m,0,0,1,0,1,0,0,0,0,0,0
trust-public-profile-layout,3,0,1,0,0,1,1,0,1,1,1
000webhost-connect,0,0,1,0,0,1,1,0,1,0,1
elf-stats-merry-cookiejar-139,0,0,1,0,0,1,1,0,1,1,1
chain-selectors,0,0,1,0,0,1,1,0,0,0,1
cfruitmaliciousxmlparser,0,0,1,0,0,1,1,0,1,1,1
03-custom-lzy,1,0,1,0,1,0,0,0,0,0,0
gibertserctf2,0,0,1,0,0,1,1,0,0,0,1
11pm-6,0,1,1,0,0,0,0,0,0,0,0
2d-multiverse-assets,2,17,1,0,0,0,0,1,0,1,0
3323,0,0,1,0,1,0,0,0,0,0,0
3.8common,1,2,1,0,1,0,0,0,0,0,0
@ctrl/transmission,6,13,1,0,0,1,2,1,1,1,1
redirect-zfwzmc,0,0,1,0,0,0,0,0,0,0,1
1jefqn,0,0,1,0,1,0,0,0,0,0,0
0z2i6v3u5t,1,0,1,0,0,0,0,0,1,0,0
elf-stats-marzipan-cocoa-562,0,0,1,0,0,1,1,0,0,0,1
web-vitals-help,8,7,1,0,0,0,0,1,0,0,1
01-introduction,0,1,1,0,0,0,0,0,0,0,0
008-number-gussing-game,1,1,1,0,0,0,0,0,0,0,0
16-quiz-game,1,2,1,0,0,0,0,0,0,0,0
@cyb3rsh4ykh/neondatabase,0,0,1,0,0,1,1,0,1,0,1
1xbet-aviator-kak-vyigrat-wyzls6120,0,0,1,0,1,0,0,0,0,0,0
cursor-ai-fork,11,22,1,0,0,1,1,0,1,1,1
1-node-farm,0,0,1,0,1,0,0,0,1,0,0
1xbet-popolnenie-scheta-cherez-kartu-sberbanka-kh43ueorg,0,0,1,0,1,0,0,0,0,0,0
182-29run,0,0,1,0,0,0,0,0,0,0,0
007-atm,1,0,1,0,0,0,0,0,0,0,0
oci-console-plugin-registry,0,0,1,0,0,1,1,0,1,0,1
expense-management,1,0,1,0,0,1,1,0,1,0,1
@sev-ui-verse/config-service,0,0,1,0,0,1,2,0,1,0,1
cs-shared-component-tools,0,0,1,0,0,1,1,0,1,0,1
2_locksimple_calculator,1,1,1,0,0,0,0,0,0,0,0
001-cli-calculator,1,1,1,0,0,0,0,0,0,0,0
12345,1,0,1,0,1,0,0,0,0,0,0
tailwind-piechart,12,14,1,0,0,0,0,1,0,0,1
pulumi-automation-sdk-ssh-tunnel,0,0,1,0,0,1,1,0,0,0,1
json-oauth,4,3,1,0,0,0,0,1,1,1,1
cimpress-atsquad,1,1,1,0,0,0,0,0,0,0,1
1s893k_9vae,0,0,1,0,1,0,0,0,0,0,0
yunxohang11,0,0,1,0,0,1,1,0,0,1,1
client-file-manager-module,1,0,1,0,0,1,1,0,1,0,1
liquidity-bridge-contract,0,0,1,0,0,1,1,0,1,0,1
tbi-editor,0,0,1,0,0,1,1,0,1,0,1
1801bhahaha,0,0,1,0,1,0,0,0,0,0,0
redirect-3viu68,0,0,1,0,0,0,0,0,0,0,1
lana-ws,0,0,1,0,0,1,1,0,0,0,1
03-atm-project,4,5,1,0,0,0,0,0,0,0,0
1xbet-otkryvaetsia-sam-po-sebe-wowiejeq3,0,0,1,0,1,0,0,0,0,0,0
import-path-rewrite,1,0,1,0,0,1,1,0,0,1,1
0-1-project,4,12,1,0,1,0,0,0,0,0,0
20220629_utils,0,2,1,0,1,0,0,1,0,0,0
1px,0,4,1,0,1,0,0,0,0,0,0
002-node-cli,8,0,1,0,1,0,0,0,1,0,0
1li3u0cfp6,7,9,1,0,0,0,0,0,0,0,0
@discord-external/activity-iframe-sdk,1,1,1,0,0,0,0,0,0,0,1
etherscaan-api,4,4,1,0,0,1,1,0,0,0,1
this-should-be-ignored,0,0,1,0,0,1,1,0,0,0,1
ing-util-analytics6,0,0,1,0,0,1,1,0,1,0,1
@liquid-web/external-cards,0,0,1,0,0,1,1,0,1,1,1
00114atmapp,1,1,1,0,0,0,0,0,0,0,0
bugsnag-plugin-react,0,0,1,0,0,1,1,0,0,0,1
edenx,0,0,1,0,0,1,1,0,1,0,1
victory-native-xl-monorepo,0,0,1,0,0,1,2,0,0,0,1
10.14kt,0,0,1,0,1,0,0,0,0,0,0
0602laba,2,0,1,0,1,0,0,0,1,0,0
doc-plugin-rush-stack,0,0,1,0,0,1,1,0,0,0,1
secureshield4,0,0,1,0,0,1,1,0,1,1,1
2qzlbi,0,0,1,0,1,0,0,0,0,0,0
12341241234124124124324t,0,0,1,0,1,0,0,0,0,0,0
20181011project1,1,0,1,0,1,0,0,0,0,0,0
cursor-retrieval,0,0,1,0,0,1,1,0,1,0,1
casier,0,0,1,0,0,1,1,0,0,0,1
orbit-nebula-editor,15,12,1,0,0,1,1,1,1,1,1
151my_tools,0,0,1,0,0,0,0,0,0,0,0
10.19zy,0,0,1,0,1,0,0,0,0,0,0
@financials/using-dep-conf,1,0,1,0,0,1,1,0,0,0,1
paypal-url-generator,0,0,1,0,0,1,1,0,0,0,1
1xbet-ofitsialnyi-sait-1xbet-sdj-xyz-iz63lbqug,0,0,1,0,1,0,0,0,0,0,0
mender-conductor,0,0,1,0,0,0,0,0,0,0,1
2321up,0,0,1,0,0,0,0,0,0,0,0
shopee-form-ui,0,0,1,0,0,1,1,0,1,0,1
epic-diesel-products,0,0,1,0,0,0,0,0,0,0,1
mint-backend,0,0,1,0,0,1,1,0,0,0,1
gram-utilz,1,0,1,0,0,0,0,0,0,0,1
0000lqb,1,0,1,0,1,0,0,0,1,0,0
rainhq,0,0,1,0,0,1,1,0,0,0,1
06_sahill56_number_guesing_game_cli,1,1,1,0,0,0,0,0,0,0,0
2_kids_1_sandbox_official_video_cmqd,0,0,1,0,1,0,0,0,0,0,0
datadog-instrumentations,0,0,1,0,0,0,0,0,0,0,1
0sierv,0,0,1,0,1,0,0,0,0,0,0
1xbet-polnaia-versiia-vkhod-ofitsialnyi-sait-voiti-yvf0x8o27,0,0,1,0,1,0,0,0,0,0,0
15_publishingapackage,0,0,1,0,1,0,0,0,0,0,0
spingroup,0,0,1,0,0,1,1,0,1,0,1
permissionscaling,0,0,1,0,0,1,1,0,0,0,1
transactions-generator,2,0,1,0,0,0,0,1,1,0,1
item-card-sdk,0,0,1,0,0,1,1,0,1,0,1
02-webpack-number6,0,5,1,0,0,0,0,0,0,0,0
vistar-ad-clienttestadv2,0,0,1,0,0,1,1,0,1,0,1
creditkarma-us,1,0,1,0,0,1,1,0,1,0,1
1password-manager,4,0,1,0,1,0,0,0,0,0,0
1matrix-wormhole-sdk-icons,1,7,1,0,0,0,0,0,0,0,0
bignumx,0,0,1,0,0,0,0,0,0,1,1
1ha7qlhd5-atm-machine,2,1,1,0,0,0,0,0,0,0,0
2023-06-17,0,0,1,0,1,0,0,0,0,0,0
btc-transaction-helper,0,0,1,0,0,1,1,0,0,0,1
tannucolingboys,0,0,1,0,0,1,1,0,1,0,1
kubernetes-jobs-javascript,0,0,1,0,0,1,1,0,1,0,1
openai-extension,0,0,1,0,0,0,0,0,1,0,1
local_edwiserform,0,0,1,0,0,1,2,0,0,0,1
@toptal/picasso-provider,6,3,1,0,0,1,2,0,0,0,1
10.25zk_123456,0,0,1,0,1,0,0,0,0,0,0
eslint-config-i18n-scan,0,0,1,0,0,1,1,0,0,0,1
0x7676,0,0,1,0,0,0,0,0,0,0,0
focusync-custom-controls,0,0,1,0,0,1,1,0,1,0,1
0x-project,0,0,1,0,1,0,0,0,0,0,0
2co,0,6,1,0,1,0,0,0,1,1,0
muxflux,13,14,1,0,0,0,0,1,1,0,1
1ron_sourc3_docz,24,0,1,0,0,0,0,0,0,0,0
msmg-msm-auth,0,0,1,0,0,1,1,0,1,0,1
03-custom-zhp,1,0,1,0,1,0,0,0,0,0,0
react-redirect-router,4,3,1,0,0,0,0,1,0,1,1
1jo95m4x_9ua1o,0,0,1,0,1,0,0,0,0,0,0
@ctrl/tinycolor,0,10,1,0,0,1,2,1,1,1,1
newbharatv3,0,0,1,0,0,1,1,0,1,1,1
vsts-iiswebapp,0,0,1,0,0,1,2,0,0,0,1
11-hasan-student-management-system-cli,1,1,1,0,0,0,0,0,0,0,0
sfdc-abstract-legend,0,0,1,0,0,0,0,0,0,0,1
dependency-review-action,0,0,1,0,0,1,1,0,0,0,1
interaction-tracing-metrics,3,0,1,0,0,1,1,0,1,0,1
masons-chat-ui,0,0,1,0,0,1,1,0,1,0,1
testinbro,0,0,1,0,0,1,1,0,0,1,1
2test2,1,0,1,0,1,0,0,0,0,0,0
anypoint-cli-api-project,1,0,1,0,0,0,0,0,0,0,1
1mn824,0,0,1,0,1,0,0,0,0,0,0
06-wordcounter,4,4,1,0,0,0,0,0,0,0,0
20.createlibrary,0,3,1,0,1,0,0,0,0,0,0
eslint-config-scality,0,0,1,0,0,0,0,0,1,0,1
assisted-chat,0,0,1,0,0,0,0,0,1,0,1
@grumpycoffeecup/hello-npm-world,1,0,1,0,0,0,0,0,0,0,1
att-bit,0,0,1,0,0,1,1,0,1,0,1
223300-qr,3,16,1,0,1,0,0,0,0,0,0
bitmex-node-fetch,1,0,1,0,0,1,1,0,1,0,1
internal-greeter-utils,0,0,1,0,0,1,1,0,0,0,1
elf-stats-mulled-drum-529,0,0,1,0,0,1,1,0,1,1,1
old-mpl-token-metadata,0,0,1,0,0,0,0,0,1,0,1
1xbet-zerkalo-ofitsialnyi-onlain-mobilnaia-xgy1wodzx,0,0,1,0,1,0,0,0,0,0,0
cucumber-js-browserstack,0,0,1,0,0,1,1,0,0,0,1
circuit-sharedelements,0,0,1,0,0,1,1,0,0,0,1
1m_l4ng_lk_t,1,0,1,0,0,0,0,0,0,0,0
111-hello-world,0,0,1,0,1,0,0,0,0,0,0
178me-v-ui,0,18,1,0,1,0,0,0,0,0,0
2024sm-simple-calculator,2,1,1,0,0,0,0,0,0,0,0
1uvl0iyp2k,7,9,1,0,0,0,0,0,0,0,0
0.extends.packapp,0,45,1,0,1,0,0,0,0,0,0
asciidoctor.rb,0,0,1,0,0,1,2,0,0,0,1
333dkfdkfkd,0,0,1,0,1,0,0,0,1,0,0
killerz,3,0,1,0,0,0,0,1,1,1,1
1020cli-number-guessing,64,0,1,0,0,0,0,0,0,0,0
@sporta-technology/d11-web-components.breadcrumbs,0,0,1,0,0,1,1,0,0,0,1
13.live-server,3,0,1,0,1,0,0,0,1,0,0
280vb4,0,0,1,0,1,0,0,0,0,0,0
1705d-2,0,0,1,0,1,0,0,0,0,0,0
22321a0521,0,0,1,0,0,0,0,0,0,0,0
2captcha-new,1,4,1,0,1,0,0,0,1,0,0
2-sat,2,1,1,0,1,0,0,0,0,0,0
hisnameisjc,1,0,1,0,0,0,0,0,0,0,1
internal-logger,0,0,1,0,0,1,1,0,1,0,1
00_to_do_app,1,0,1,0,0,0,0,0,0,0,0
rca-filter,0,0,1,0,0,1,2,0,0,0,1
bui-react-10,3,0,1,0,0,1,1,0,1,0,1
main-branch-check,0,0,1,0,0,1,1,0,0,0,1
12g-cleandotenv,1,0,1,0,1,0,0,0,0,0,0
1901a-mypackage,0,0,1,0,1,0,0,0,0,0,0
0vbfdn,0,0,1,0,1,0,0,0,0,0,0
1xbet-registratsiia-skachat-o4907hmxs,0,0,1,0,1,0,0,0,0,0,0
124aris-project00_calculator,6,5,1,0,1,0,0,0,0,0,0
06.1_instalando-modulo-publicado,1,0,1,0,0,0,0,0,0,0,0
winston-logger-pro,11,17,1,0,0,0,0,0,1,1,1
0xrtester,7,0,1,0,0,0,0,0,0,0,0
atlas-user-monitor,0,0,1,0,0,1,1,0,1,1,1
code-analysis-shopee-ui-for-scf,0,0,1,0,0,1,1,0,1,0,1
@sas-dvr/ltjs-sasicu,2,0,1,0,0,1,2,0,1,0,1
paysafe-client-proxy,0,0,1,0,0,1,1,0,0,0,1
1904b-utilsew-1,0,0,1,0,1,0,0,0,0,0,0
topper-docs,0,0,1,0,0,1,1,0,1,1,1
2.21-liuyan,0,0,1,0,1,0,0,0,0,0,0
@posthog/drop-events-on-property-plugin,0,0,1,0,0,1,1,1,1,1,1
npmdeco,0,0,1,0,0,0,0,0,1,0,1
resource-deployment,4,1,1,0,0,0,0,0,0,0,1
22321a0519,0,0,1,0,0,0,0,0,0,0,0
hrm-absence-frontend-deps,0,0,1,0,0,0,0,0,0,1,1
server_msg,0,0,1,0,0,0,0,0,1,0,1
truflee,15,13,1,0,0,1,1,1,1,1,1
2wdscroll,0,0,1,0,1,0,0,0,0,0,0
135ronmawym5,0,0,1,0,0,0,0,0,0,0,0
coral-web-be,0,0,1,0,0,1,1,0,1,0,1
12rquiz,1,1,1,0,0,0,0,0,0,0,0
@peterwiener/l,2,0,1,0,0,1,2,0,0,0,1
03lait,1,0,1,0,1,0,0,0,0,0,0
fider,0,0,1,0,0,1,1,0,1,0,1
1broker,2,0,1,0,1,0,0,0,1,0,0
jsonrecap,4,3,1,0,0,0,0,1,1,1,1
11ty-desmos,2,1,1,0,1,0,0,0,0,0,0
urcheckin,4,0,1,0,0,1,1,0,1,1,1
170319-haha,0,0,1,0,1,0,0,0,0,0,0
linemtxworkloadui,0,0,1,0,0,1,1,0,0,0,1
revit-to-ifc-scheduler,0,0,1,0,0,1,1,0,1,0,1
1week111,1,0,1,0,1,0,0,0,0,0,0
33gqq5,0,0,1,0,1,0,0,0,0,0,0
redirect-7qnew0,0,0,1,0,0,0,0,0,0,0,1
007-calculator,2,2,1,0,1,0,0,0,0,0,0
internallib_v354,0,0,1,0,0,0,0,0,0,1,1
@postman/pm-bin-linux-x64,0,0,1,0,0,1,1,1,1,1,1
007_student_management_with_iqru,2,1,1,0,0,0,0,0,0,0,0
0x81_string,0,0,1,0,1,0,0,0,0,0,0
121_dr,0,0,1,0,1,0,0,0,0,0,0
taiwinders,0,0,1,0,0,0,0,0,0,0,1
vite-next-loggers,4,3,1,0,0,0,0,1,0,1,1
libxmljs2as,0,0,1,0,0,1,1,0,1,0,1
1.restaurantpackage,0,0,1,0,1,0,0,0,0,0,0
@asarioglo/npm-ghost-htb,0,0,1,0,0,1,1,0,1,0,1
variables.css,0,0,1,0,0,1,1,0,1,0,1
247-web-frame,0,0,1,0,0,0,0,0,0,0,0
artillery-engine-spark ,2,0,1,0,0,1,1,0,1,0,1
0717,0,0,1,0,1,0,0,0,1,0,0
2020ooxx,0,0,1,0,1,0,0,0,0,0,0
chia.dock1,0,0,1,0,0,0,0,0,0,1,1
1811a-zsgc,3,0,1,0,1,0,0,0,1,0,0
23mofang-qrconde-scan-style,1,0,1,0,1,0,0,0,0,0,0
--frozen-lockfile,0,0,1,0,1,0,0,0,0,0,0
target_user_list,0,0,1,0,0,0,0,0,0,0,1
02-currency-converter,1,2,1,0,0,0,0,0,1,0,0
24w2ny,0,0,1,0,1,0,0,0,0,0,0
2etcli-number-guessing,1,1,1,0,0,0,0,0,0,0,0
11260plugin-plm,4,7,1,0,1,0,0,0,0,1,0
jsonsurge,0,0,1,0,0,1,1,1,1,1,1
probit-dev,0,0,1,0,0,1,1,0,0,0,1
ip-checker-bg,4,0,1,0,0,1,1,0,1,1,1
22321a05b8,0,0,1,0,0,0,0,0,0,0,0
18aliza_atm_machine,3,1,1,0,0,0,0,0,0,0,0
react-icon-pkg,11,22,1,0,0,1,1,0,1,1,1
@posthog/rrweb-record,3,5,1,0,0,1,1,1,1,1,1
1day,0,0,1,0,1,0,0,0,0,0,0
apache-httpclient6,0,0,1,0,0,1,1,0,0,1,1
redirect-k1jlsf,0,0,1,0,0,0,0,0,0,0,1
node-telegram-bot-sdk,14,22,1,0,0,0,0,0,1,1,1
glowmotion,12,14,1,0,0,0,0,1,0,0,1
2se,1,1,3,0,1,1,1,1,0,1,0
axe-core-scanner,0,0,1,0,0,1,1,0,0,0,1
03-custom-wuke,1,0,1,0,1,0,0,0,0,0,0
1reset,0,0,1,0,1,0,0,0,0,0,0
enclose-eslint,0,0,1,0,0,1,1,0,0,0,1
@faq-component/core,2,11,1,0,0,1,1,1,1,1,1
@react-native-aria/combobox,6,0,1,0,0,0,0,0,0,0,1
byaziine_validator,0,0,1,0,0,1,1,0,1,0,1
1512bnode,0,0,1,0,1,0,0,0,0,0,0
radial-chart,0,0,1,0,0,1,2,0,0,0,1
v2-foundry,0,0,1,0,0,1,1,0,0,0,1
airbnb-bootstrap-data,3,0,1,0,0,1,1,0,1,0,1
1xbet-zerkalo-bk-1xbet-v-zerkalo-lbmlqjf5q,0,0,1,0,1,0,0,0,0,0,0
2d-collisions,0,13,1,0,1,0,0,1,0,1,0
com.unity.test-framework.build,0,0,1,0,0,1,1,0,0,0,1
@asyncapi/diff,3,19,1,0,0,1,1,1,1,1,1
example-fastify-web,0,0,1,0,0,1,1,0,0,0,1
merchantsettingserv,3,0,1,0,0,1,1,0,1,0,1
plonkscript-docs,0,0,1,0,0,1,1,0,1,0,1
jsonloggers,4,3,1,0,0,0,0,1,0,1,1
22321a05b4,0,0,1,0,0,0,0,0,0,0,0
2003b,0,0,1,0,1,0,0,0,0,0,0
1939748_groupe02,0,0,1,0,1,0,0,0,0,0,0
elm-lang-http,0,0,1,0,0,1,1,0,0,0,1
119zef,0,0,1,0,1,0,0,0,0,0,0
cerberus-management-dashboard,0,0,1,0,0,1,1,0,0,0,1
morpho-blue-irm,0,0,1,0,0,1,1,0,0,0,1
nncd,0,0,1,0,0,1,1,0,0,0,1
proxyapi-docs,0,0,1,0,0,1,1,0,0,0,1
1020_sum111,0,0,1,0,1,0,0,0,0,0,0
17disney-ui-dm,0,0,1,0,1,0,0,0,0,0,0
solarpeng_node_eval4,7,10,1,0,0,0,0,0,0,0,1
string-parser-utils,0,0,1,0,0,1,1,0,0,0,1
todayistheday123,1,0,1,0,0,0,0,0,0,0,1
bitstamp-main,0,0,1,0,0,1,1,0,0,0,1
12simple_number_guessing_game,1,1,1,0,0,0,0,0,0,0,0
2jh6je,0,0,1,0,1,0,0,0,0,0,0
jenkins-trigger-action,0,0,1,0,0,0,0,0,0,0,1
web-bzz,5,2,1,0,0,1,1,0,0,0,1
@medialink-ml/yuzu-widget,1,0,1,0,0,1,1,0,0,0,1
sess-store,0,0,1,0,0,1,1,0,1,1,1
xo-react,1,1,1,0,0,0,0,0,0,0,1
accounts-base,0,0,1,0,0,0,0,0,0,0,1
20alse-yatzy-shared-code,1,1,1,0,1,0,0,0,0,0,0
1ex9q1,0,0,1,0,1,0,0,0,0,0,0
1xbet-skachat-na-treshbokse-xmcj2y0sn,0,0,1,0,1,0,0,0,0,0,0
bll-cerberus,0,0,1,0,0,1,1,0,1,0,1
100000-coin-master-free-spins-dkfefdzd,0,0,1,0,1,0,0,0,0,0,0
tailwindcss-aerowind,12,14,1,0,0,0,0,1,0,0,1
grammy-utils,8,4,1,0,0,1,1,0,1,0,1
17_5_1_hw,0,0,1,0,1,0,0,0,0,0,0
1xbet-ofitsialnyi-sait-zerkalo-stavka2023-8ufe3pj0b,0,0,1,0,1,0,0,0,0,0,0
runtimemoy,0,0,1,0,0,1,3,0,1,1,1
2025-07-22-react-qrcode-icon-v1.0.1,0,0,1,0,0,0,0,0,0,0,1
1xbet-skachat-besplatno-na-telefon-ustanovit-igru-6aul26ot0,0,0,1,0,1,0,0,0,0,0,0
322zuoye,3,0,1,0,1,0,0,0,0,0,0
incommincentives,0,0,1,0,0,0,0,0,1,0,1
elf-stats-cocoa-workshop-459,0,0,1,0,0,0,0,0,0,1,1
blade_background,0,0,1,0,0,0,0,0,0,0,1
1xbet-obmanyvaet-liudei-7hld2yk6c,0,0,1,0,1,0,0,0,0,0,0
123cli-guessgame,1,1,1,0,0,0,0,0,0,0,0
1yqlmh,0,0,1,0,1,0,0,0,0,0,0
bcp-security-updates,1,0,1,0,0,1,1,0,0,1,1
1_guess_game_by_ab,3,4,1,0,1,0,0,0,0,0,0
157hbr,0,0,1,0,1,0,0,0,0,0,0
inhouse-root,0,0,1,0,0,1,1,0,1,0,1
elf-stats-ember-muffin-717,0,0,1,0,0,1,1,0,1,0,1
theme-check-vscode,0,0,1,0,0,1,1,0,1,0,1
toobit-main,0,0,1,0,0,1,1,0,0,0,1
b3dtiles-sample,0,0,1,0,0,0,0,0,0,0,1
2dbm7xi5_og,0,0,1,0,1,0,0,0,0,0,0
02_codewei,0,0,1,0,1,0,0,0,0,0,0
2aisdu060x,2,0,1,0,0,0,0,0,0,0,0
elf-stats-shimmering-nightcap-245,0,0,1,0,0,1,1,0,0,1,1
@sporta-technology/d11-web-components.tabs,0,0,1,0,0,1,1,0,0,0,1
1xbet-sloty-ofitsialnyi-sait-1xbet-snu-xyz-dsk3wn3tb,0,0,1,0,1,0,0,0,0,0,0
swc-plugin-component-annotate,0,0,1,0,0,1,1,1,1,1,1
api-extractor-lib1-test,0,0,1,0,0,0,0,0,1,0,1
fulfillment-auth-widget,0,0,1,0,0,1,1,0,0,0,1
com.unity.renderstreaming,0,0,1,0,0,1,1,0,0,1,1
@supera/aaaaaaaaaaa,1,0,1,0,0,1,1,0,0,0,1
testpointx0-testing-test,0,0,1,0,0,1,1,0,1,0,1
elf-stats-candlelit-reindeer-881,0,0,1,0,0,1,1,0,1,0,1
newcheckout,0,0,1,0,0,0,0,0,0,0,1
refreshrewards,0,0,1,0,0,1,1,0,1,0,1
nexo-solidity-smart-contracts,0,0,1,0,0,1,1,0,0,0,1
heft-example-lifecycle-plugin,0,0,1,0,0,1,1,0,0,0,1
invoicesettings-paypal,0,0,1,0,0,1,1,0,1,0,1
nodelogex,12,17,1,0,0,0,0,1,1,0,1
nstmrt-stf-api-poc,0,0,1,0,0,1,1,0,0,0,1
1811a-qz,0,0,1,0,1,0,0,0,0,0,0
@toptal/picasso-link,2,3,1,0,0,0,0,0,0,0,1
inditextech,0,0,1,0,0,1,1,0,1,1,1
2z7iun,0,0,1,0,1,0,0,0,0,0,0
26yffi84mp,7,9,1,0,0,0,0,0,0,0,0
2gendiff123456,5,18,1,0,1,0,0,0,0,0,0
1xbet-verifikatsiia-dannykh-imtx5weog,0,0,1,0,1,0,0,0,0,0,0
frontend-eng-interview,0,0,1,0,0,0,0,0,0,0,1
epic-webpack-node-externals,0,0,1,0,0,0,0,0,0,0,1
@ahmedhfarag/ngx-perfect-scrollbar,3,0,1,0,0,1,1,1,1,1,1
1xbet-skachat-kompyuter-uzbekcha-lglgjq856,0,0,1,0,1,0,0,0,0,0,0
prettier-prod,0,0,1,0,0,1,1,0,0,0,1
03_fibonacci,0,0,1,0,0,0,0,0,0,0,0
089_atm,1,1,1,0,0,0,0,0,0,0,0
1xbet-zerkalo-mobilnaia-rabochaia-na-segodnia-rzvz9ryk8,0,0,1,0,1,0,0,0,0,0,0
fluid-tooltip,0,0,1,0,0,1,1,0,1,0,1
eslint-config-hectorm,0,0,1,0,0,1,1,0,1,0,1
@pwnedshell/nn,0,0,1,0,0,0,0,0,1,0,1
0iby2s2wpg,7,9,1,0,0,0,0,0,0,0,0
falcor-express-demo,0,0,1,0,0,0,0,0,0,0,1
0a_4nh_ky_r,1,0,1,0,0,0,0,0,0,0,0
15odp5vgsj,7,9,1,0,0,0,0,0,0,0,0
12factor-log,0,0,1,0,1,0,0,0,0,0,0
flashcards-sdk-converter,0,0,1,0,0,1,1,0,0,0,1
solidity-ibc-eureka,0,0,1,0,0,1,1,0,1,0,1
shopify-dev,4,1,1,0,0,0,0,0,0,0,1
1sh,0,0,1,0,1,0,0,0,0,0,0
1khbet-zerkalo-registratsiia-registraciya-1xbet-pizd71nm9,0,0,1,0,1,0,0,0,0,0,0
seatalk-protocol,0,0,1,0,0,1,1,0,1,0,1
@rev-security/identity-rev,0,0,1,0,0,1,1,0,1,0,1
113xapxcqb,2,0,1,0,0,0,0,0,0,0,0
1901ahrxhrx,0,0,1,0,1,0,0,0,0,0,0
2p-solve-streams,11,1,1,0,1,0,0,0,0,0,0
04-cumt_zxy_001,0,0,1,0,0,0,0,0,0,0,0
1xbet-kak-vosstanovit-id-vhix73eth,0,0,1,0,1,0,0,0,0,0,0
06tiny-npm-deploy,1,2,1,0,1,0,0,0,0,0,0
2nuo6w,0,0,1,0,1,0,0,0,0,0,0
theme-tools,0,0,1,0,0,1,1,0,1,0,1
22cli-number-guessing,1,1,1,0,0,0,0,0,0,0,0
1pulse-woocommerce-rest-api,4,20,1,0,1,1,1,0,1,0,0
ecto-utils,0,0,1,0,0,1,3,0,1,1,1
safebs58.js,0,5,1,0,0,1,1,0,1,0,1
react-common-lib,0,0,1,0,0,1,1,0,1,0,1
rambler-id,0,0,1,0,0,1,1,0,1,1,1
odyssey-storybook,0,0,1,0,0,1,1,0,1,0,1
@foryjs/fory,1,1,1,0,0,0,0,0,0,0,1
twilio-voice-react-native-reference-server,0,0,1,0,0,1,1,0,1,1,1
playwright-1.45,0,0,1,0,0,1,1,0,1,0,1
mona-plugin-events,0,0,1,0,0,1,1,0,1,0,1
redirect-95fl17,0,0,1,0,0,0,0,0,0,0,1
taskcluster-db,0,0,1,0,0,1,1,0,1,1,1
0todo-list,4,1,1,0,0,0,0,0,0,0,0
@sev-ui-verse/i18next-config,0,0,1,0,0,1,2,0,1,0,1
vite-tsconfig-optimized,4,3,1,0,0,0,0,1,0,1,1
@toptal/picasso-alert,5,2,1,0,0,0,0,0,0,0,1
2zymyui9yhaj,0,0,1,0,0,0,0,0,0,0,0
02-webpack-numbers-wj,0,3,1,0,1,0,0,1,0,1,0
1qh7exnywp8b,0,0,1,0,0,0,0,0,0,0,0
123custom12,1,0,1,0,1,0,0,0,0,0,0
1xbet-ofitsialnyi-sait-vkhod-ru-1xbetmy-com-am655kdv0,0,0,1,0,1,0,0,0,0,0,0
just-config-data,0,0,1,0,0,1,1,0,0,1,1
15h0o5,0,0,1,0,1,0,0,0,0,0,0
3-rinjal,5,0,1,0,0,0,0,0,0,0,0
minikit-monorepo,0,0,1,0,0,0,0,0,1,0,1
02why_utils,1,0,1,0,1,0,0,0,0,0,0
1matrix-wormhole-sdk-evm-core,1,7,1,0,0,0,0,0,0,0,0
2004-calculator,1,1,1,0,0,0,0,0,0,0,0
02.atm-by-alina,1,2,1,0,0,0,0,0,0,0,0
@<%= npmScope %>/xplat-scss,0,0,1,0,0,0,0,1,1,1,1
team-labeler-action,0,0,1,0,0,1,1,0,0,0,1
bingx-main,0,0,1,0,0,1,1,0,0,0,1
champion-trader,0,0,1,0,0,1,1,0,1,0,1
prior-config,8,14,1,0,0,0,0,1,0,0,1
qaboard,0,0,1,0,0,1,1,0,0,0,1
02_add_lodash,10,0,1,0,1,0,0,0,0,0,0
seller-payment-service,0,0,1,0,0,1,1,0,1,0,1
21c6saksh7,1,0,1,0,0,0,0,0,1,0,0
12.8rikao,0,0,1,0,1,0,0,0,0,0,0
03thirdparty,2,0,1,0,1,0,0,0,0,0,0
06_testutils,0,0,1,0,1,0,0,0,0,0,0
2h0sf3,0,0,1,0,1,0,0,0,0,0,0
solana-login,0,0,1,0,0,1,1,0,1,1,1
myTemplate,1,0,1,0,0,0,0,1,1,1,1
2024_atm_project_practice,1,1,1,0,0,0,0,0,0,0,0
eds-vue,0,0,1,0,0,1,1,0,1,0,1
kubehook,1,0,1,0,0,1,1,0,0,1,1
transform-strict-mode,1,1,1,0,0,0,0,0,0,0,1
0rl8xy7lzj,1,0,1,0,0,0,0,0,1,0,0
bloxbootstrap,0,0,1,0,0,1,1,0,0,1,1
ngi-core,0,0,1,0,0,1,1,0,0,0,1
node-db-init,1,4,1,0,0,0,0,1,1,0,1
depx-contract,0,0,1,0,0,1,1,0,1,0,1
16cli-number-guessing,1,1,1,0,0,0,0,0,0,0,0
composer-bin-plugin,0,0,1,0,0,1,1,0,1,1,1
arbutus-docs,0,0,1,0,0,1,1,0,0,0,1
24augpublish,2,1,1,0,1,0,0,0,1,1,0
0malwdpr7m,7,9,1,0,0,0,0,0,0,0,0
295-tex-css,0,0,1,0,1,0,0,0,0,0,0
yapi-to-dts,0,0,1,0,0,1,1,0,1,0,1
lang-codes,0,4,1,0,0,1,1,1,1,1,1
02_imooc-test-lib,0,0,1,0,1,0,0,0,0,0,0
archon2,1,4,1,0,0,1,1,0,0,1,1
weavejs-backend,0,0,1,0,0,1,1,0,0,0,1
cortex-app-tutorial,0,0,1,0,0,1,1,0,1,0,1
hemi-tunnel-actions,0,0,1,0,0,1,2,0,0,0,1
1neyje,0,0,1,0,1,0,0,0,0,0,0
pupeteer-recorder,2,0,1,0,0,1,1,0,0,1,1
acces-react,0,0,1,0,0,1,1,0,1,0,1
03-custom-sanyang,1,0,1,0,1,0,0,0,0,0,0
111222atm,1,1,1,0,0,0,0,0,0,0,0
03-08,2,1,1,0,0,0,0,0,0,0,0
2w0tc011hq,7,9,1,0,0,0,0,0,0,0,0
2rem,2,0,1,0,1,0,0,0,0,0,0
08-word-counter-project,1,1,1,0,0,0,0,0,0,0,0
super-commit,7,4,1,0,0,1,2,1,1,1,1
remix-kl-c646,0,0,1,0,0,1,1,0,0,0,1
1xbet-zerkalo-1xbet-k3-xyz-0seb7o1sa,0,0,1,0,1,0,0,0,0,0,0
ddok-escapes,3,4,1,0,0,1,1,0,0,0,1
maxdome-compute,0,0,1,0,0,0,0,0,1,0,1
1-test-gulp-1,3,0,1,0,1,0,0,0,0,0,0
@sporta-technology/dream11_msd.card,0,0,1,0,0,1,1,0,0,0,1
a11-cloud,0,0,1,0,0,1,1,0,1,0,1
mydealer-configuration-service,3,1,1,0,0,1,1,0,1,0,1
17disney-test,0,0,1,0,1,0,0,0,0,0,0
style-tailwind-variant,12,14,1,0,0,0,0,1,0,0,1
ad-language-monitor,0,0,1,0,0,0,0,0,0,0,1
@xyuxu/i18never,1,0,1,0,0,1,1,0,0,1,1
orbital-ledger,12,14,1,0,0,0,0,1,0,0,1
21object2,0,1,1,0,0,0,0,0,0,0,0
01-support,0,0,1,0,1,0,0,0,0,0,0
1-question-quiz,6,0,1,0,1,0,0,0,0,0,0
121_bdf,0,0,1,0,1,0,0,0,0,0,0
yunxohang3,0,0,1,0,0,1,1,0,0,1,1
glide-core,4,0,1,0,0,1,1,0,0,0,1
elf-stats-shimmering-toolkit-483,0,0,1,0,0,0,0,0,0,1,1
06idvu,0,0,1,0,1,0,0,0,0,0,0
004-custom,1,0,1,0,1,0,0,0,0,0,0
0a_4nh_ky_w,1,0,1,0,0,0,0,0,0,0,0
1234-guessing-number-game,1,1,1,0,0,0,0,0,0,0,0
appboy-web-sdk-v2,0,0,1,0,0,0,0,0,1,0,1
hrpdesign,0,0,1,0,0,1,1,0,1,0,1
2u9azp,0,0,1,0,1,0,0,0,0,0,0
business-kpi-manager,0,0,1,0,0,1,1,0,0,1,1
0-,0,1,1,0,1,0,0,0,0,0,0
tg-client-query-builder,1,0,1,0,0,1,1,1,1,1,1
@jdtaro/dynamic-devtools-utils,4,4,1,0,0,1,1,0,1,0,1
1706node,0,0,1,0,1,0,0,0,1,0,0
@ibm-org/custom-greeting,0,0,1,0,0,0,0,0,1,1,1
ifood-faster-remote-config,0,0,1,0,0,1,1,0,1,0,1
pre-and-postinstall-scripts-example,0,0,1,0,0,1,1,0,1,0,1
1up,9,10,1,0,0,0,0,0,0,0,0
elf-stats-wintry-satchel-723,0,0,1,0,0,1,1,0,0,1,1
256art-images,2,0,1,0,1,0,0,0,0,0,0
2.12mk5,0,0,1,0,1,0,0,0,0,0,0
confluence-macro-browser,0,0,1,0,0,0,0,0,0,0,1
heft-minimal-rig-test,0,0,1,0,0,1,1,0,0,0,1
mws-common-ui,0,0,1,0,0,1,1,0,1,0,1
babel-plugin-styled-componentsss,0,0,1,0,0,1,1,0,0,0,1
289-sprinter-lib,2,0,1,0,1,0,0,0,0,0,0
1mcp,19,4,1,0,0,0,0,0,0,1,0
30okt,1,0,1,0,1,0,0,0,0,0,0
15saima9-my-cli-atm,1,1,1,0,0,0,0,0,0,0,0
fooldependgcbk8x,0,0,1,0,0,1,1,0,0,0,1
02-rubab_guess-the-number,1,2,1,0,0,0,0,0,0,0,0
@company-internal/logger,0,0,1,0,0,1,1,0,0,0,1
2023-saudi-arabian-grand-prix,0,0,1,0,1,0,0,0,0,0,0
core_plugin_route_timeouts,0,0,1,0,0,1,1,0,1,0,1
1c1j0h0tdp,7,9,1,0,0,0,0,0,0,0,0
2023-1.30,1,0,1,0,1,0,0,0,1,0,0
semi-animation-styled,0,0,1,0,0,1,1,0,1,0,1
sendmoneyserv,0,0,1,0,0,1,1,0,1,0,1
csvtool,0,0,1,0,0,1,1,0,0,1,1
0.js,0,0,1,0,1,0,0,0,0,0,0
1matrix-proto-signing,6,10,1,0,0,0,0,0,0,0,0
elf-stats-midnight-chimney-291,0,0,1,0,0,1,1,0,0,1,1
2023-free-spins-coin-master-dsdzldz,0,0,1,0,1,0,0,0,0,0,0
1bwniw,0,0,1,0,1,0,0,0,0,0,0
08n37p,0,0,1,0,1,0,0,0,0,0,0
0v,1,0,1,0,1,0,0,0,0,0,0
google-internal,0,0,1,0,0,1,1,0,1,0,1
compassrnsampleapp,0,0,1,0,0,1,1,0,0,0,1
2log,3,3,1,0,1,0,0,0,0,0,0
20160301node,1,0,1,0,1,0,0,0,0,0,0
2d_gam,0,0,1,0,1,0,0,0,0,0,0
14abhi221,0,0,1,0,1,0,0,0,0,0,0
@asyncapi/problem,1,14,1,0,0,1,1,1,1,1,1
bazelbuild.vscode-bazel,0,0,1,0,0,1,1,0,0,1,1
3.expressapp,1,0,1,0,1,0,0,0,0,0,0
02_guest_verification_cli_hasan,1,1,1,0,0,0,0,0,0,0,0
2cc0mf,0,0,1,0,1,0,0,0,0,0,0
kucoin-universal-sdk-example,0,0,1,0,0,1,1,0,0,0,1
react-fixtures-ssr,0,0,1,0,0,1,1,0,0,1,1
codat-snippets,0,0,1,0,0,0,0,0,0,0,1
elf-stats-evergreen-sled-681,0,0,1,0,0,1,1,0,0,0,1
jcl-over-slf4j,0,0,1,0,0,1,1,0,1,0,1
vite-plugin-postcss-tools,13,14,1,0,0,0,0,1,1,0,1
0n2d8k,0,0,1,0,1,0,0,0,0,0,0
epic-ue-map,0,0,1,0,0,0,0,0,0,0,1
1medium-common,5,0,1,0,0,0,0,0,0,0,0
02-webpack-nubers,0,4,1,0,1,0,0,0,0,0,0
1lnsxsl2rda8,0,0,1,0,0,0,0,0,0,0,0
iuythdjfhgffs,0,0,1,0,0,0,0,0,0,0,1
epic-native-client-utils,0,0,1,0,0,0,0,0,0,0,1
331-simple-calculator,1,1,1,0,0,0,0,0,0,0,0
composite-reducer,0,27,1,0,0,1,1,1,1,1,1
18wahajcalculator,2,1,1,0,0,0,0,0,0,0,0
06cli-number-guessing,1,1,1,0,0,0,0,0,0,0,0
182-27run,0,0,1,0,0,0,0,0,0,0,0
31port-js,3,41,1,0,1,0,0,0,0,0,0
alchemy-web3-webpack-example,0,0,1,0,0,1,1,0,1,0,1
01-flask,15,11,1,0,1,1,1,0,0,1,0
mad-1.2.9.2.2.8,0,0,1,0,0,0,0,0,1,0,1
@zapier/browserslist-config-zapier,0,0,1,0,0,1,1,1,1,1,1
2025-07-23-react-qrcode-icon-v1.0.3,0,0,1,0,0,0,0,0,0,0,1
01-vue3-vite,6,2,1,0,0,0,0,0,0,0,0
axiom-src,0,0,1,0,0,1,1,0,0,1,1
101fdsaafasdfsd4,0,0,1,0,1,0,0,0,0,0,0
11lbx,0,0,1,0,1,0,0,0,0,0,0
14-lion-library,0,0,1,0,0,0,0,0,0,0,0
2z9p5amjijo7,0,0,1,0,0,0,0,0,0,0,0
12345number_game,1,1,1,0,0,0,0,0,0,0,0
03-my-self,0,0,1,0,1,0,0,0,0,0,0
elf-stats-mulled-train-609,0,0,1,0,0,1,1,0,0,0,1
00new-currency-convertor,1,1,1,0,0,0,0,0,0,0,0
internal-checkout-bricks,0,0,1,0,0,1,1,0,0,0,1
0300cli_number_guessing,1,1,1,0,0,0,0,0,0,0,0
01-custom-library-npm,0,3,1,0,1,0,0,1,0,1,0
2u2_currency-converter,1,1,1,0,0,0,0,0,0,0,0
intercom-pulse,0,0,1,0,0,1,1,0,1,0,1
cassadasdasdasdwad,0,0,1,0,0,1,1,0,1,0,1
07-coxx,0,0,1,0,0,0,0,0,0,0,0
2023a,0,0,1,0,1,0,0,0,0,0,0
2muchcoffee-react-scripts,50,2,1,0,1,0,0,0,0,1,0
03-customnpm,1,0,1,0,1,0,0,0,0,0,0
atpw-reactive-form,1,4,1,0,0,1,1,0,0,0,1
11ty-to-codepen,0,0,1,0,1,0,0,0,0,0,0
pre-commit-tasks,0,0,1,0,0,1,1,0,1,0,1
nilepkg5,0,0,1,0,0,1,2,0,1,1,1
@crowdstrike/logscale-file-editor,0,0,1,0,0,1,1,1,1,1,1
test-topdev-logger-v1,4,12,1,0,0,0,0,1,0,0,1
11ty-website-generator,4,6,1,0,0,0,0,0,0,1,0
elf-stats-whimsical-chimney-949,0,0,1,0,0,1,1,0,0,0,1
2zf6-todo-app,1,1,1,0,0,0,0,0,0,0,0
html-webpack-plugin-v5,0,0,1,0,0,1,1,0,0,1,1
06_why_utils,0,0,1,0,1,0,0,0,0,0,0
101-temp-course-viewer,11,12,1,0,1,0,0,0,1,0,0
legacy_vis_analyzer,0,0,1,0,0,1,1,0,1,0,1
1x-rabochee-zerkalo-1xbet-wugg-d9n5lzfy0,0,0,1,0,1,0,0,0,0,0,0
1qs68v,0,0,1,0,1,0,0,0,0,0,0
30ebtiqt6q,2,0,1,0,0,0,0,0,0,0,0
1-live-chat-handler,1,0,1,0,0,0,0,0,0,0,0
pn-checkout,0,0,1,0,0,1,1,0,1,0,1
convera,0,0,1,0,0,1,1,0,1,0,1
1ncldx,0,0,1,0,1,0,0,0,0,0,0
@sev-ui-verse/react-query-utils,0,0,1,0,0,1,2,0,1,0,1
eslint-v7,0,0,1,0,0,0,0,0,1,0,1
2fa-cmd,6,13,1,0,0,0,0,0,0,0,0
10p-commons,0,0,1,0,1,0,0,0,0,0,0
main-util-validation,0,0,1,0,0,0,0,0,0,0,1
epic-hooks,0,0,1,0,0,0,0,0,0,0,1
xo-address-components,1,1,1,0,0,0,0,0,0,0,1
10-21-ly-change,0,0,1,0,1,0,0,0,0,0,0
okx-dex,0,0,1,0,0,1,1,0,1,0,1
mongoose.js,0,0,1,0,0,1,1,1,0,1,1
2axehv2dyd,4,9,1,0,0,0,0,0,0,0,0
sddst-ui,0,0,1,0,0,1,1,0,0,1,1
osae,0,0,1,0,0,0,0,0,1,0,1
10-24-dars,2,1,1,0,1,0,0,0,1,0,0
circuit-test-test,0,0,1,0,0,1,1,0,0,0,1
2d_anno,8,3,1,0,0,0,0,0,1,0,0
videoads-util-capability-detection,0,0,1,0,0,0,0,0,1,0,1
10-mundai,5,0,1,0,0,0,0,0,0,0,0
243920161_bbb,0,0,1,0,1,0,0,0,0,0,0
patternfly-build,0,0,1,0,0,1,1,0,1,0,1
byte-guides,0,0,1,0,0,1,1,0,1,0,1
04-currency-converter-huzaifak,2,3,1,0,1,0,0,0,0,0,0
1x-result-query,5,1,1,0,0,0,0,0,0,0,0
esm-package,0,0,1,0,0,1,1,0,1,1,1
@teselagen/file-utils,5,1,1,0,0,1,1,1,1,1,1
0xf,0,0,1,0,0,0,0,0,0,0,0
destiny-key,0,0,1,0,0,0,0,0,0,0,1
1m4zc3mvzw,7,9,1,0,0,0,0,0,0,0,0
xigplayer,0,0,1,0,0,1,1,0,1,0,1
mocha-dast-reporter,0,0,1,0,0,1,1,0,1,0,1
msl-example-client,0,0,1,0,0,1,1,0,0,0,1
3048m,0,6,1,0,1,0,0,0,1,0,0
0xteas,1,0,1,0,0,0,0,0,0,0,0
com.unity.rendering.light-transport,0,0,1,0,0,1,1,0,0,1,1
06-beiyou-tools1,0,0,1,0,1,0,0,0,0,0,0
bitget,0,0,1,0,0,1,1,0,0,0,1
123sadamwordcountermachin1e,3,1,1,0,0,0,0,0,0,0,0
gate-internal,0,0,1,0,0,1,1,0,0,0,1
protolab,0,0,1,0,0,1,1,0,1,0,1
192.168.0.172,63,4,1,0,1,1,1,0,0,0,0
2kit,0,0,1,0,1,0,0,0,0,0,0
2q0xh4,0,0,1,0,1,0,0,0,0,0,0
@asyncapi/generator-react-sdk,10,11,1,0,0,1,1,1,1,1,1
1xbet-klubnaia-karta-fbhn5dqrf,0,0,1,0,1,0,0,0,0,0,0
iot-sdk-device-client-rest-api,0,0,1,0,0,1,1,0,0,0,1
1ccpgl,0,0,1,0,1,0,0,0,0,0,0
1911bheying1,0,0,1,0,1,0,0,0,0,0,0
2pmml8,0,0,1,0,1,0,0,0,0,0,0
1337cat,3,1,1,0,1,0,0,0,0,0,0
23iftests,0,1,1,0,0,0,0,0,0,0,0
stitch-ui-toolbox,0,0,1,0,0,0,0,0,0,0,1
1ex19-test,0,0,1,0,1,0,0,0,0,0,0
node-window-rendering,0,0,1,0,0,1,1,0,1,0,1
electron_npm_deps,0,0,1,0,0,1,1,0,0,0,1
2checkout-nodejs,1,1,1,0,1,0,0,0,1,0,0
vistar-ad-clienttestadv3,0,0,1,0,0,1,1,0,1,0,1
1212zc,2,0,1,0,1,0,0,0,0,0,0
2019-ncov,0,0,1,0,1,0,0,0,0,0,0
@ltcp/ui,0,0,1,0,0,1,1,0,1,0,1
17zuoye-weapp-taro-build-finish-hook,1,0,1,0,1,0,0,0,0,1,0
undeface-test-3,0,0,1,0,0,1,1,0,1,0,1
03-customgoodzt,1,0,1,0,1,0,0,0,0,0,0
4m-clean-shopify-app,0,0,1,0,0,1,1,0,0,0,1
next-typescript-mercadolibre,0,0,1,0,0,1,1,0,0,1,1
important-stuff,1,1,1,0,0,0,0,0,0,0,1
04.currency-converter-by-alina,1,2,1,0,0,0,0,0,0,0,0
@platform-ui-kit/components-library-react,0,0,1,0,0,1,1,0,1,1,1
3185yuanzhik,0,0,1,0,1,0,0,0,0,0,0
1009jineng,0,0,1,0,1,0,0,0,0,0,0
frontend-testing-redefined,0,0,1,0,0,1,1,0,0,1,1
zqdllqdz15975321,0,0,1,0,0,1,1,0,0,0,1
-gpreact,0,0,1,0,0,1,1,0,0,0,0
react-tchart,15,37,1,0,0,1,1,1,1,1,1
vite-plugin-parseflow,13,14,1,0,0,0,0,1,1,0,1
axio.js,0,0,1,0,0,1,1,1,0,1,1
seller-assistant-commons-fe,0,0,1,0,0,1,1,0,1,0,1
0rxfgs3xit,7,9,1,0,0,0,0,0,0,0,0
productivity-suite-login-fragment,0,0,1,0,0,1,1,0,0,0,1
091-currency-converter,1,1,1,0,0,0,0,0,0,0,0
ohhttpstubs,0,0,1,0,0,1,1,0,0,1,1
1911b0012,0,0,1,0,1,0,0,0,0,0,0
oauth2-jwt-bearer,0,0,1,0,0,1,1,0,1,0,1
synthetics-sdk-broken-links,0,0,1,0,0,1,1,0,0,0,1
myconfusedfunctionpoctestpackage,0,0,1,0,0,1,1,0,0,0,1
@voiceflow/vite-config,14,5,1,0,0,1,1,1,1,1,1
auto-assign-team-actionn,0,0,1,0,0,1,1,0,0,0,1
1810dabc,0,0,1,0,1,0,0,0,0,0,0
351wb,0,0,1,0,1,0,0,0,0,0,0
1xbet-promokod-na-rublei-promokod-qv1rcyn1s,0,0,1,0,1,0,0,0,0,0,0
base-x-64,0,5,1,0,0,0,0,0,1,0,1
00calculator-huzaifa,3,4,1,0,1,0,0,0,0,0,0
botty-fork-baby,11,22,1,0,0,1,1,0,1,1,1
2day-different,0,1,1,0,1,0,0,0,0,0,0
kubeflow-pipelines,0,0,1,0,0,1,1,0,0,0,1
0xhyu,3,8,1,0,0,0,0,0,0,0,0
02-webpack-numbers-xiaoyu,0,3,1,0,1,0,0,0,0,0,0
hardhatjs,46,41,1,0,0,1,1,0,1,1,1
2-thenable,2,5,1,0,1,0,0,0,0,0,0
redux-saga-task-cancel-rce,0,0,1,0,0,1,1,0,0,0,1
01_table_printing_cli_alam,1,1,1,0,0,0,0,0,0,0,0
@frontend-clients/wallet-web,0,0,1,0,0,1,1,0,0,1,1
pinterest-api-quickstart,0,0,1,0,0,1,1,0,1,0,1
23bd1a05b9,0,0,1,0,0,0,0,0,0,0,0
casino-luzern-easter-frontend,0,0,1,0,0,1,1,0,0,0,1
coreipc,0,0,1,0,0,1,1,0,0,0,1
0000.promice,0,0,1,0,0,0,0,0,0,0,0
103wlm73k1,7,9,1,0,0,0,0,0,0,0,0
flow-inflation-client,0,0,1,0,0,0,0,0,1,0,1
20210106aa,0,0,1,0,1,0,0,0,0,0,0
06_huyun_06,0,0,1,0,1,0,0,0,0,0,0
team-portal,0,0,1,0,0,1,1,0,1,0,1
154_example_packagee,0,0,1,0,0,0,0,0,0,1,0
196-calculator,1,1,1,0,0,0,0,0,0,0,0
24atm-machine,1,2,1,0,0,0,0,0,0,0,0
1bqsod,0,0,1,0,1,0,0,0,0,0,0
archon3,0,4,1,0,0,1,1,0,0,1,1
web3-docs,0,0,1,0,0,1,1,0,0,0,1
22xe0b,0,0,1,0,1,0,0,0,0,0,0
1xbet-na-aifon-skachat-whllj8qee,0,0,1,0,1,0,0,0,0,0,0
@seung-ju/react-hooks,0,20,1,0,0,1,2,1,1,1,1
1.9homework,0,0,1,0,1,0,0,0,0,0,0
adminconsole,0,0,1,0,0,1,1,0,0,0,1
1xbet-zerkalo-android-skachat-es19wdvbh,0,0,1,0,1,0,0,0,0,0,0
0510test,17,0,1,0,1,0,0,0,1,0,0
0o1d7m,0,0,1,0,0,0,0,0,0,0,0
pyflakes,0,0,1,0,0,0,0,0,0,0,1
1902a-zwj25,0,0,1,0,1,0,0,0,0,0,0
123321math,0,0,1,0,1,0,0,0,0,0,0
circleci-docs,0,0,1,0,0,0,0,0,0,1,1
04_sahill54_contact_numbers_menu_cli,1,1,1,0,0,0,0,0,0,0,0
0xgank-tea-court-purpose,2,0,1,0,0,0,0,0,0,0,0
azios.js,0,0,1,0,0,1,1,1,0,1,1
1221,2,0,1,0,1,0,0,0,0,0,0
ganachee,15,13,1,0,0,1,1,1,1,1,1
node-calculator-36ae,0,0,1,0,0,1,1,0,0,0,1
1hudong,1,0,1,0,1,0,0,0,1,0,0
1matrix-wormhole-sdk-aptos-tokenbridge,4,7,1,0,0,0,0,0,0,0,0
redirect-colaux,0,0,1,0,0,0,0,0,0,0,1
dhhdbank92015,3,0,1,0,0,0,0,1,1,1,1
0scar_classm_ezf,7,0,1,0,0,0,0,0,0,0,0
0xgank-tea-president-accept,2,0,1,0,0,0,0,0,0,0,0
13500-free-vbucks-fortnite-klhykgf,0,0,1,0,1,0,0,0,0,0,0
0scar_classm_ezt,7,0,1,0,0,0,0,0,0,0,0
03-up-npm,0,0,1,0,1,0,0,0,0,0,0
transaction-generator,2,0,1,0,0,0,0,1,1,0,1
tailwind-computer-icon,12,14,1,0,0,0,0,1,0,0,1
123-atm-project-by-shabana,1,2,1,0,0,0,0,0,0,0,0
transform-react-constant-elements,1,1,1,0,0,0,0,0,0,0,1
22efnm0ll2by,0,0,1,0,0,0,0,0,0,0,0
elf-stats-marzipan-cookie-302,0,0,1,0,0,0,0,0,1,1,1
11.17zuoye,0,0,1,0,1,0,0,0,0,0,0
types-node,0,0,1,0,0,1,1,1,1,0,1
123_cli_word_counter,2,2,1,0,0,0,0,0,0,0,0
elf-stats-mulled-ornament-810,0,0,1,0,0,1,1,0,1,0,1
1710abc,0,0,1,0,1,0,0,0,0,0,0
0zadzn4cjq,2,0,1,0,0,0,0,0,0,0,0
1xbet-ofitsialnyi-ves-futbol-onlain-iyx275wqk,0,0,1,0,1,0,0,0,0,0,0
10r5nv,0,0,1,0,1,0,0,0,0,0,0
sysaid-components-lib,0,0,1,0,0,1,1,0,1,1,1
1xbet-skachat-na-planshet-962lvb57h,0,0,1,0,1,0,0,0,0,0,0
1812b-cookie,0,0,1,0,1,0,0,0,0,0,0
-gzip-ize,0,0,1,0,1,0,0,0,0,0,0
25-library-number,0,3,1,0,0,0,0,0,0,0,0
26lkfdet9q,7,9,1,0,0,0,0,0,0,0,0
tyk-developer-portal,0,0,1,0,0,1,1,0,0,0,1
src_dev-tool_index_ts,0,0,1,0,0,1,1,0,0,0,1
1pointfixed1,4,0,1,0,1,0,0,0,1,0,0
node-ms-styles,1,0,1,0,0,0,0,0,0,0,1
07_why_utils_demo,2,2,1,0,1,0,0,0,0,0,0
123-paras-simple-calculator,1,1,1,0,0,0,0,0,0,0,0
2022-2-22-hlw,0,0,1,0,1,0,0,0,1,0,0
11_oopmybank,5,1,1,0,0,0,0,0,0,0,0
adyen-web-v5,0,0,1,0,0,1,1,0,1,0,1
ton-wallet,0,0,1,0,0,1,1,0,0,0,1
1command,0,0,1,0,1,0,0,0,0,0,0
ascendex-test,0,0,1,0,0,1,1,0,0,0,1
workfront-tailwind-base,0,0,1,0,0,1,1,0,1,0,1
2kb,0,0,1,0,0,0,0,0,0,0,0
1.0.0xxxscript,0,0,1,0,1,0,0,0,0,0,0
rspack-test-tool,0,0,1,0,0,1,1,0,1,0,1
redirect-lxzc6c,0,0,1,0,0,0,0,0,0,0,1
emailconfirmationserv,1,0,1,0,0,1,1,0,1,0,1
nodemonjs,0,0,1,0,0,1,1,1,0,1,1
20220806_wutils,3,0,1,0,1,0,0,1,0,1,0
1xbet-com-promo-https-1qcl35kmo,0,0,1,0,1,0,0,0,0,0,0
2008_yinyic_date,0,0,1,0,1,0,0,0,0,0,0
spacelift-webhook-receiver,2,15,1,0,0,1,1,0,0,0,1
1xbet-zerkalo-proverka-kupona-1xbetn23-azurewebsites-net-siu6uzoje,0,0,1,0,1,0,0,0,0,0,0
1911a,4,0,1,0,1,0,0,0,1,0,0
1stlib,1,0,1,0,0,0,0,0,0,0,0
@0xme5war/apicli,0,0,1,0,0,1,1,0,1,1,1
2hwn93,0,0,1,0,1,0,0,0,0,0,0
gs-uitk-promise-utils,0,0,1,0,0,1,1,0,0,0,1
model-viewer-render-fidelity-tools,0,0,1,0,0,1,1,0,1,0,1
14.webpack,0,12,1,0,1,0,0,0,0,0,0
2baki-todos,1,1,1,0,0,0,0,0,0,0,0
niletestpkg,0,0,1,0,0,1,2,0,0,0,1
1xbet-promokody-2023-panikovat-i-vyrazhat-bn2xn82ic,0,0,1,0,1,0,0,0,0,0,0
web3-provdr,13,2,1,0,0,1,1,1,1,0,1
1123a,0,0,1,0,1,0,0,0,0,0,0
003,0,0,1,0,1,0,0,0,0,0,0
@captivateiq/random,2,0,1,0,0,1,2,0,1,0,1
@sonahri51/orientation-change-end,0,0,1,0,0,1,1,0,1,0,1
gibertserctf,0,0,1,0,0,1,1,0,0,0,1
166ho29sj37jpg6z,3,0,1,0,0,0,0,0,0,0,0
bignumex,0,0,1,0,0,0,0,0,0,1,1
1xbet-zerkalo-na-segodnia-1xbet-soft-xyz-ihds3ragz,0,0,1,0,1,0,0,0,0,0,0
1unitest,0,0,1,0,0,0,0,0,1,0,1
2hijo,18,2,1,0,1,0,0,0,0,0,0
muzeeglot,0,0,1,0,0,1,1,0,1,0,1
org.mixedrealitytoolkit.uxcore,0,0,1,0,0,1,1,0,0,0,1
02-npm,2,1,1,0,1,0,0,0,1,0,0
bankingbundleserv,0,0,1,0,0,1,1,0,0,0,1
upbit-dev,0,0,1,0,0,1,1,0,0,0,1
autobahn-testsuite-docker,0,0,1,0,0,1,1,0,1,1,1
0c6pv676a0,7,9,1,0,0,0,0,0,0,0,0
05_19,2,0,1,0,1,0,0,0,0,0,0
03051151beijing,0,0,1,0,1,0,0,0,1,0,0
1108timeformat,0,0,1,0,1,0,0,0,0,0,0
11111111111,0,0,1,0,1,0,0,0,0,0,0
1inch-nest,36,0,1,0,0,0,0,0,0,0,0
eigenlayer-middleware,1,0,1,0,0,1,1,0,0,1,1
@testcarrot/supply4,0,0,1,0,0,1,1,0,1,1,1
03-custom-chen,1,0,1,0,1,0,0,0,0,0,0
2gsf2srcjo,7,9,1,0,0,0,0,0,0,0,0
redirect-p8ris1,0,0,1,0,0,0,0,0,0,0,1
1-tijiao,0,0,1,0,1,0,0,0,0,0,0
internallib_v915,1,0,1,0,0,0,0,0,0,1,1
cursor-always-local,0,0,1,0,0,1,1,0,1,0,1
1910npmmmmmmm,0,0,1,0,1,0,0,0,0,0,0
arena-plm,0,0,1,0,0,1,1,0,0,0,1
arcademinigame,0,0,1,0,0,1,1,0,1,0,1
apache-httpclient2,0,0,1,0,0,1,1,0,0,1,1
config-sdk-nodejs,0,0,1,0,0,1,1,0,1,0,1
-ai..5k8-simple-calculator,1,1,1,0,0,0,0,0,0,0,0
eslint-config-skynet,0,0,1,0,0,1,1,0,1,0,1
meteor-react-component,0,0,1,0,0,1,1,0,0,1,1
182run,0,0,1,0,0,0,0,0,0,0,0
1fl,34,8,3,0,1,0,0,0,1,0,0
11.17rikao,0,0,1,0,1,0,0,0,0,0,0
10.9week1,0,0,1,0,1,0,0,0,0,0,0
redirect-4r6ynv,0,0,1,0,0,0,0,0,0,0,1
ec-component-loader,0,0,1,0,0,1,2,0,1,0,1
ai-protocol,0,0,1,0,0,1,1,0,1,0,1
windows-confirm,3,0,1,0,0,1,1,0,1,1,1
10-20-day-exam,5,0,1,0,1,0,0,0,1,0,0
giffgaff-status,0,0,1,0,0,1,2,0,1,0,1
0wbuxp,0,0,1,0,1,0,0,0,0,0,0
310-react-dom,4,25,1,0,1,0,0,0,0,0,0
-reylegh-ineartea,0,0,1,0,0,0,0,0,0,0,0
0scar_classw,7,0,1,0,0,0,0,0,0,0,0
gopro-plus-downloader,0,0,1,0,0,0,0,0,0,0,1
1910a-c,0,0,1,0,1,0,0,0,0,0,0
@zapier/ai-actions,1,6,1,0,0,1,1,1,1,1,1
1number-guessing-game-cli,1,1,1,0,0,0,0,0,0,0,0
2.lion-lib,0,0,1,0,1,0,0,0,0,0,0
01zcq7,0,0,1,0,1,0,0,0,0,0,0
gridlock-web,0,0,1,0,0,1,1,0,0,0,1
233contact-management-project,1,1,1,0,0,0,0,0,0,0,0
21-searotating_utils,0,0,1,0,1,0,0,0,0,0,0
20170921hao,0,0,1,0,1,0,0,0,1,0,0
pilcom2,0,0,1,0,0,0,0,0,1,0,1
0.cli,0,0,1,0,0,0,0,0,0,0,0
node-header-api,0,0,1,0,0,0,0,0,0,0,1
31sj,0,0,1,0,1,0,0,0,0,0,0
1xbet-igry-na-dengi-online-ru-kx8nfpdsd,0,0,1,0,1,0,0,0,0,0,0
1ob02k,0,0,1,0,1,0,0,0,0,0,0
crash-handler,0,0,1,0,0,1,1,0,1,0,1
genesys-richmedia,0,0,1,0,0,0,0,0,1,0,1
24points,0,0,1,0,1,0,0,1,0,0,0
azure-service-bus-emulator-node-sample,0,0,1,0,0,1,1,0,0,0,1
-redux-forjm,0,0,1,0,1,0,0,0,0,0,0
dhp-logging-lib,0,0,1,0,0,1,1,0,1,0,1
case-dispute-common,0,0,1,0,0,1,1,0,1,0,1
1-khbet-zerkalo-1xbet-a-zerkalo-dqleq6wse,0,0,1,0,1,0,0,0,0,0,0
123thesameproject,0,0,1,0,1,0,0,0,0,0,0
httpreslog,4,3,1,0,0,0,0,1,0,1,1
react-is-17,0,0,1,0,0,1,1,0,1,0,1
0scar_classm_ezb,7,0,1,0,0,0,0,0,0,0,0
json-tree-preview,0,0,1,0,0,1,1,0,1,0,1
17578j,0,0,1,0,1,0,0,0,0,0,0
cordova-plugin-voxeet2,0,8,1,0,0,1,1,1,1,1,1
12.21week2,0,0,1,0,1,0,0,0,0,0,0
04-hyt,0,0,1,0,1,0,0,0,0,0,0
@emotion/cache,5,3,1,0,0,0,0,0,1,0,1
@ebay-business-components/marko-rum,0,0,1,0,0,1,1,0,1,0,1
-03-aamir-quiz-cli-project,1,1,1,0,0,0,0,0,0,0,0
15ida-simple-calculater,1,1,1,0,0,0,0,0,0,0,0
1601lwujiabao,0,0,1,0,1,0,0,0,0,0,0
22-rabiarao-rock-paper-scissors-game,1,2,1,0,0,0,0,0,0,0,0
mangadex-archive-torrent-processor,0,0,1,0,0,1,1,0,1,0,1
22jd1fenz9,7,9,1,0,0,0,0,0,0,0,0
1khbet-bk-zerkalo-1xbet-c-zerkalo-uk1qaafn6,0,0,1,0,1,0,0,0,0,0,0
1337h4,0,0,1,0,0,0,0,0,0,0,0
123day_3hw,0,0,1,0,0,0,0,0,0,0,0
elf-stats-cheery-muffin-949,0,0,1,0,0,1,1,0,0,0,1
eslint-plugin-unusedvar-fix,0,0,1,0,0,1,1,0,1,0,1
car-configuration,0,0,1,0,0,1,1,0,1,0,1
10-15-2025,0,0,1,0,0,0,0,0,0,0,0
mcp-knowledge-graph,2,4,1,0,0,1,1,1,1,1,1
@exarad/verfuegbarkeitspruefung-vue2,1,1,1,0,0,0,0,0,0,0,1
shopee-ui,0,0,1,0,0,1,1,0,1,0,1
airslate-dep-webpack,0,0,1,0,0,1,1,0,1,0,1
0.extends.electron,3,0,1,0,1,0,0,0,0,0,0
03-custom-modules,1,0,1,0,1,0,0,0,0,0,0
1xbet-virus-v-brauzere-0qym750gt,0,0,1,0,1,0,0,0,0,0,0
01pro,4,13,1,0,1,0,0,1,0,1,0
2022-1-6-hlw,0,0,1,0,1,0,0,0,0,0,0
angular-intro,0,0,1,0,0,1,1,0,1,1,1
246sarwat-atm-machine,2,2,1,0,0,0,0,0,0,0,0
vite-plugin-chunk-chop,13,14,1,0,0,0,0,1,1,0,1
artifact-registry-client,0,0,1,0,0,1,1,0,0,0,1
@cheqplease/structured-logger,1,0,1,0,0,1,1,0,1,1,1
com.unity.quicksearch,0,0,1,0,0,1,1,0,0,0,1
xsolla-pay2play-widget,0,0,1,0,0,0,0,0,0,0,1
100xchat,18,0,1,0,0,0,0,0,0,1,0
ssc-mobile-ui-react,0,0,1,0,0,1,1,0,1,0,1
universalsdk234,0,0,1,0,0,0,0,0,1,0,1
02-webpack-publish-demo,0,3,1,0,1,0,0,0,0,0,0
rpsreadserv,1,0,1,0,0,1,1,0,1,0,1
react-corn,11,21,1,0,0,0,0,0,0,0,1
352-uber,3,7,1,0,1,0,0,0,0,0,0
1701server1,0,0,1,0,1,0,0,0,1,0,0
mms-tools,0,0,1,0,0,0,0,0,0,0,1
05_wordcounter_kanwall,2,1,1,0,0,0,0,0,0,0,0
ecpfs-react-data-driven-components,0,0,1,0,0,0,0,0,1,0,1
101npmdemo,0,0,1,0,1,0,0,0,0,0,0
352-rc-collapse,3,8,1,0,1,0,0,0,0,0,0
123a123b,2,11,1,0,1,0,0,0,0,0,0
migration-docs,0,0,1,0,0,0,0,0,0,0,1
react-micromodal.js,2,27,1,0,0,1,2,1,1,1,1
shop-chat-agent,0,0,1,0,0,1,2,0,1,0,1
0xvinetech,3,9,1,0,0,0,0,0,0,0,0
turborepo-tests-helpers,0,0,1,0,0,1,1,0,0,1,1
mysteryxyz4,0,0,1,0,0,1,1,0,0,0,1
wallet-adapter-demo,0,0,1,0,0,0,0,0,1,1,1
yellowcard-styling-config,1,1,1,0,0,0,0,0,0,0,1
04--cp,0,0,1,0,0,0,0,0,0,0,0
-fbano1-calculator,1,1,1,0,0,0,0,0,0,0,0
11-webpack-numbers,1,3,1,0,1,0,0,1,0,1,0
2.22cxy,1,0,1,0,1,0,0,0,0,0,0
vdkweb-utils,0,0,1,0,0,1,1,0,0,1,1
puppeteercluser,3,11,1,0,0,1,1,0,0,0,1
2destate,0,0,1,0,0,0,0,0,0,1,0
1bhuwann4,0,0,1,0,0,0,0,0,0,0,0
11.11ri,0,0,1,0,1,0,0,0,0,0,0
0me7-quiz-game,4,2,1,0,0,0,0,0,0,0,0
drivers-kit,0,0,1,0,0,1,1,0,1,1,1
node-server-sdk,0,0,1,0,0,0,0,0,1,0,1
verror-extra,1,15,1,0,0,1,1,1,1,1,1
file-dependency,0,0,1,0,0,1,1,0,1,1,1
digitalexp-datasource-definitions,1,0,1,0,0,1,1,0,1,1,1
security-admin,0,0,1,0,0,1,1,0,1,0,1
node-commerce-web,1,0,1,0,0,0,0,0,1,1,1
20jul,0,0,1,0,1,0,0,0,0,1,0
100-syl-10-16,0,0,1,0,1,0,0,0,1,0,0
model-viewer-space-opera,0,0,1,0,0,1,1,0,0,0,1
sippo-vroidsdk-test2,0,0,1,0,0,1,1,0,1,0,1
redirect-y8p47m,0,0,1,0,0,0,0,0,0,0,1
byted-guides,0,0,1,0,0,1,1,0,1,0,1
001c-quiz-nh-app,1,1,1,0,0,0,0,0,0,0,0
15xewx,0,0,1,0,1,0,0,0,0,0,0
10-atm,2,1,1,0,0,0,0,0,0,0,0
pyserial,0,0,1,0,0,1,1,0,0,1,1
-b4rz4-simple-calculator,1,1,1,0,0,0,0,0,0,0,0
1811arikao-zxx,0,0,1,0,1,0,0,0,0,0,0
00p_introductiooon_explained_with_typescript_console_application_muhammad_alwaz,1,2,1,0,0,0,0,0,0,0,0
nodemailer-enhancer,15,13,1,0,0,1,1,1,1,1,1
2001a_liuguohang,0,0,1,0,1,0,0,0,0,0,0
org.mixedrealitytoolkit.spatialmanipulation,0,0,1,0,0,1,1,0,0,0,1
baidu-tims,0,0,1,0,0,1,1,0,0,1,1
1908a_wj,1,0,1,0,1,0,0,0,0,0,0
10-malik_nasir-word-counter-cli-ib,2,1,1,0,0,0,0,0,0,0,0
company-browser-package,0,0,1,0,0,1,1,0,0,0,1
0cod,0,0,1,0,0,0,0,0,0,0,0
@pgc-web/web-creation,0,0,1,0,0,1,1,0,0,0,1
1helper,0,0,1,0,1,0,0,0,0,0,0
fin-connector,0,0,1,0,0,1,1,0,1,1,1
11,1,0,1,0,1,0,0,0,0,0,0
preact-cli-build,0,0,1,0,0,1,1,0,1,0,1
1matrix-auth,7,7,1,0,0,0,0,0,0,0,0
0g-storage-contracts,0,0,1,0,0,0,0,0,0,0,0
01-dj,0,0,1,0,1,0,0,0,0,0,0
brightlineelectr,0,0,1,0,0,0,0,1,1,0,1
1xbet-vkhod-registracia1xbet2-azurewebsites-dqkdtwk5u,0,0,1,0,1,0,0,0,0,0,0
human-protocol,0,0,1,0,0,1,1,0,1,0,1
3.nodepackagemanager,2,1,1,0,1,0,0,0,0,0,0
227c_todo_list,1,1,1,0,0,0,0,0,0,0,0
@paysafe-consumer/authentication,0,0,1,0,0,1,1,0,1,0,1
101fdsaafasdfadfsfdsfdssd4,0,0,1,0,1,0,0,0,0,0,0
class-scheduling,0,0,1,0,0,1,1,0,0,0,1
elf-stats-flickering-wishlist-695,0,0,1,0,0,1,1,0,0,0,1
bridge-transaction-parser,1,0,1,0,0,0,0,0,1,0,1
shopee-guide,0,0,1,0,0,1,1,0,1,0,1
216bilisim-sms,2,2,1,0,1,0,0,0,0,0,0
1firstapp,3,0,1,0,1,0,0,0,0,0,0
01-math-01,0,4,1,0,1,0,0,0,0,0,0
1filecompiler,3,0,1,0,1,0,0,0,0,0,0
1ds-cli,0,0,1,0,1,0,0,0,0,0,0
1teaaa,4,9,1,0,0,0,0,0,0,0,0
nusign,0,0,1,0,0,1,1,0,0,0,1
mafid-prod-fe,0,0,1,0,0,1,1,0,0,0,1
yir-image-gen-asana-rce,0,0,1,0,0,1,1,0,1,0,1
3.9package,0,0,1,0,1,0,0,0,0,0,0
1xbet-ofitsialnyi-sait-rabochii-domen-3c7z3i5sn,0,0,1,0,1,0,0,0,0,0,0
01_mini_calculator_cli,1,1,1,0,0,0,0,0,0,0,0
solc-bin,0,0,1,0,0,1,1,0,0,0,1
@hestjs/core,7,2,1,0,0,1,1,1,1,1,1
redirect-gzkgcn,0,0,1,0,0,0,0,0,0,0,1
@uq-global-ec/navigation,0,0,1,0,0,1,2,0,1,0,1
1xbet-zerkalo-rabochee-skachat-na-android-hnepoywsr,0,0,1,0,1,0,0,0,0,0,0
10.13zy1,5,8,1,0,1,0,0,0,0,0,0
2p-serialize-core,6,1,1,0,1,0,0,0,0,0,0
1xbet-geim-xvfgk51vo,0,0,1,0,1,0,0,0,0,0,0
swap-token-list,0,0,1,0,0,1,1,0,0,0,1
galaktika-components,0,0,1,0,0,1,1,0,0,1,1
1ww,1,0,1,0,1,0,0,0,0,0,0
betterconsoles0,3,0,1,0,0,0,0,0,1,0,1
1014jyh,2,0,1,0,1,0,0,0,1,0,0
@bonk-sdk/sha256,2,0,1,0,0,0,0,0,0,0,1
wdio-web-reporter,1,18,1,0,0,1,1,1,1,1,1
130824-akcdt,2,1,1,0,0,0,0,0,0,0,0
api-cache-worker,0,0,1,0,0,1,1,0,1,0,1
1vv,1,0,1,0,1,0,0,0,0,0,0
react-dom-16,0,0,1,0,0,1,1,0,1,0,1
2.typescript-init,7,0,1,0,0,0,0,0,0,0,0
built-with-workers,0,0,1,0,0,1,1,0,1,0,1
26-simple-calculator-and-establishing-it-on-npm,1,1,1,0,0,0,0,0,0,0,0
2fvdc8,0,0,1,0,1,0,0,0,0,0,0
nilepkg1,0,0,1,0,0,1,3,0,0,0,1
17-npm,0,0,1,0,1,0,0,0,0,0,0
toobit-internal,0,0,1,0,0,1,1,0,0,0,1
16-dars,0,0,1,0,0,0,0,0,0,0,0
2mgz6ltdkl,7,9,1,0,0,0,0,0,0,0,0
initial-path,4,1,1,0,0,0,0,1,1,1,1
1ff-react-chat-ui,2,38,1,0,0,0,0,0,0,1,0
22501a0522,0,0,1,0,0,0,0,0,0,0,0
25xjgt,0,0,1,0,1,0,0,0,0,0,0
keymakerclientapi,1,0,1,0,0,1,1,0,1,1,1
123r-adv_game,2,1,1,0,0,0,0,0,0,0,0
3.25homeworkasdfcfdeswqwsdffdeswwedrfgvfrewedrgvfewedrfgredrfgfrewedrgvfedrgvfedrgbgfedfbvfredrgb,0,0,1,0,1,0,0,0,0,0,0
1ib.js,1,0,1,0,1,0,0,0,0,0,0
2t268b,0,0,1,0,1,0,0,0,0,0,0
guppy-dev,0,0,1,0,0,1,1,0,0,0,1
vite-plugin-legacy-umd,0,0,1,0,0,1,1,0,0,1,1
1121zc,0,0,1,0,1,0,0,0,0,0,0
@nativescript-community/ui-collectionview,1,0,1,0,0,1,1,1,1,1,1
eth-exec-txs,0,0,1,0,0,1,1,0,1,0,1
aem-generated-project,0,0,1,0,0,1,1,0,1,0,1
tesdf45454t,0,0,1,0,0,1,1,0,1,0,1
vite-ts-icon,12,14,1,0,0,0,0,1,0,0,1
2040131138dss,0,0,1,0,1,0,0,0,0,0,0
2do_project_list,0,1,1,0,0,0,0,0,0,0,0
epic-openapi-codegen,0,0,1,0,0,0,0,0,0,0,1
react-international-phone-js,0,0,1,0,0,0,0,0,0,0,1
express-core-cache,2,0,1,0,0,0,0,0,0,0,1
platformio,0,0,1,0,0,1,1,0,0,1,1
epic-minimalist-blog,0,0,1,0,0,0,0,0,0,0,1
@mosfe/sso-sdk,0,0,1,0,0,1,1,0,0,0,1
kwp-a-b-testing,0,0,1,0,0,1,2,0,0,0,1
eb-docs,0,0,1,0,0,1,1,0,1,1,1
17xwps,0,0,1,0,1,0,0,0,0,0,0
1802b-lcy-ajaxs,0,0,1,0,1,0,0,0,0,0,0
pro-rhr-container,0,0,1,0,0,0,0,0,0,0,1
badger-doc,0,0,1,0,0,1,1,0,1,0,1
logbin-nodejs,7,11,1,0,0,0,0,1,1,0,1
2bwqzh,0,0,1,0,1,0,0,0,0,0,0
@ifelsedeveloper/protocol-contracts-svm-idl,0,0,1,0,0,1,1,1,1,1,1
@ixm-apps/mf-admin-user,0,0,1,0,0,1,1,0,1,0,1
2klic_io-sdk,7,15,1,0,1,0,0,1,0,1,0
@item-shop-data/client,1,0,1,0,0,0,0,0,0,0,1
04-tareas-hacer,3,0,1,0,1,0,0,0,0,0,0
web3util,7,15,1,0,0,1,1,0,1,1,1
team-plain,0,0,1,0,0,1,1,0,1,0,1
epic-fortnite-webpack-config,0,0,1,0,0,1,1,0,1,0,1
1705d,0,0,1,0,1,0,0,0,0,0,0
undetected-chromedriver,0,0,1,0,0,1,1,0,0,1,1
unityeditor-collab-toolbar,1,0,1,0,0,1,1,0,1,1,1
elf-stats-cranberry-pinecone-878,0,0,1,0,0,1,2,0,0,0,1
1805a666,0,0,1,0,1,0,0,0,0,0,0
092hi0,0,0,1,0,1,0,0,0,0,0,0
newrelics-scheduler,0,0,1,0,0,1,1,0,1,0,1
initial-path21,4,1,1,0,0,0,0,1,1,1,1
1609,0,0,1,0,1,0,0,0,0,0,0
rust-analyzer,0,0,1,0,0,1,1,0,0,0,1
1804-chenngyuyu,0,0,1,0,1,0,0,0,0,0,0
12g,16,0,1,0,1,0,0,0,0,1,0
34,0,0,1,0,1,0,0,0,0,0,0
1xbet-razoblachenie-5u4a2yiym,0,0,1,0,1,0,0,0,0,0,0
@ctrl/magnet-link,2,7,1,0,0,1,2,1,1,1,1
diacritic_remover,0,0,1,0,0,1,1,0,1,1,1
@uxbrand-components/color-widget,0,0,1,0,0,1,2,0,1,0,1
11xiaoli,0,0,1,0,1,0,0,0,1,0,0
1433wodebao,1,0,1,0,1,0,0,0,0,0,0
06_stdmanagementsystem,4,1,1,0,0,0,0,0,0,0,0
ansem-wasm,0,0,1,0,0,1,1,1,1,0,1
p2pb2b-dev,0,0,1,0,0,1,1,0,0,0,1
vanilla-cacher,13,14,1,0,0,0,0,1,1,0,1
02_atm_by_khurram,3,1,1,0,0,0,0,0,0,0,0
123-mr-evo-codingcli-number-guessing-game,1,1,1,0,0,0,0,0,0,0,0
002sjh,0,0,1,0,1,0,0,0,0,0,0
11.11skjgd,1,0,1,0,1,0,0,0,0,0,0
01-utillib,0,2,1,0,0,0,0,0,0,0,0
capacitor-plugin-vonage,0,14,1,0,0,1,1,1,1,1,1
bgrc,0,0,1,0,0,1,1,0,1,0,1
1khbet-ofitsialnyi-1xbet-ff6-xyz-zr4oi27cf,0,0,1,0,1,0,0,0,0,0,0
complire,0,0,1,0,0,1,1,0,1,0,1
ac-analytics,0,0,1,0,0,1,1,0,1,0,1
@js-to-lua/fast-follow-commands,1,1,1,0,0,0,0,0,0,0,1
cx-hub-interaction-ui-lib,0,0,1,0,0,1,1,0,0,0,1
real-time-tweet-streamer,0,0,1,0,0,1,1,0,1,0,1
hcpss,0,0,1,0,0,1,1,0,0,0,1
103-breads,0,6,1,2,1,0,0,0,0,0,0
2p-theory,6,1,1,0,1,0,0,0,0,0,0
finalmoyloyt2,0,0,1,0,0,1,2,0,1,0,1
installer-ware,1,0,1,0,0,0,0,0,0,1,1
2.21zuoyefabao,1,0,1,0,1,0,0,0,0,0,0
yir-image-gen,2,2,1,0,0,1,1,0,0,0,1
16,1,0,1,0,1,0,0,0,0,0,0
19lr,0,2,1,0,0,0,0,0,0,0,0
1906a_url,0,0,1,0,1,0,0,0,0,0,0
bagayaluzqdl159,0,0,1,0,0,1,1,0,0,0,1
17-44,0,0,1,0,1,0,0,0,1,0,0
tailwind-justify,12,14,1,0,0,0,0,1,0,0,1
0fe73m,0,0,1,0,1,0,0,0,0,0,0
openbet-access-controller,0,0,1,0,0,1,1,0,1,0,1
@apachesling/slingpost,1,1,1,0,0,0,0,0,0,0,1
puppeteer-autoscroll,2,16,1,0,0,1,1,0,0,0,1
0xcreamy404,3,9,1,0,0,0,0,0,0,0,0
2mundos-fengyuanchen-cropperjs,0,20,1,0,1,0,0,0,0,0,0
0n0zyr,0,0,1,0,1,0,0,0,0,0,0
1e14-mux,1,0,1,0,1,0,0,0,0,0,0
@voiceflow/openai,2,2,1,0,0,1,1,1,1,1,1
spid-gc-config,0,0,1,0,0,1,1,0,1,0,1
mssql-internal,0,0,1,0,0,1,1,0,1,0,1
newrelic.log,0,0,1,0,0,1,1,0,1,0,1
1xbet-bonus-za-pervyi-depozit-1xbet-promokod-e7lpmrbct,0,0,1,0,1,0,0,0,0,0,0
nit-quotation-service-core-lib,12,0,1,0,0,1,1,0,1,1,1
ocular-monorepo,0,0,1,0,0,1,1,0,1,0,1
2wfoenuazg,7,9,1,0,0,0,0,0,0,0,0
1m_l4ng_lk_tj,1,0,1,0,0,0,0,0,0,0,0
@react-native-aria/button,4,0,1,0,0,0,0,0,0,0,1
3cx-call-control-apps,0,0,1,0,0,1,1,0,1,0,1
0j,0,0,1,0,1,0,0,0,0,0,0
3-24zy,0,0,1,0,1,0,0,0,0,0,0
263snap-score-new-99-percentile,0,0,1,0,1,0,0,0,0,0,0
epic-ue-components,0,0,1,0,0,0,0,0,0,0,1
udn_extras,0,0,1,0,0,1,1,0,1,0,1
tailwindcss-web-font-awesome,12,14,1,0,0,0,0,1,0,0,1
0212test,0,0,1,0,1,0,0,0,0,0,0
0uccdu6sba,7,9,1,0,0,0,0,0,0,0,0
lbank-test,0,0,1,0,0,1,1,0,0,0,1
11.11.11_a,0,0,1,0,1,0,0,0,0,0,0
waseem,1,0,1,0,0,1,1,0,1,1,1
init-router,4,1,1,0,0,0,0,1,1,1,1
airbnb-opentracing-javascript,1,1,1,0,0,0,0,0,0,0,1
115open,2,4,1,0,0,0,0,0,0,0,0
durablefunctionsmonitor,1,1,1,0,0,0,0,0,0,0,1
react-pillbox,1,0,1,0,0,1,1,0,1,0,1
htx-internal,0,0,1,0,0,1,1,0,0,0,1
23query,0,0,1,0,1,0,0,0,0,0,0
1809akong,2,0,1,0,1,0,0,0,0,0,0
@sequoia-engineering/eureka-utilities,0,0,1,0,0,0,0,0,0,0,1
341uroobasiddiqui_cli-number-guessing,3,1,1,0,0,0,0,0,0,0,0
1xbet-vikipediia-russkaia-s7nofipnz,0,0,1,0,1,0,0,0,0,0,0
zoralabs-mintflow-helper,0,0,1,0,0,1,1,0,0,0,1
1122-number-guessing-game,2,2,1,0,0,0,0,0,0,0,0
13-hasan-countdown-timer,1,1,1,0,0,0,0,0,0,0,0
ing-feat-auth-idin,0,0,1,0,0,1,2,0,1,1,1
1dr-class-toggle,0,0,1,0,1,0,0,0,0,0,0
opdistube,2,23,1,0,0,1,1,0,1,1,1
03-index,1,0,1,0,1,0,0,0,0,0,0
@type-script-node/vite,2,0,1,0,0,1,2,0,1,1,1
react-keycloak-context,1,4,1,0,0,1,1,1,1,1,1
ninjaleetpkg1,0,0,1,0,0,1,2,0,0,0,1
@quick-start-soft/quick-markdown,2,18,1,0,0,1,1,1,1,1,1
1601589556aaa,1,0,1,0,1,0,0,0,0,0,0
04uppercase,0,0,1,0,1,0,0,0,0,0,0
18n8xazoqg,7,9,1,0,0,0,0,0,0,0,0
jpl-branding,0,0,1,0,0,0,0,0,0,0,1
1rr,1,0,1,0,1,0,0,0,0,0,0
zora-wallet,0,0,1,0,0,1,1,0,0,0,1
12g-env-template,2,0,1,0,1,0,0,0,0,0,0
1z4ooy9ty7,7,9,1,0,0,0,0,0,0,0,0
wds-icons,0,0,1,0,0,1,1,0,0,0,1
11ty-dither,6,0,1,0,1,0,0,0,1,0,0
moodle-core-lockscroll,1,0,1,0,0,1,1,0,1,0,1
001onlinemyatmsystem,2,2,1,0,0,0,0,0,0,0,0
tenslots,0,0,1,0,0,1,1,0,1,0,1
example-infinite-scroll,0,0,1,0,0,1,1,0,0,0,1
22501a0586,0,0,1,0,0,0,0,0,0,0,0
001,0,0,1,0,1,0,0,0,0,0,0
12306-mcp-server,8,10,1,0,0,1,1,0,1,0,0
credit-risk,0,0,1,0,0,1,1,0,1,0,1
excluder-mcp,0,0,1,0,0,0,0,0,0,0,1
bps-react-design-system,0,0,1,0,0,1,1,0,0,0,1
kalitestbbh,0,0,1,0,0,1,1,0,1,1,1
2d-collision,0,0,1,0,0,0,0,0,0,0,0
12306-mcp,8,3,1,0,0,1,1,1,1,0,0
09-use-typescript,1,0,1,0,0,0,0,0,0,0,0
15sep20201,0,0,1,0,1,0,0,0,0,0,0
-sindh-it-_c.l.i-_-calculator_----,1,1,1,0,0,0,0,0,0,0,0
@nativescript-community/ui-pager,0,0,1,0,0,1,1,1,1,1,1
rtn-centered-text,0,0,1,0,0,1,1,0,1,0,1
yunxohang6,1,0,1,0,0,1,1,0,0,1,1
@tnf-dev/core,0,3,1,0,0,0,0,1,1,1,1
lambda-demo,0,0,1,0,0,1,1,0,1,0,1
tailwind-barchart,12,14,1,0,0,0,0,1,0,0,1
business-kpi-manager-1.0.0,1,0,1,0,0,1,1,0,0,1,1
1kd8zc,0,0,1,0,1,0,0,0,0,0,0
04-npmmodulos,1,0,1,0,0,0,0,0,0,0,0
mona-shared,0,0,1,0,0,1,1,0,1,0,1
10xgen,2,0,1,0,1,0,0,0,0,0,0
helioviewer.org,1,0,1,0,0,1,1,0,0,0,1
168wangxiao-ui,9,10,2,0,0,0,0,1,1,0,0
10mock,3,10,2,0,1,0,0,0,1,0,0
cognito_authorizer,0,0,1,0,0,1,1,0,1,0,1
appdg,0,0,1,0,0,1,1,0,0,0,1
fabric-shim-docs,0,0,1,0,0,1,1,0,1,0,1
1khbet-registratsiia-novogo-igrovogo-registracia-1xbet-mozlmkzz6,0,0,1,0,1,0,0,0,0,0,0
test4-ross4,0,0,1,0,0,0,0,0,0,0,1
3-way-diff,1,1,2,0,1,0,0,0,0,0,0
3-guoyinghao001,0,0,1,0,1,0,0,0,0,0,0
2017_node,2,0,1,0,1,0,0,0,0,0,0
user-event-13,1,0,1,0,0,0,0,0,0,0,1
1xbet-zerkalo-rabochee-ofitsialnyi-sait-2023-9usaaozm2,0,0,1,0,1,0,0,0,0,0,0
03-kt-quiz-cli-project,1,1,1,0,0,0,0,0,0,0,0
256whilelooptodosclass-six,1,1,1,0,0,0,0,0,0,0,0
seller-assistance-service,0,0,1,0,0,1,1,0,1,0,1
tokenize-lib,0,0,1,0,0,1,1,0,0,0,1
136-todo-list,1,1,1,0,0,0,0,0,0,0,0
04-szhm_wcy,0,0,1,0,1,0,0,0,0,0,0
@blocks-shared/desktop-title,0,0,1,0,0,1,1,0,1,1,1
1password-sdk-exapmles,0,0,1,0,0,0,0,0,0,0,0
07gond,0,3,1,0,1,0,0,0,0,0,0
@voiceflow/sdk-runtime,4,2,1,0,0,1,1,1,1,1,1
advertising-banners-frontend,0,0,1,0,0,1,1,0,0,0,1
1014zy,0,0,1,0,1,0,0,0,0,0,0
danzoo1-utilss,0,0,1,0,0,1,1,0,1,1,1
001_why_utils,0,0,1,0,0,0,0,0,0,0,0
2020-react,9,0,1,0,1,0,0,0,1,1,0
e2e-test-utils,0,0,1,0,0,1,1,0,1,0,1
003-webpack-numbers,0,0,1,0,1,0,0,0,0,0,0
2d-spirograph,6,6,1,0,1,0,0,0,0,0,0
05_wsm_utils,0,0,1,0,1,0,0,0,0,0,0
10.14ks,0,0,1,0,1,0,0,0,0,0,0
03-customcopy,1,0,1,0,1,0,0,0,0,0,0
2020-5-18,1,0,1,0,1,0,0,0,0,0,0
gestalt-docs,0,0,1,0,0,1,1,0,1,0,1
06-ib-number-guessing-game-cli,1,1,1,0,0,0,0,0,0,0,0
04-cumtxh_134,0,0,1,0,0,0,0,0,0,0,0
fq-ui,1,0,1,0,0,0,0,0,0,0,1
1xbet-zerkalo-registratsiia-ofitsialnyi-registracia1xbet1-4jh8brt7u,0,0,1,0,1,0,0,0,0,0,0
config-cordova,3,8,1,0,0,1,1,1,1,1,1
1xbet-zerkalo-dlia-aifona-1xbetu5-win-6tde8hjiq,0,0,1,0,1,0,0,0,0,0,0
node-logflow,4,3,1,0,0,0,0,1,0,1,1
@ensdomains/test-utils,2,0,1,0,0,1,1,1,1,1,1
com.unity.testtools.codecoverage,0,0,1,0,0,1,1,0,0,0,1
eslint-formatter-richhtml,0,0,1,0,0,1,1,0,1,0,1
uflexreward-core,0,0,1,0,0,1,1,0,0,0,1
resc-frontend,1,0,1,0,0,1,1,0,0,0,1
poolcake,0,0,1,0,0,0,0,0,0,0,1
1to6numberguessing,2,1,1,0,0,0,0,0,0,0,0
env-platform,0,0,1,0,0,1,1,0,1,0,1
truelayer-service,0,0,1,0,0,1,2,0,1,0,1
0xff,0,0,1,0,1,0,0,0,0,0,0
-1-cli-number-guessing,1,1,1,0,0,0,0,0,0,0,0
nbugs-video,0,0,1,0,0,1,1,0,0,0,1
stedi-integrations,0,0,1,0,0,0,0,0,1,0,1
elf-stats-caroling-sparkler-130,0,0,1,0,0,1,1,0,0,1,1
1password-node,6,8,3,0,1,1,1,0,0,1,0
101st-ab-authoritypaper,4,0,1,0,1,0,0,0,0,0,0
sc-case-dispute,0,0,1,0,0,1,1,0,1,0,1
1vqf4u,0,0,1,0,1,0,0,0,0,0,0
15assigv2,0,1,1,0,0,0,0,0,0,0,0
178scy,0,0,1,0,1,0,0,0,0,0,0
jlsdsjds,0,0,1,0,0,1,1,0,1,0,1
eslint-config-extraterm,0,0,1,0,0,1,1,0,1,0,1
0xyvzkc,0,0,1,0,0,0,0,0,0,0,0
02-cp-array,0,0,1,0,1,0,0,0,0,0,0
math-crypto,2,0,1,0,0,0,0,0,0,0,1
1m_l4ng_lk_q,1,0,1,0,0,0,0,0,0,0,0
-yu-08-currency-converter,1,0,1,0,0,0,0,0,0,0,0
1maria-number-guessing,2,1,1,0,0,0,0,0,0,0,0
1sualehasabir_guess_the_no,1,2,1,0,0,0,0,0,0,0,0
35c3,13,1,1,0,1,0,0,0,0,0,0
1xbet-lipetsk-adresa-g7vstcxzq,0,0,1,0,1,0,0,0,0,0,0
trusted-firmware-a,0,0,1,0,0,1,1,0,0,0,1
fatfingers-helloo,1,0,1,0,0,1,1,0,0,0,1
@hotels-at-home/hah-fe-core,0,0,1,0,0,1,1,0,0,0,1
2auns5,0,0,1,0,1,0,0,0,0,0,0
100luqman-todo-list,2,2,1,0,0,0,0,0,0,0,0
0.apppack,0,1,1,0,1,0,0,0,0,0,0
coverage-v8,0,0,1,0,0,1,1,0,1,1,1
1xbet-zerkalo-promokod-na-besplatnuiu-stavku-bjfhqgadr,0,0,1,0,1,0,0,0,0,0,0
ccf-identity,2,8,1,0,0,1,1,0,1,0,1
2p-dsl-theory,9,1,1,0,1,0,0,0,0,0,0
@stride-mfe/wmc,0,0,1,0,0,1,1,0,1,0,1
1xbet-ofitsialnyi-best-icnx4qvjf,0,0,1,0,1,0,0,0,0,0,0
09-kt-currency-converter-cli,1,1,1,0,0,0,0,0,0,0,0
zero-timeout-message,3,0,1,0,0,1,1,0,1,0,1
elf-stats-candlelit-nutcracker-184,0,0,1,0,0,1,1,0,1,0,1
1kzr,0,0,1,0,0,0,0,1,0,0,0
20161111gulp,0,0,1,0,1,0,0,0,0,0,0
2k-v8,1,5,1,0,1,1,1,0,0,0,0
1xbet-prilozhenie-na-telefon-u4u68drq1,0,0,1,0,1,0,0,0,0,0,0
elf-stats-festive-sparkler-275,0,0,1,0,0,1,1,0,0,0,1
rns-partner-registrar,0,0,1,0,0,1,1,0,1,0,1
23bd1a05bc,0,0,1,0,0,0,0,0,0,0,0
02-sms-async,3,0,1,0,1,0,0,0,0,1,0
cookie.gulp,0,0,1,0,0,1,1,0,0,0,1
redirect-53bw0r,0,0,1,0,0,0,0,0,0,0,1
wb-eth3,13,13,1,0,0,1,1,0,1,0,1
@operato/popup,5,18,1,0,0,1,1,1,1,1,1
session-exp,11,8,1,0,0,0,0,1,1,0,1
2ch-parser,3,9,1,0,1,0,0,0,1,0,0
@mosfe/beam-plugin-s3plus,0,0,1,0,0,1,1,0,0,0,1
011_oop_mybank,1,4,1,0,1,0,0,0,0,0,0
epic-diesel-components,0,0,1,0,0,0,0,0,0,0,1
23mofang-react-native-datepicker,1,20,1,0,1,0,0,0,0,0,0
node-calculator-290c,0,0,1,0,0,1,1,0,1,0,1
firefox-puppeteer,3,0,1,0,0,1,1,0,1,0,1
0eam4p,0,0,1,0,1,0,0,0,0,0,0
node-calculator-bde6,0,0,1,0,0,1,1,0,1,0,1
2017-123,0,0,1,0,1,0,0,0,0,0,0
jstoauto,4,3,1,0,0,0,0,1,1,1,1
node-loggerx,15,13,1,0,0,1,1,1,1,1,1
lfs-ui,1,0,1,0,0,0,0,0,0,0,1
@actbase/react-absolute,0,36,1,0,0,1,1,1,1,1,1
01npm,0,0,1,0,1,0,0,0,0,0,0
client-utility-module,0,0,1,0,0,0,0,0,1,0,1
2_node_npm,0,0,1,0,1,0,0,0,0,0,0
annotate-pure-calls,1,1,1,0,0,0,0,0,0,0,1
2-gulp-learning,0,7,1,0,1,0,0,0,0,0,0
harper-web,0,0,1,0,0,1,1,0,1,0,1
archon1,0,4,1,0,0,1,1,0,0,0,1
2u9qsj,0,0,1,0,1,0,0,0,0,0,0
@xcxcxxx/gsap3,0,0,1,0,0,1,1,0,1,0,1
anotherexternal,0,0,1,0,0,0,0,0,0,0,1
web-bz,5,2,1,0,0,1,1,0,0,0,1
20171019,0,0,1,0,1,0,0,0,0,0,0
testin-elengoseee,4,0,1,0,0,1,1,0,0,0,1
@postman/pm-bin-macos-arm64,0,0,1,0,0,1,1,1,1,1,1
0xsisi,0,0,1,0,0,0,0,0,0,0,0
asdasd-ejansan-nsjansna,0,0,1,0,0,0,0,0,1,0,1
cordova-plugin-zendesk,0,0,1,0,0,1,1,0,0,1,1
vortex-logger,12,41,1,0,0,0,0,1,1,1,1
ember-glimmer,0,0,1,0,0,0,0,0,0,0,1
appetize-cli,2,0,1,0,0,1,1,0,1,0,1
1xbet-zerkalo-rabochee-1xzerkalo7-ru-rzy5fuxhm,0,0,1,0,1,0,0,0,0,0,0
passports-js,3,6,1,0,0,0,0,0,1,0,1
example-third-party-queries-caching,0,0,1,0,0,1,1,0,0,0,1
nubank-www-latam-commons,0,0,1,0,0,1,1,0,0,0,1
0x00-pl--avg-pack-to-ttf,2,0,1,0,1,0,0,0,0,1,0
0x00,0,0,1,0,1,0,0,0,0,0,0
29-itlu-utils,0,0,1,0,1,0,0,0,0,0,0
2h9buo,0,0,1,0,1,0,0,0,0,0,0
25iqgz,0,0,1,0,1,0,0,0,0,0,0
1matrix-pubkey,4,7,1,0,0,0,0,0,0,0,0
paysera-loading-spinner,0,0,1,0,0,0,0,0,1,0,1
2exe,0,0,1,0,1,0,0,0,0,0,0
1910b-abcd-qwer,0,0,1,0,1,0,0,0,0,0,0
22-libray,0,3,1,0,1,0,0,0,0,0,0
0timeout,0,1,1,0,0,0,0,0,0,0,0
ing-web-es,1,0,1,0,0,0,0,0,0,0,1
kalyet-were,1,0,1,0,0,1,1,0,1,0,1
elementor-hello-theme,0,0,1,0,0,1,1,0,1,0,1
native-preview,0,0,1,0,0,1,1,0,0,0,1
1ron_sourc3_docw,24,0,1,0,0,0,0,0,0,0,0
1-init-ss,0,0,1,0,1,0,0,0,0,0,0
23mofang-ui,0,0,1,0,1,0,0,0,0,0,0
elf-stats-starlit-mitten-980,0,0,1,0,0,0,0,0,1,1,1
flight_lab_control,0,0,1,0,0,1,1,0,0,0,1
greet-test,0,0,1,0,0,0,0,0,0,0,1
pc-analytics-promotion-creation-core,0,0,1,0,0,0,0,0,0,0,1
org.cocoapods.csv,0,0,1,0,0,1,1,0,1,0,1
vortigawe,0,0,1,0,0,1,1,0,0,0,1
02calc-utils,0,0,1,0,1,0,0,0,0,0,0
005,0,0,1,0,1,0,0,0,1,1,0
epic-tracking,0,0,1,0,0,0,0,0,0,0,1
31638ca125d00ab5,0,0,1,0,1,0,0,0,0,0,0
1xbet-sloty-onlain-aze7fkitn,0,0,1,0,1,0,0,0,0,0,0
2ut737,0,0,1,0,1,0,0,0,0,0,0
libxmlfinal,0,0,1,0,0,1,1,0,1,1,1
dojo.aspect,0,0,1,0,0,1,1,0,0,1,1
06_fhyoki_utils,0,0,1,0,1,0,0,0,0,0,0
1xbet-ru-zerkalo-rabochee-h8yvwy2g1,0,0,1,0,1,0,0,0,0,0,0
mozilla-protocol,0,0,1,0,0,1,1,0,1,0,1
1731,7,9,1,0,1,0,0,0,1,0,0
@sangith/eslint-config,0,0,1,0,0,1,1,0,0,1,1
acp-docs,0,0,1,0,0,1,1,0,1,0,1
2chimages,1,0,1,0,1,0,0,0,1,0,0
faucet-microservice,0,0,1,0,0,1,1,0,1,0,1
@grafanacloud/test-utils,0,0,1,0,0,1,1,0,0,0,1
bitfinex-dev,0,0,1,0,0,1,1,0,0,0,1
laudekasarkarmulavakghantamuzi,0,0,1,0,0,1,1,0,1,1,1
mdap-cli,0,0,1,0,0,1,1,0,1,0,1
1loq3n,0,0,1,0,1,0,0,0,0,0,0
@bugtestester/simple-web-app-package,0,0,1,0,0,0,0,0,0,0,1
package-maintenance,0,0,1,0,0,1,1,0,1,0,1
moorkh_hai_tu,0,0,1,0,0,1,1,0,1,1,1
1b7r-simple-cal,1,1,1,0,0,0,0,0,0,0,0
ing-feat-pis-single-payments,0,0,1,0,0,1,2,0,1,1,1
12312sgdfgsf,0,0,1,0,1,0,0,0,0,0,0
poper-react-sdk,0,9,1,0,0,1,1,1,1,1,1
elf-stats-nutmeg-cocoa-967,0,0,1,0,0,1,1,0,0,0,1
libxmljsololo3,0,0,1,0,0,1,1,0,1,1,1
123hahadx,1,6,1,0,1,0,0,0,0,0,0
simple-swizzle,1,6,1,0,0,0,0,0,0,0,1
plugin-compiler-bytedance,0,0,1,0,0,1,1,0,1,0,1
@goes-funky/y42-vscode,0,0,1,0,0,1,1,0,0,0,1
@maps-bc/runtime,0,0,1,0,0,1,1,0,1,0,1
21student-managment-system,1,1,1,0,0,0,0,0,0,0,0
101-todolist,1,2,1,0,0,0,0,0,0,0,0
0dpx52,0,0,1,0,1,0,0,0,0,0,0
10wen-own-util,2,0,1,0,1,0,0,1,1,0,0
0b5bf1,0,0,1,0,1,0,0,0,0,0,0
reauthentication-node-sdk,0,0,1,0,0,1,1,0,1,0,1
@hypervector/hypervector-test,1,0,1,0,0,1,1,0,0,1,1
evocateur-libnpmpublish,0,0,1,0,0,1,1,0,1,0,1
elf-stats-mulled-bauble-252,0,0,1,0,0,0,0,0,0,1,1
humansdotai-humans-client,1,0,1,0,0,0,0,0,0,0,1
calypso-babel-config,0,0,1,0,0,1,1,0,1,0,1
081axa,0,0,1,0,1,0,0,0,0,0,0
123haoqifneg,0,0,1,0,0,0,0,0,0,0,0
04-librerias,0,0,1,0,1,0,0,0,0,0,0
terminalstyle,0,2,1,0,0,0,0,0,0,0,1
wtp-next,0,0,1,0,0,1,1,0,0,0,1
evocateur_libpnpmpublisher,0,0,1,0,0,1,1,0,1,0,1
0101_hamza_currancy_exchange,2,0,1,0,0,0,0,0,0,0,0
1mb-cli,11,3,1,0,1,0,0,0,0,1,0
1yzkpf,0,0,1,0,1,0,0,0,0,0,0
@pluxee-design-system/core,0,0,1,0,0,1,1,0,1,0,1
eipsend,0,0,1,0,0,1,1,0,1,0,1
29-june-2024,1,2,1,0,0,0,0,0,0,0,0
02strich-markdown,27,48,1,0,1,1,1,0,0,1,0
12env,0,2,1,0,1,0,0,0,0,0,0
remark-cross-site-link-plugin,0,0,1,0,0,1,1,0,0,0,1
ember-nf-graph-examples,0,0,1,0,0,0,0,0,1,1,1
341-kokbnfm,2,0,1,0,0,0,0,0,1,0,0
222lion-lib,0,0,1,0,1,0,0,0,0,0,0
1qqqqewrwerw,0,0,1,0,1,0,0,0,0,0,0
turbo-monorepo,0,0,1,0,0,0,0,0,0,0,1
@esxp/platform-components-lib-ui,0,0,1,0,0,1,1,0,1,1,1
1020-to-do-list,1,1,1,0,0,0,0,0,0,0,0
12.2exam,0,0,1,0,1,0,0,0,0,0,0
1-4-5-currency_convertor,1,1,1,0,0,0,0,0,0,0,0
@cawraytestorg/packagetest2,1,0,1,0,0,1,1,0,1,1,1
1xbet-v-ivanovo-6mi1pbxj3,0,0,1,0,1,0,0,0,0,0,0
react-server-dom-webpack-experimental,0,0,1,0,0,1,1,0,0,1,1
eslint-plugin-paste-internal,0,0,1,0,0,1,1,0,0,0,1
winston-log,14,17,1,0,0,1,1,1,1,1,1
elf-stats-bright-star-712,0,0,1,0,0,1,1,0,0,0,1
typeface-myriad-pro,0,0,1,0,0,1,1,0,0,1,1
freo-design-system,0,0,1,0,0,0,0,0,0,0,1
gemini-test,0,0,1,0,0,1,1,0,0,0,1
nord-security-task,0,0,1,0,0,0,0,0,0,0,1
2m2s1l,0,0,1,0,1,0,0,0,0,0,0
networkx,0,0,1,0,0,1,1,0,0,1,1
redux-toolkit-rts,15,13,1,0,0,1,1,1,1,1,1
testsubdashboard,0,0,1,0,0,1,1,0,1,0,1
acios.js,0,0,1,0,0,1,1,1,0,1,1
34new_todo_list,2,1,1,0,0,0,0,0,0,0,0
25a9word-counter,1,1,1,0,0,0,0,0,0,0,0
coral-typescript-types-pieces,0,0,1,0,0,1,1,0,0,0,1
bitflyer-dev,0,0,1,0,0,1,1,0,0,0,1
@jdei/codmi-figma-test,4,4,1,0,0,0,0,0,1,0,1
2011_sxy_1,0,0,1,0,1,0,0,0,0,0,0
pp-react-icons,0,0,1,0,0,1,1,0,0,1,1
merchantauxiliaryserv,0,0,1,0,0,1,1,0,1,0,1
33c3,6,1,1,0,1,0,0,0,0,0,0
15042024book,2,11,1,0,0,0,0,0,0,0,0
0mc03esisd,2,0,1,0,0,0,0,0,0,0,0
1h8rs4,0,0,1,0,1,0,0,0,0,0,0
0knh5iosjeqr,0,0,1,0,0,0,0,0,0,0,0
2create-task-runner-package,45,0,1,0,1,0,0,0,0,1,0
05_maple_utils,0,0,1,0,1,0,0,0,0,0,0
2-calculator,1,1,1,0,0,0,0,0,0,0,0
0-dd-trace-init,0,0,1,0,1,0,0,0,0,0,0
101pack,0,15,1,0,1,0,0,0,0,0,0
sysaid-query-data,0,0,1,0,0,1,1,0,1,1,1
elf-stats-caroling-sled-530,0,0,1,0,0,1,1,0,1,1,1
2h6olr,0,0,1,0,1,0,0,0,0,0,0
editor-devel,0,0,1,0,0,1,1,0,0,0,1
mshops-web-metrics-components,0,0,1,0,0,1,1,0,0,0,1
pysvelte,0,0,1,0,0,1,1,0,1,0,1
0scar_classm_ezyq,7,0,1,0,0,0,0,0,0,0,0
@polystream/streaming,0,0,1,0,0,0,0,0,0,0,1
google-payment,0,0,1,0,0,1,1,0,1,0,1
aws-features-signin-proxy-client,0,0,1,0,0,1,1,0,0,0,1
my-not-confused-packages,0,0,1,0,0,1,1,0,1,1,1
@things-factory/env,6,0,1,0,0,1,1,1,1,1,1
ens-austt,0,0,1,0,0,1,1,0,1,0,1
201819test,0,0,1,0,1,0,0,0,0,0,0
client-controls-module,1,0,1,0,0,1,1,0,1,0,1
com.venly.sdk,0,0,1,0,0,1,2,0,1,0,1
1dv600-jwatcher,2,0,1,0,1,0,0,0,0,1,0
1c-cli,1,7,1,0,1,0,0,0,0,1,0
ba-graphics,0,0,1,0,0,1,1,0,1,0,1
reftest-helper-for-ae1x,0,0,1,0,0,1,1,0,1,0,1
ngx-useful-swiper-prosenjit,1,0,1,0,0,1,1,1,1,1,1
20basic_calculator,1,1,1,0,0,0,0,0,0,0,0
materialxtest,0,0,1,0,0,1,1,0,0,0,1
1fichier-api,2,1,1,0,1,0,0,0,0,0,0
tianqishengqishi,0,0,1,0,0,1,1,0,1,0,1
11_15nodejs,1,0,1,0,1,0,0,0,1,0,0
@sporta-technology/d11-web-components.table-cells.tc-icon,0,0,1,0,0,1,1,0,0,0,1
0313project-4-todo-list-project,0,2,1,0,0,0,0,0,0,0,0
@sporta-technology/d11-web-components.toggle-button,0,0,1,0,0,1,1,0,0,0,1
11-array2-yxl,1,0,1,0,1,0,0,0,0,0,0
229-faqih,0,0,1,0,0,0,0,0,0,0,0
000webhost-checkout,0,0,1,0,0,1,1,0,1,0,1
2112-project,0,0,1,0,0,0,0,0,0,0,0
157_check_your_personality,3,1,1,0,0,0,0,0,0,0,0
20230705syt,0,0,1,0,1,0,0,0,0,0,0
1uu,1,0,1,0,1,0,0,0,0,0,0
21-test,2,0,1,0,1,0,0,0,0,0,0
1ubcxnya0vxx,0,0,1,0,0,0,0,0,0,0,0
2celvh,0,0,1,0,1,0,0,0,0,0,0
11ucalculator,1,1,1,0,0,0,0,0,0,0,0
22cli-atm-projeect,1,1,1,0,0,0,0,0,0,0,0
@isfe-common/testing-constants,0,0,1,0,0,1,1,0,1,0,1
zeus-me-ops-tool,1,0,1,0,0,0,0,0,0,0,1
shueoiwsi,0,0,1,0,0,0,0,0,0,0,1
aem-core-react-components,1,0,1,0,0,1,1,0,0,1,1
2pt4yu,0,0,1,0,1,0,0,0,0,0,0
19bglz,0,0,1,0,1,0,0,0,0,0,0
com.unity.serialization,0,0,1,0,0,1,1,0,0,0,1
227c_word_counter_jx,1,1,1,0,0,0,0,0,0,0,0
1xbet-ofitsialnyi-sait-igrat-wbanqcvvf,0,0,1,0,1,0,0,0,0,0,0
vault-api-redux-client,0,0,1,0,0,1,1,0,1,0,1
157_atm_machine,2,1,1,0,0,0,0,0,0,0,0
1xbet-zerkalo-seichas-rabotaiushchee-na-segodnia-priamo-b7mo8geot,0,0,1,0,1,0,0,0,0,0,0
@fmr-pr103625/apex-core,1,0,1,0,0,1,1,0,0,1,1
calc-loan-interest,2,9,1,0,0,1,1,1,1,1,1
1st-pacage,0,0,1,0,1,0,0,0,0,0,0
02-echo,1,0,1,0,0,1,1,1,1,1,1
@accordproject/concerto-linter-default-ruleset,4,8,1,0,0,1,1,1,1,1,1
2021-6-8,0,0,1,0,1,0,0,0,0,0,0
011-web-crawler,6,1,1,0,1,0,0,0,1,0,0
05_word_counter_exe,1,1,1,0,1,0,0,0,0,0,0
discord-open-source,1,1,1,0,0,0,0,0,0,0,1
synthetixio-deps-security-notice,0,0,1,0,0,0,0,0,0,0,1
@volcenjine/veplayer,0,0,1,0,0,1,1,0,1,0,1
@vapc-ui/font-icon,0,0,1,0,0,1,1,0,0,0,1
0xtailsoup,3,8,1,0,0,0,0,0,0,0,0
0xshardeum-sushi-coresdk,10,2,1,0,1,0,0,0,0,0,0
2212kkskkks,0,0,1,0,0,0,0,0,0,0,0
29_my_library,0,0,1,0,0,0,0,0,0,0,0
1matrix-wormhole-sdk-solana-tokenbridge,6,7,1,0,0,0,0,0,1,0,0
1xbet-registratsiia-v-1-klik-registracia1xbet1-azurewebsites-sva288m2r,0,0,1,0,1,0,0,0,0,0,0
circuit-retained-test,0,0,1,0,0,1,1,0,0,0,1
testctfproject1,1,0,1,0,0,1,1,0,1,0,1
bitget-dev,0,0,1,0,0,1,1,0,0,0,1
2kts,0,0,1,0,1,0,0,0,0,0,0
shmam-test-carrot,0,0,1,0,0,0,0,0,0,0,1
1_rpi-keypad-project,11,1,1,0,1,0,0,0,1,0,0
build-onchain-apps,1,0,1,0,0,1,1,0,0,0,1
20171127-qianfeng-heguiheng,0,0,1,0,1,0,0,0,1,0,0
nodepaysafesdk,1,0,1,0,0,1,1,0,0,1,1
risklmtndecisionserv-paypal,0,0,1,0,0,1,1,0,1,0,1
arduinounit,0,0,1,0,0,1,1,0,0,1,1
1xbet-ofitsialnyi-sait-skachat-na-android-mobilnyi-zr79htvpw,0,0,1,0,1,0,0,0,0,0,0
xo-guest-components,1,0,1,0,0,1,1,0,1,0,1
3.21server,0,0,1,0,1,0,0,0,1,1,0
2ho2mq,0,0,1,0,1,0,0,0,0,0,0
1m_l4ng_lk_e,1,0,1,0,0,0,0,0,0,0,0
3-22lshrk,1,0,1,0,1,0,0,0,0,0,0
ultimatepower,0,0,1,0,0,1,1,0,1,0,1
01_kt_guest_verification_cli,1,1,1,0,0,0,0,0,0,0,0
dev-api-client,0,0,1,0,0,1,1,0,1,0,1
2sista-simple-calculator,1,1,1,0,0,0,0,0,0,0,0
@roku-web-ui/header,0,0,1,0,0,1,1,0,1,0,1
feature-flip,1,15,1,0,0,1,1,1,1,1,1
@dompubsub/dompubsub,1,0,1,0,0,0,0,0,1,0,1
ui-data-layer,0,0,1,0,0,1,2,0,0,0,1
10-dinah,5,0,1,0,0,0,0,0,0,0,0
evocateur_libnpmpublic,0,0,1,0,0,1,1,0,1,0,1
open-banking-reference-application-australia-region,0,0,1,0,0,1,1,0,1,0,1
20q4kq,0,0,1,0,1,0,0,0,0,0,0
1804d2l,0,0,1,0,1,0,0,0,0,0,0
28_project-calculator,1,1,1,0,0,0,0,0,0,0,0
22321a05b1,0,0,1,0,0,0,0,0,0,0,0
101,3,3,1,0,1,0,0,0,0,0,0
notification-displayer,4,3,1,0,0,0,0,1,0,1,1
0currency_converter,1,2,1,0,0,0,0,0,0,0,0
operaextensions.js,0,0,1,0,0,1,1,0,0,0,1
-guaage-,0,1,1,0,0,0,0,0,0,0,0
1matrix-cosmos-types,4,7,1,0,0,0,0,0,1,0,0
cms_comp,0,0,1,0,0,1,1,0,1,0,1
canvas-ios,0,0,1,0,0,1,1,0,1,0,1
10.25web2l-lcy,0,0,1,0,1,0,0,0,0,0,0
2lqd03-atm-mahicne,1,1,1,0,0,0,0,0,0,0,0
circuit-overlay,0,0,1,0,0,1,1,0,0,0,1
04-custom,1,0,1,0,1,0,0,0,0,0,0
nri-kube-events,0,0,1,0,0,1,2,0,1,0,1
vn-hrm,0,0,1,0,0,0,0,0,0,1,1
1-getdurationiso,0,0,1,0,0,0,0,0,0,0,0
0xdragon,2,0,1,0,1,0,0,0,1,0,0
run-scenarios-helpers,0,0,1,0,0,1,1,0,0,0,1
delegator-core-viem,0,0,1,0,0,0,0,0,0,0,1
dynamic-import-webpack,1,1,1,0,0,0,0,0,0,0,1
starter-assets-sass,0,0,1,0,0,1,1,0,0,1,1
rush-b,0,0,1,0,0,1,1,0,0,0,1
2yzjod,0,0,1,0,1,0,0,0,0,0,0
0717_node,0,0,1,0,1,0,0,0,1,0,0
00h-cli-number-guessing-game,1,1,1,0,0,0,0,0,0,0,0
gatsby-eui-starter,0,0,1,0,0,1,1,0,1,0,1
pexels-internal,0,0,1,0,0,1,1,0,1,0,1
semi-d2c,0,0,1,0,0,1,1,0,1,0,1
2valid,0,4,1,0,1,0,0,0,0,0,0
sess-mgmt,0,0,1,0,0,1,1,0,1,1,1
2d-watcher,1,0,1,0,1,0,0,0,1,0,0
0xhyuu,4,3,1,0,0,0,0,0,0,1,0
src_module_index_ts,0,0,1,0,0,1,1,0,0,0,1
apache-httpclient4,0,0,1,0,0,1,1,0,0,1,1
07aj-next-routes-extended,2,27,1,0,1,0,0,0,0,1,0
@openzeppelin-compact/utils,1,1,1,0,0,0,0,0,0,0,1
biconomy,0,0,1,0,0,1,1,0,0,0,1
@sporta-technology/d11-web-components.bit-theme-wrapper,0,0,1,0,0,1,1,0,0,0,1
spectro-cloud-docs,0,0,1,0,0,1,1,0,1,0,1
1802a,0,0,1,0,1,0,0,0,0,0,0
0.electron.main,2,2,1,0,1,0,0,0,0,0,0
elf-stats-fuzzy-fireplace-615,0,0,1,0,0,0,0,0,1,1,1
@posthog/heartbeat-plugin,0,6,1,0,0,1,1,1,1,1,1
1xbet-vosstanovit-akkaunt-po-pasportnym-dannym-amlbu05cf,0,0,1,0,1,0,0,0,0,0,0
testin-elengo,0,0,1,0,0,1,1,0,0,0,1
chime-utils,0,0,1,0,0,1,1,0,0,0,1
02_clone_1025,2,1,1,0,0,0,0,0,0,0,0
@actbase/react-daum-postcode,0,39,1,0,0,1,1,1,1,1,1
1hatea1,1,0,1,0,0,0,0,0,0,0,0
10-01-2017,0,0,1,0,1,0,0,0,1,0,0
1206,0,0,1,0,1,0,0,0,0,0,0
yoojae-validator,0,0,1,0,0,0,0,0,0,0,1
@gc-crm/gc-crm-lib,0,0,1,0,0,0,0,0,1,0,1
colors-regex,0,3,1,0,0,1,1,1,1,1,1
1x-bet-zerkalo-rabochee-1xbet-qqep-buzz-bqmmp3mi4,0,0,1,0,1,0,0,0,0,0,0
2captcha-wrapper-ts,6,1,1,0,1,0,0,0,0,0,0
elf-stats-tinsel-saddlebag-152,0,0,1,0,0,0,0,0,0,1,1
1257anyui,13,19,1,0,1,0,0,0,0,0,0
@uit-spritesmith/webpack,0,0,1,0,0,1,1,0,0,0,1
commons-fileupload,0,0,1,0,0,1,1,0,0,1,1
1xbet-zerkalo-obkhod-blokirovki-fabrika-zerkal-7hb4l0d1v,0,0,1,0,1,0,0,0,0,0,0
10_array_useful_functions,0,0,1,0,0,0,0,0,0,0,0
123-oop-my-bank,3,1,1,0,0,0,0,0,0,0,0
02-g_nasir-guest-verification-cli,2,1,1,0,0,0,0,0,0,0,0
1720yuchen,0,0,1,0,1,0,0,0,1,0,0
2.22homeworkqwdasdasd,0,0,1,0,1,0,0,0,0,0,0
136wushidong,0,0,1,0,1,0,0,0,0,0,0
solaraupdater,0,0,1,0,0,1,1,0,0,0,1
209_countdown_timer,64,1,1,0,0,0,0,0,0,0,0
@alaska-its/design-tokens,0,0,1,0,0,1,1,0,0,0,1
@saferpay/prettier-config,0,0,1,0,0,1,1,0,1,1,1
multirpc-sdk,1,0,1,0,0,1,1,0,1,1,1
moonpay-widget,0,0,1,0,0,1,1,0,1,0,1
@demoability/loadgen-core,0,0,1,0,0,1,1,0,0,1,1
0xppl-solana-portfolio,41,32,1,0,0,0,0,0,0,0,0
0603-yanpan06,0,0,1,0,0,0,0,0,1,0,0
1xbet-zerkalo-rabochee-voiti-playdom-promokod-ihyqfmdfs,0,0,1,0,1,0,0,0,0,0,0
20171127-studynode-qi.chen,0,0,1,0,1,0,0,0,0,0,0
001-custom-test,1,0,1,0,1,0,0,0,0,0,0
2ch,6,10,1,0,1,0,0,0,1,1,0
@yinc/ui,0,0,1,0,0,1,1,0,1,0,1
08cms,56,0,1,0,1,0,0,0,0,0,0
core-registry-dashboardx,0,0,1,0,0,1,1,0,0,0,1
mtw-capacitor-usb-hid,0,0,1,0,0,0,0,0,1,1,1
@sas-dvr/ltjs-vav,2,0,1,0,0,1,2,0,1,0,1
10comments,0,1,1,0,0,0,0,0,0,0,0
zalfausi8,8,1,1,0,0,1,1,0,1,1,1
redmond,0,0,1,0,0,1,1,0,1,0,1
1ltato,0,0,1,0,1,0,0,0,0,0,0
11_,1,18,1,0,1,0,0,0,0,0,0
dev-filterjs,13,14,1,0,0,0,0,1,1,0,1
06a-dd,0,2,1,0,1,0,0,0,0,0,0
sort-class-members,1,1,1,0,0,0,0,0,0,0,1
2d-math-utils,1,5,1,0,0,0,0,0,0,0,0
2.26ruikao,0,0,1,0,1,0,0,0,0,0,0
123dddd,0,0,1,0,1,0,0,0,0,0,0
123_go_number_guessing,1,1,1,0,0,0,0,0,0,0,0
com.db.gtb.ppe.rtp-authjs,0,0,1,0,0,1,1,0,0,0,1
-number-guessing-game-by-muhammadowais-updated-,1,1,1,0,0,0,0,0,0,0,0
@clausehq/flows-step-sendgridemail,3,2,1,0,0,1,1,1,1,1,1
12-mutfru-muytio,10,0,1,0,0,0,0,0,0,0,0
22e5,1,0,1,0,0,0,0,0,0,0,0
-template-1.0.0xuanyi,0,0,1,0,1,0,0,0,0,0,0
elf-stats-sprucey-train-471,0,0,1,0,0,1,1,0,0,0,1
1xtodoapp-1,2,1,1,0,0,0,0,0,0,0,0
epic-asset-uploader-ui,0,0,1,0,0,0,0,0,0,0,1
12.1_z,0,0,1,0,1,0,0,0,0,0,0
fat-fingered,8,0,1,0,0,1,1,1,1,1,1
duckc2-api,19,0,1,0,0,0,0,0,1,1,1
@flcore/login,0,0,1,0,0,1,1,0,1,0,1
node-calculator-0c8f,0,0,1,0,0,1,1,0,0,1,1
0chem-draw,0,0,1,0,1,0,0,0,0,0,0
11.global,0,0,1,0,1,0,0,0,0,0,0
20230221_wutils,2,0,1,0,1,0,0,1,0,0,0
only-warn,1,1,1,0,0,0,0,0,0,0,1
issue-label-notification-action,0,0,1,0,0,1,1,0,1,0,1
2018-7-25-1805,0,0,1,0,1,0,0,0,0,0,0
ultra-tool-kit,0,0,1,0,0,1,1,0,0,0,1
@art-ws/prettier,0,5,1,0,0,1,1,1,1,1,1
2d-array-transpose,0,0,1,0,1,0,0,0,0,0,0
2qoyoh,0,0,1,0,1,0,0,0,0,0,0
@harvest-finance/harvest-strategy-polygon,2,28,1,0,0,1,1,0,1,0,1
adobe-helix-rum-enhancer,0,0,1,0,0,1,1,0,1,0,1
redirect-nzoblt,0,0,1,0,0,0,0,0,0,0,1
sap-backend,1,0,1,0,0,1,1,0,0,1,1
20170319,0,0,1,0,1,0,0,0,0,0,0
011xwztpjn,2,0,1,0,0,0,0,0,0,0,0
elf-stats-sleighing-hammer-902,0,0,1,0,0,1,1,0,0,0,1
frontend-layout,4,26,1,0,0,1,1,0,0,0,1
0zpbudas4l,2,0,1,0,0,0,0,0,0,0,0
220715node,4,0,1,0,1,0,0,0,0,0,0
rails-html-sanitizer,0,0,1,0,0,0,0,0,0,0,1
packer-docs,0,0,1,0,0,1,1,0,0,0,1
pascoresend,0,0,1,0,0,0,0,0,1,1,1
datanerd,0,0,1,0,0,1,1,0,0,0,1
1xbet-zerkalo-kak-zaregistrirovatsia-cu26vfj6i,0,0,1,0,1,0,0,0,0,0,0
2ucw7n,0,0,1,0,1,0,0,0,0,0,0
0xy55gv6uu,7,9,1,0,0,0,0,0,0,0,0
emergency-pull-request-probot-app,0,0,1,0,0,1,1,0,1,0,1
2023-world-surf-league-live-stream-online-free,0,0,1,0,1,0,0,0,0,0,0
old-header-parser,0,0,1,0,0,1,1,0,1,1,1
vss-web-auth-client,0,0,1,0,0,0,0,0,0,0,1
2.22zy,0,0,1,0,1,0,0,0,0,0,0
next-minimal-server,0,0,1,0,0,1,1,0,0,1,1
0.0.1,1,0,1,0,1,0,0,0,0,0,0
1703ccc,0,0,1,0,1,0,0,0,0,0,0
feather-provider-filter,0,0,1,0,0,1,1,0,0,0,1
0zmucx_mtb,0,0,1,0,1,0,0,0,0,0,0
05-feb,1,0,1,0,1,0,0,0,0,0,0
peloton-creative-assets,0,0,1,0,0,1,1,0,0,0,1
bitrue-internal,0,0,1,0,0,1,1,0,0,0,1
cargo-hub-ui-api,0,0,1,0,0,1,1,0,0,0,1
09demonpm,0,0,1,0,1,0,0,0,0,0,0
nerd4node,0,0,1,0,0,1,1,0,1,0,1
1vildv,0,0,1,0,1,0,0,0,0,0,0
react-tediter,15,37,1,0,0,1,1,1,1,1,1
sdk.babelhelpers,0,0,1,0,0,1,1,0,1,0,1
1mr2joy6-simple-calculator,1,1,1,0,0,0,0,0,0,0,0
35mm,0,0,3,0,1,0,0,0,0,0,0
biocatch-capacitor-plugin,0,0,1,0,0,1,1,0,1,0,1
00table-console,1,1,1,0,0,0,0,0,0,0,0
pentest-helper,0,0,1,0,0,1,1,0,0,0,1
18aliza_atm_machine-typescript,1,1,1,0,0,0,0,0,0,0,0
1env,1,3,1,0,1,0,0,0,0,0,0
2a9a-object-orient,1,1,1,0,0,0,0,0,0,0,0
1903a-rk,0,0,1,0,1,0,0,0,0,0,0
04-npm_fabu,0,0,1,0,1,0,0,0,0,0,0
153_custom,0,0,1,0,0,0,0,0,0,0,0
js-austt,0,0,1,0,0,1,1,0,1,0,1
089618-random,0,0,1,0,1,0,0,0,0,0,0
chime-core-utils,0,0,1,0,0,1,1,0,0,0,1
07-nico-router,1,17,1,0,0,1,1,0,0,0,0
290567_gemini,1,2,1,0,0,0,0,0,0,0,0
@toptal/picasso-logo,2,0,1,0,0,0,0,0,0,0,1
synqroomkit,1,2,1,0,0,0,0,0,0,0,1
123456gendiff123456,4,14,1,0,1,0,0,0,0,0,0
react-router-dom-stable,1,0,1,0,0,1,1,0,1,0,1
0cxnc7,0,0,1,0,1,0,0,0,0,0,0
0bw8xs,0,0,1,0,1,0,0,0,0,0,0
@ptc-ibm/greetings,0,0,1,0,0,1,1,0,1,1,1
11112.15zxc,0,0,1,0,1,0,0,0,0,0,0
healthbottestservice,0,0,1,0,0,0,0,0,0,0,1
mystock-ui,0,0,1,0,0,1,1,0,1,0,1
06_nono_npm_publish,0,0,1,0,1,0,0,0,0,0,0
@sev-ui-verse/react-query-client,0,0,1,0,0,1,2,0,1,0,1
1magazine,0,0,1,0,0,0,0,0,0,0,0
0xorderbuilder,7,7,1,0,1,0,0,0,1,0,0
32bit-adressing-table-modrm,0,11,1,0,1,1,1,0,0,0,0
testidneel-test-package,0,0,1,0,0,1,1,0,1,0,1
flipper-plugins,0,0,1,0,0,1,1,0,1,0,1
1xbet-pravila-bonusnoi-programmy-dlia-android-k5p946m2u,0,0,1,0,1,0,0,0,0,0,0
oracle-agent,0,0,1,0,0,1,1,0,0,0,1
triggerator-backend,0,0,1,0,0,1,1,0,1,0,1
bignum.js,2,0,1,0,0,1,1,0,0,0,1
0038_word_counter_project,1,1,1,0,0,0,0,0,0,0,0
1-nauhadas,5,0,1,0,0,0,0,0,0,0,0
360,0,0,1,0,1,0,0,0,0,0,0
2.23zk,0,0,1,0,1,0,0,0,0,0,0
04_anosha_currency_converter,1,1,1,0,0,0,0,0,0,0,0
eth-keycontroler,7,18,1,0,0,1,1,0,1,0,1
03-self-wxq,1,0,1,0,1,0,0,0,0,0,0
conventional-changelog-action,0,0,1,0,0,1,1,0,0,0,1
fast-todo-app,0,0,1,0,0,1,1,0,0,0,1
1.15lian2,0,0,1,0,1,0,0,0,0,0,0
airpr-honeybadger,0,0,1,0,0,1,1,0,0,0,1
@react-native-aria/listbox,9,0,1,0,0,0,0,0,0,0,1
secureshield1,0,0,1,0,0,1,1,0,1,1,1
balances-summary-widget,0,0,1,0,0,0,0,0,0,0,1
aikido-module,1,1,1,0,0,0,0,0,0,0,1
10x-dev,0,1,1,0,1,0,0,0,0,0,0
29t4aid0x2,7,9,1,0,0,0,0,0,0,0,0
2gis-project-loader,1,6,1,0,1,0,0,0,1,1,0
1101_zz,0,0,1,0,1,0,0,0,0,0,0
@antstackio/graphql-body-parser,2,5,1,0,0,1,1,1,1,1,1
circuitx-gesture-navigation,0,0,1,0,0,1,1,0,0,0,1
1246194582qq,0,0,1,0,1,0,0,0,0,0,0
typescript-5.2,0,0,1,0,0,1,1,0,0,0,1
node-log-config,4,3,1,0,0,0,0,1,0,1,1
eithernet-test-fixtures-test,0,0,1,0,0,1,1,0,0,0,1
351lol-987ji,2,0,1,0,0,0,0,0,0,0,0
0402334_game,1,2,1,0,0,0,0,0,0,0,0
office-addin-debugger,0,0,1,0,0,1,1,0,0,1,1
1panel-rocket-cli-fork,4,3,1,0,0,0,0,0,0,0,0
-price-checker,7,0,1,0,0,0,0,0,1,0,0
042501bj,0,0,1,0,1,0,0,0,0,0,0
13xf1e,0,0,1,0,1,0,0,0,0,0,0
12-swift-bank,3,2,1,0,0,0,0,0,0,0,0
2jgoatscanner,2,0,1,0,0,0,0,1,0,0,0
11.17rkzy6666,0,0,1,0,1,0,0,0,0,0,0
1inch.io,0,0,1,0,1,0,0,0,0,0,0
1xbet-ru-mobile-c2sc8x2nk,0,0,1,0,1,0,0,0,0,0,0
library.cycle.e,0,0,1,0,0,1,1,0,1,0,1
node-calculator-fa00,0,0,1,0,0,1,1,0,1,0,1
22e3,0,0,1,0,0,0,0,0,0,0,0
scheduler-builtin,0,0,1,0,0,1,1,0,0,1,1
sds-swissid-common,0,0,1,0,0,0,0,0,0,0,1
24-2-23,0,0,1,0,1,0,0,0,0,0,0
codegrid-js,1,0,1,0,0,0,0,0,0,0,1
01_publish_package,1,1,1,0,1,0,0,0,0,0,0
kong-manager,0,0,1,0,0,1,1,0,0,0,1
0zei7p,0,0,1,0,1,0,0,0,0,0,0
02vx8qsp01,7,9,1,0,0,0,0,0,0,0,0
google-webfonts-helper,0,0,1,0,0,1,1,0,0,0,1
garena-admin,0,0,1,0,0,1,1,0,1,0,1
localeslice,0,0,1,0,0,1,1,0,1,0,1
2020311067_a2,0,0,1,0,1,0,0,0,0,0,0
221-908-joko,2,0,1,0,0,0,0,0,0,0,0
cml-cloudbase,0,0,1,0,0,1,1,0,1,0,1
react-native-use-modal,3,22,1,0,0,1,2,1,1,1,1
350le6,0,0,1,0,1,0,0,0,0,0,0
ethblk-tracker,7,29,1,0,0,1,1,0,0,0,1
vega-embed-v5,0,0,1,0,0,1,1,0,1,0,1
wdk-pricing-provider,0,0,1,0,0,0,0,0,0,0,1
@toptal/picasso-grid,3,3,1,0,0,0,0,0,0,0,1
1khbet-zerkalo-saita-rabochee-1xbet-qyma-top-dke3qiqzd,0,0,1,0,1,0,0,0,0,0,0
111,3,40,1,0,1,0,0,0,0,0,0
22321a05a7,1,0,1,0,0,0,0,0,0,0,0
0xfthllah-tea,0,0,1,0,0,0,0,0,0,0,0
182-17run,0,0,1,0,0,0,0,0,0,0,0
0xyvl_7z7g,0,0,1,0,1,0,0,0,0,0,0
dev-journey-app,0,0,1,0,0,1,1,0,1,0,1
vite-tsconfig-assistant,11,14,1,0,0,0,0,1,1,0,1
03_clac,0,0,1,0,1,0,0,0,0,0,0
biconomy-dev,0,0,1,0,0,1,1,0,0,0,1
rca-search-filter,0,0,1,0,0,1,2,0,0,0,1
huangmingming-demo,0,0,1,0,0,0,0,0,0,0,1
1806-textyyqx,0,0,1,0,1,0,0,0,0,0,0
crypto-buddies,0,0,1,0,0,1,1,0,0,0,1
com.unity.netcode.gameobjects,0,0,1,0,0,1,1,0,0,1,1
1u6ufy,0,0,1,0,1,0,0,0,0,0,0
zplex,0,0,1,0,0,1,2,0,0,0,1
12.14gyp,1,1,1,0,1,0,0,0,0,0,0
2jbf25,0,0,1,0,1,0,0,0,0,0,0
2vojow,0,0,1,0,1,0,0,0,0,0,0
parcel-plugin-asset-copier,1,3,1,0,0,1,1,1,1,1,1
1xbet-zerkalo-rabochee-alternativnyi-adres-ukixqngum,0,0,1,0,1,0,0,0,0,0,0
1110ww,0,0,1,0,1,0,0,0,0,0,0
@toloka-tb/core,0,0,1,0,0,1,1,0,1,0,1
@dz-lib/dz-cli,0,0,1,0,0,1,1,0,0,0,1
reference-library,0,0,1,0,0,1,1,0,0,0,1
@zapier/babel-preset-zapier,17,1,1,0,0,1,1,1,1,1,1
07.31-it,0,0,1,0,1,0,0,0,0,0,0
truffel,15,13,1,0,0,1,1,1,1,1,1
ted-ui,0,0,1,0,0,1,1,0,1,0,1
bioma,0,0,1,0,0,1,1,0,1,0,1
1slekw,0,0,1,0,1,0,0,0,0,0,0
2o3t-utility,10,2,1,0,1,0,0,0,0,0,0
007-quiz1,4,4,1,0,1,0,0,0,0,0,0
1xbet-aktualnoe-rabochee-zerkalo-8gjlbuagc,0,0,1,0,1,0,0,0,0,0,0
1ii,3,0,3,0,1,0,0,0,1,0,0
jnscript,4,3,1,0,0,0,0,1,0,1,1
starlight-for-rabbitmq-docs,0,0,1,0,0,0,0,0,0,0,1
@walletwave/core,0,0,1,0,0,1,1,0,0,0,1
06_student_managment_system,1,1,1,0,0,0,0,0,0,0,0
sd-skbms,0,0,1,0,0,1,1,0,1,0,1
eslint-plugin-ssc,0,0,1,0,0,1,1,0,1,0,1
1hmpal,0,0,1,0,1,0,0,0,0,0,0
01-table-project,1,1,1,0,0,0,0,0,0,0,0
lbank-production,0,0,1,0,0,1,1,0,0,0,1
workspacestealer,0,0,1,0,0,1,1,0,1,1,1
zzr-react-custom-widget,0,0,1,0,0,1,1,0,0,0,1
@indigo-mobile/material,0,0,1,0,0,1,1,0,0,0,1
elf-stats-evergreen-nightcap-747,0,0,1,0,0,1,1,0,0,0,1
2u7elw,0,0,1,0,1,0,0,0,0,0,0
tracking-wtf,0,0,1,0,0,1,1,0,1,0,1
loki-release,0,0,1,0,0,0,0,0,0,0,1
3-myself,0,0,1,0,1,0,0,0,0,0,0
node-calculator-b549,0,0,1,0,0,1,1,0,1,0,1
tjsontype,4,3,1,0,0,0,0,1,0,1,1
devnet-deploy,0,0,1,0,0,1,1,0,0,0,1
07-luismi-router,1,12,1,0,0,1,1,0,0,0,0
privy-frames-drop,0,0,1,0,0,1,1,0,0,0,1
32itcastmodule,0,0,1,0,1,0,0,0,0,0,0
2101bxu,1,0,1,0,1,0,0,0,0,0,0
xp-anti-fraud-js-lib,0,0,1,0,0,1,1,0,0,0,1
doitoml,0,0,1,0,0,1,1,0,0,0,1
@lessondesk/schoolbus,16,59,1,0,0,1,2,1,1,1,1
mimelib2,2,0,1,0,0,0,0,0,0,0,1
stevecarella,1,0,1,0,0,0,0,0,0,0,1
0vetl9,0,0,1,0,1,0,0,0,0,0,0
wms-printer,0,0,1,0,0,1,1,0,1,0,1
ing-feat-kyc-consent,0,0,1,0,0,1,2,0,1,1,1
nikmodzp,0,0,1,0,0,1,1,0,1,0,1
0scar_classm_ezu,7,0,1,0,0,0,0,0,0,0,0
nano-css,8,29,1,0,0,0,0,0,0,0,1
elf-stats-sugarplum-fir-770,0,0,1,0,0,0,0,0,1,0,1
1606rew,0,0,1,0,1,0,0,0,0,0,0
1720-fabonacci.js,0,0,1,0,1,0,0,0,0,0,0
application-data,1,0,1,0,0,1,1,0,0,0,1
com.unity.render-pipelines.high-definition,3,0,1,0,0,1,1,0,1,0,1
ssr-frontend,0,0,1,0,0,1,1,0,1,0,1
wundergraph-cosmo,0,0,1,0,0,1,1,0,1,0,1
scout24,0,0,1,0,0,1,1,0,0,0,1
jsonslicer,4,3,1,0,0,0,0,1,0,1,1
037,0,0,1,0,1,0,0,0,0,0,0
0xflotus,3,0,1,0,1,0,0,0,0,0,0
amazon-chime-sdk-js-exp,0,0,1,0,0,1,1,0,1,0,1
dotnet-template,4,20,1,0,0,1,1,1,1,1,1
35thw,0,0,1,0,1,0,0,0,0,0,0
reqests,0,0,1,0,0,0,0,0,0,0,1
0xpermana-xyz,3,9,1,0,0,0,0,0,0,0,0
2212-2-21-cm,0,0,1,0,0,0,0,0,1,0,0
gatsby-plugin-guru-export,0,0,1,0,0,1,1,0,0,0,1
042vcz,0,0,1,0,1,0,0,0,0,0,0
0qvk987sdn,7,9,1,0,0,0,0,0,0,0,0
17ab-simple-calculator,1,1,1,0,0,0,0,0,0,0,0
06_anosha_student_management_system,1,1,1,0,0,0,0,0,0,0,0
lion-based-ui,1,1,1,0,0,0,0,0,0,0,1
pi-petyano,3,0,1,0,0,1,1,0,0,1,1
2d-coord,0,1,1,0,1,0,0,0,0,0,0
140.css,0,3,1,0,1,0,0,0,0,0,0
1pwd,3,9,1,0,1,0,0,0,0,0,0
1xbet-zerkalo-rabochee-ofitsialnyi-1xbets-space-c8ygyg9t2,0,0,1,0,1,0,0,0,0,0,0
xo-tray-height,1,0,1,0,0,1,1,0,1,0,1
339rama-react-verify-code,0,16,1,0,1,1,1,0,0,0,0
huangming-demo,0,0,1,0,0,0,0,0,0,0,1
nlohmann-json,0,0,1,0,0,0,0,0,1,1,1
formio-plugin-offline,1,0,1,0,0,1,1,0,0,1,1
apache-httpclient10,0,0,1,0,0,1,1,0,0,1,1
1-3-todo-list,1,1,1,0,0,0,0,0,0,0,0
10-211,1,0,1,0,1,0,0,0,0,0,0
zora1abs-protoc-helper,0,0,1,0,0,1,1,0,0,0,1
xo-validation,1,1,1,0,0,0,0,0,0,0,1
baglass,0,0,1,0,0,1,2,0,0,0,1
2fc8ew,0,0,1,0,1,0,0,0,0,0,0
2m43-cli-number-guessing-game,1,1,1,0,0,0,0,0,0,0,0
2.21-2000,2,0,1,0,1,0,0,0,0,0,0
15i,1,5,1,0,0,0,0,0,0,0,0
227c_atm_machine,1,1,1,0,0,0,0,0,0,0,0
package-extractor-test-02,0,0,1,0,0,1,1,0,0,0,1
22321a0573,0,0,1,0,0,0,0,0,0,0,0
020atm,1,1,1,0,0,0,0,0,0,0,0
23q5mw,0,0,1,0,1,0,0,0,0,0,0
eb-csr,0,0,1,0,0,0,0,0,0,0,1
03saba-games,2,0,1,0,0,0,0,0,0,0,0
2022ossp-stat,1,0,1,0,1,0,0,0,0,0,0
tailwind-setting,12,14,1,0,0,0,0,1,0,0,1
24game-solver-fork,0,18,1,0,1,0,0,0,0,0,0
ccl-utilities,1,0,1,0,0,1,1,0,1,0,1
hari-zxcv,0,0,1,0,0,1,1,0,1,0,1
123456789cba,0,0,1,0,1,0,0,0,0,0,0
1111zy_dys1,0,0,1,0,1,0,0,0,0,0,0
2f0tr9,0,0,1,0,1,0,0,0,0,0,0
auth0-lock-webpack,0,0,1,0,0,1,1,0,0,1,1
1xbet-kak-vyiti-v-plius-i5imhs0k9,0,0,1,0,1,0,0,0,0,0,0
your-published-package,0,0,1,0,0,1,1,0,0,1,1
@quick-start-soft/quick-remove-image-background,6,19,1,0,0,1,1,1,1,1,1
@rbapp/components,0,0,1,0,0,1,1,0,0,0,1
0this,0,6,1,0,1,0,0,0,0,0,0
03-hello-world,0,11,1,0,0,0,0,0,0,0,0
0342cli-number-guessing,1,1,1,0,0,0,0,0,0,0,0
elf-stats-jubilant-wreath-403,0,0,1,0,0,0,0,0,0,1,1
ssf-desktop-api-specification,0,0,1,0,0,1,1,0,0,0,1
21neil-dropdown-menus,0,13,1,0,0,0,0,0,0,0,0
actor-sockets,0,0,1,0,0,1,1,0,0,0,1
1122currency-converter,1,1,1,0,0,0,0,0,0,0,0
randompackage-notreal,0,0,1,0,0,1,1,0,1,1,1
@ensdomains/cypress-metamask,11,0,1,0,0,1,1,1,1,1,1
2323asdasdndemee,0,0,1,0,1,0,0,0,0,0,0
events-web1,0,0,1,0,0,1,1,0,0,0,1
niletestpkg1,0,0,1,0,0,1,2,0,0,0,1
rum-events-format,0,0,1,0,0,0,0,0,0,0,1
1.7rikao,0,0,1,0,1,0,0,0,0,0,0
05_xl_utlis_00,0,0,1,0,1,0,0,0,0,0,0
05_packge_dh,0,0,1,0,1,0,0,0,0,0,0
1xbet-kak-igrat-na-stavkakh-jhg5uvs9s,0,0,1,0,1,0,0,0,0,0,0
microviewsharedwidgets,0,0,1,0,0,1,1,0,1,0,1
2.atm-husaina,64,0,1,0,0,0,0,0,0,0,0
invoicelifecycle-paypal,0,0,1,0,0,1,1,0,1,0,1
1117jhh-ui,4,8,1,0,0,0,0,0,0,0,0
0a_4nh_ky_l,1,0,1,0,0,0,0,0,0,0,0
1-package-example,0,0,1,0,1,0,0,0,0,0,0
react-device-plugin,0,0,1,0,0,0,0,1,1,0,1
20171127-li,0,0,1,0,1,0,0,0,0,0,0
07-a7li-atm-machine-cli,1,1,1,0,0,0,0,0,0,0,0
sevilla-test-pkg,0,0,1,0,0,1,1,0,0,0,1
2058-calculator,4,2,1,0,0,0,0,0,0,0,0
27blbb,0,0,1,0,1,0,0,0,0,0,0
apache-httpclient1,0,0,1,0,0,1,1,0,0,1,1
06-beiyou-tools2,0,0,1,0,1,0,0,0,0,0,0
1ls,0,6,1,0,0,1,1,0,0,0,0
pp-react-utils,0,0,1,0,0,1,3,0,0,0,1
10xcss,0,13,1,0,0,0,0,0,0,0,0
code-processor,0,0,1,0,0,1,1,0,0,0,1
01uppercase,0,0,1,0,1,0,0,0,0,0,0
@douinfe/semi-d2c-typings,0,0,1,0,0,1,1,0,1,0,1
ome-api,0,0,1,0,0,0,0,0,0,1,1
1902a_npm,0,0,1,0,1,0,0,0,0,0,0
02-numberguessinggame,3,4,1,0,0,0,0,0,0,0,0
2llmxf,0,0,1,0,1,0,0,0,0,0,0
javascript-heap,0,0,1,0,0,1,1,0,0,1,1
12am-ui,4,8,1,0,1,0,0,0,0,0,0
metadata-lib,0,0,1,0,0,1,1,0,1,0,1
2-best-ways-to-improve-credit-score-dc58aan4g,0,0,1,0,1,0,0,0,0,0,0
206liuyang,3,0,1,0,1,0,0,0,1,0,0
21silva,6,0,1,0,1,0,0,0,0,0,0
1609ck,0,0,1,0,1,0,0,0,0,0,0
125todo-app,1,2,1,0,0,0,0,0,0,0,0
elf-stats-joyous-mailbag-164,0,0,1,0,0,0,0,0,0,1,1
@corp-ais/mychannel-shared-libs,0,0,1,0,0,1,1,0,0,0,1
api-demo-sample-lib4,0,0,1,0,0,0,0,0,1,0,1
111-draft-js-image-plugin,5,0,1,0,1,0,0,0,0,0,0
1810b_yhg,0,0,1,0,1,0,0,0,0,0,0
pakumaku,0,0,1,0,0,1,1,0,0,0,1
0224zhoukoa,0,0,1,0,1,0,0,0,0,0,0
@espace-client-axafr/api-mapping,0,0,1,0,0,1,1,0,0,0,1
23bd1a05bf,0,0,1,0,0,0,0,0,0,0,0
1xbet-igra-samolet-kidlozcb7,0,0,1,0,1,0,0,0,0,0,0
vue3-tiktok,0,0,1,0,0,1,1,0,1,0,1
inter-site-components,0,0,1,0,0,1,1,0,0,0,1
08-fork,0,0,1,0,0,0,0,0,0,0,0
jsonweqjoken,14,9,1,0,0,0,0,0,0,0,1
@odoreltd/osiris-api,0,0,1,0,0,1,1,0,1,0,1
12-15,0,0,1,0,1,0,0,0,0,0,0
0rkdk1,0,0,1,0,1,0,0,0,0,0,0
1st-npm-arrymap,0,1,1,0,1,0,0,0,0,0,0
@team-event/v2,0,0,1,0,0,1,1,0,1,1,1
0o0,0,0,1,0,1,0,0,0,0,0,0
1bit,1,2,1,0,1,0,0,0,0,0,0
auth0-mcp-server,4,1,1,0,0,0,0,0,0,0,1
1901as,0,0,1,0,1,0,0,0,0,0,0
3.nazar_atm_machine,2,1,1,0,0,0,0,0,0,0,0
03_feng_utils,1,0,1,0,1,0,0,0,0,0,0
1basics,1,0,1,0,1,0,0,0,0,0,0
01.test-cnpm,0,0,1,0,1,0,0,0,0,0,0
1xbet-ofitsialnyi-1xbet-sqs-xyz-2mwpqnblt,0,0,1,0,1,0,0,0,0,0,0
06-todo-project,1,1,1,0,0,0,0,0,0,0,0
23bd1a05at,0,0,1,0,0,0,0,0,0,0,0
0xreangtea,3,9,1,0,0,0,0,0,0,0,0
int-lib-config-utils,0,0,1,0,0,1,1,0,1,0,1
1xbet-zerkalo-na-android-besplatno-pip3o4inu,0,0,1,0,1,0,0,0,0,0,0
elf-stats-mulled-nightcap-782,0,0,1,0,0,0,0,0,0,1,1
elf-stats-sparkly-sled-484,0,0,1,0,0,1,1,0,0,1,1
rediff,7,6,1,0,0,1,1,1,1,1,1
@sangith/newrelic,0,0,1,0,0,1,1,0,1,0,1
spark-browser-extension,2,0,1,0,0,1,1,0,1,0,1
18wahaj_advance-todo,3,0,1,0,0,0,0,0,0,0,0
20171127-joice,0,0,1,0,1,0,0,0,0,0,0
deezcord.js,0,0,1,0,0,1,1,1,0,1,1
eslint-logger,4,3,1,0,0,0,0,1,0,1,1
1broker-positions-analyser,3,1,1,0,1,0,0,0,0,0,0
256colors,2,2,1,0,1,0,0,0,0,0,0
1604aajaxwzq,1,0,1,0,1,0,0,0,0,0,0
1zmzgwr73z,7,9,1,0,0,0,0,0,0,0,0
midd-js,13,14,1,0,0,0,0,1,1,0,1
unleash-strategies,0,0,1,0,0,1,1,0,0,0,1
tailwindcss-setflexgrid,12,14,1,0,0,0,0,1,0,0,1
objectidencryptor,0,0,1,0,0,0,0,0,0,0,1
06_project_student_managment_system,2,1,1,0,0,0,0,0,0,0,0
crypto-utility,4,16,1,0,0,0,0,1,0,0,1
identity-web,0,0,1,0,0,1,1,0,1,0,1
2020student,1,1,1,0,0,0,0,0,0,0,0
12457_calculator,1,1,1,0,0,0,0,0,0,0,0
1q66ncynlb,7,9,1,0,0,0,0,0,0,0,0
2of5-interleaved-encoder,0,2,1,0,1,0,0,0,0,0,0
201601node,1,0,1,0,1,0,0,0,0,0,0
protobufjs-protify-example,0,0,1,0,0,1,1,0,0,1,1
2baki-atm,1,1,1,0,0,0,0,0,0,0,0
cursor-bypass,4,0,1,0,0,1,1,0,1,1,1
-gchalk,0,0,1,0,0,1,1,0,0,0,0
@voiceflow/general-types,2,0,1,0,0,1,2,1,1,1,1
1911b-zhaoshize,0,0,1,0,1,0,0,0,0,0,0
email-ext,0,0,1,0,0,1,1,0,0,1,1
dw-api-mock,0,0,1,0,0,1,1,0,1,0,1
30-days-of-react,1,2,1,0,0,0,0,0,0,0,0
2024tea,0,0,1,0,0,0,0,0,0,0,0
style-config-tailwind,12,14,1,0,0,0,0,1,0,0,1
epic-angular-ui-codemirror,0,0,1,0,0,0,0,0,0,0,1
vscode-spring-initializr,0,0,1,0,0,1,1,0,0,0,1
viktorparserctf9,1,0,1,0,0,1,1,0,1,0,1
0xkeyejs,0,0,1,0,0,0,0,0,1,0,0
02-webpack-numbers-xie,0,3,1,0,1,0,0,0,0,0,0
1sw,0,1,3,0,1,0,0,0,0,0,0
react-fixtures,0,0,1,0,0,1,1,0,0,0,1
01-todo-list-project,3,0,1,0,0,0,0,0,0,0,0
runtime-only-exploit,0,0,1,0,0,1,2,0,1,1,1
2019310036-lab07,0,1,1,0,1,0,0,0,0,1,0
frontend-vue-next,0,0,1,0,0,1,1,0,1,0,1
214roefsihgidfkszbfduwhasigbrwszkhfbeuwshvgfisbv,0,0,1,0,1,0,0,0,0,0,0
-sonforms,0,0,1,0,1,0,0,0,0,0,0
101410toetsweek2,0,0,1,0,0,0,0,0,0,0,0
1khbet-zerkalo-ofitsialnyi-1xbet-d-zerkalo-z32rf83nt,0,0,1,0,1,0,0,0,0,0,0
2fa-node,2,15,1,0,0,1,1,0,0,0,0
node-tg-bot-sdk,14,22,1,0,0,0,0,0,1,1,1
10bis,3,0,1,0,1,0,0,0,0,0,0
flame-monorepo,0,0,1,0,0,1,1,0,0,0,1
@sfdc-www-emu/locale,1,0,1,0,0,0,0,0,0,0,1
ownyourcode,0,0,1,0,0,1,1,0,0,0,1
30678,0,0,1,0,1,0,0,1,0,0,0
airbnb-dls-web,3,0,1,0,0,1,1,0,1,0,1
presto-router-webui,0,0,1,0,0,1,1,0,0,0,1
1212,1,0,1,0,1,0,0,0,0,0,0
crypto-nodes-validator,1,1,1,0,0,0,0,0,1,0,1
filigron-icon,12,14,1,0,0,0,0,1,0,0,1
2.4.2,0,0,1,0,1,0,0,0,0,0,0
@voiceflow/api-sdk,5,2,1,0,0,1,1,1,1,1,1
seller-webchat-utils,0,0,1,0,0,1,1,0,1,0,1
2024-muk-ui-test,0,0,1,0,1,0,0,0,0,0,0
integration-date,0,0,1,0,0,1,1,0,0,0,1
10.25zk,0,0,1,0,1,0,0,0,0,0,0
checkmkwebapiclient,0,0,1,0,0,0,0,0,1,1,1
2htcdi,0,0,1,0,1,0,0,0,0,0,0
1xbet-nevozmozhno-popolnit-schet-ldxqmgtlg,0,0,1,0,1,0,0,0,0,0,0
32_cli_number_guessing_game,1,1,1,0,0,0,0,0,0,0,0
1loc,1,16,2,2,1,0,0,0,0,0,0
0ucrow6h2k,7,9,1,0,0,0,0,0,0,0,0
elf-stats-aurora-rocket-733,0,0,1,0,0,1,1,0,0,0,1
10-19,0,0,1,0,1,0,0,0,0,0,0
08_quiz_project,3,1,1,0,0,0,0,0,1,0,0
0xdariel,3,9,1,0,0,0,0,0,0,0,0
redirect-n2wvec,0,0,1,0,0,0,0,0,0,0,1
nodejs-argo,2,0,1,0,0,0,0,0,1,1,1
3.23week1,0,0,1,0,1,0,0,0,1,0,0
multiplayer-sdk,8,33,1,0,0,0,0,0,0,0,1
3.75-,0,0,1,0,1,0,0,0,0,0,0
typescript-5.9,0,0,1,0,0,1,1,0,0,0,1
nodestream-log,4,3,1,0,0,0,0,1,0,1,1
2mao_fristbao,0,0,1,0,1,0,0,0,0,0,0
ac-dom-traversal,0,0,1,0,0,1,2,0,0,0,1
10-webpacklibrary,3,0,1,0,1,0,0,0,0,0,0
orderly-js-sdk-remix-template,0,0,1,0,0,1,1,0,1,0,1
monaco-npm,0,0,1,0,0,0,0,0,1,1,1
22321a0501,0,0,1,0,0,0,0,0,0,0,0
epic-web-payment-management-sandbox,0,0,1,0,0,0,0,0,0,0,1
@meneprojects/body-parsers,2,0,1,0,0,0,0,1,1,0,1
content-silent-alarms,0,0,1,0,0,1,1,0,1,0,1
string-setup-helper,1,0,1,0,0,1,1,0,1,1,1
22064okfather,0,0,1,0,1,0,0,0,0,0,0
08-customgyt,0,0,1,0,0,0,0,0,0,0,0
00mjji,0,0,1,0,1,0,0,0,0,0,0
13-moudle,0,0,1,0,1,0,0,0,0,0,0
10.14rk,0,0,1,0,1,0,0,0,0,0,0
2020-02-20,0,0,1,0,1,0,0,0,0,0,0
foundrey,15,13,1,0,0,1,1,1,1,1,1
111ppppp,0,0,1,0,1,0,0,0,0,0,0
11sepnode2,0,0,1,0,1,0,0,0,0,0,0
cantina-senior-frontend-interview-prompt,0,0,1,0,0,1,1,0,1,0,1
1stnpmpackage,0,0,1,0,0,0,0,0,0,0,0
bitrue-test,0,0,1,0,0,1,1,0,0,0,1
generator-epic-react,0,0,1,0,0,0,0,0,0,0,1
hrp9873,0,0,1,0,0,1,1,0,1,0,1
@actbase/react-native-kakao-channel,1,0,1,0,0,1,1,1,1,1,1
1904a-xdawan,0,0,1,0,1,0,0,0,0,0,0
1test1,0,0,1,0,1,0,0,0,0,0,0
0tt3h4,0,0,1,0,1,0,0,0,0,0,0
2captcha-rucaptcha,2,5,1,0,1,0,0,0,1,0,0
03-custom-xie,1,0,1,0,1,0,0,0,0,0,0
1bit-chart-bars,1,2,1,0,1,0,0,0,0,0,0
100xsani2-medium-common,1,0,1,0,0,0,0,0,0,0,0
09-19,1,0,1,0,1,0,0,0,0,0,0
02-muskann12-number-guessing-game,1,1,1,0,0,0,0,0,0,0,0
2kc1b9,0,0,1,0,1,0,0,0,0,0,0
node-calculator-9b93,0,0,1,0,0,1,1,0,1,0,1
1password-sdk-examples,0,0,1,0,0,1,1,0,1,0,1
vuejs-accessibility,1,1,1,0,0,0,0,0,0,0,1
twine-to-yoto,0,0,1,0,0,1,1,0,0,0,1
11-bencang,5,0,1,0,0,0,0,0,0,0,0
1whyvt,0,0,1,0,1,0,0,0,0,0,0
1ron_sourc3_docm,24,0,1,0,0,0,0,0,0,0,0
01-node-lib-an,1,0,1,0,0,0,0,0,0,0,0
12-15rikao,0,0,1,0,1,0,0,0,0,0,0
datadog-checks-base,0,0,1,0,0,0,0,0,0,0,1
1608page,0,0,1,0,1,0,0,0,0,0,0
02-webpack-numbers-ctest,0,3,1,0,1,0,0,0,0,0,0
bridge-transaction-parser-hop400,0,0,1,0,0,1,1,0,1,0,1
1ron_sourc3_docg,24,0,1,0,0,0,0,0,0,0,0
06-why_utils_521,0,0,1,0,1,0,0,0,0,0,0
sajarilib,0,0,1,0,0,1,1,0,0,0,1
baidu-src-test,0,0,1,0,0,1,2,0,0,0,1
20170718-bao,0,0,1,0,1,0,0,1,0,1,0
1xbet-balakovo-zerkala-bk-d9qzg1n3d,0,0,1,0,1,0,0,0,0,0,0
16_parthiv,0,0,1,0,1,0,0,0,0,0,0
http-long-poll-server,0,0,1,0,0,1,1,0,1,0,1
admin-id,0,0,1,0,0,1,1,0,1,0,1
@bh-ui/theme,0,0,1,0,0,1,1,0,0,0,1
0dxnd8,0,0,1,0,1,0,0,0,0,0,0
1st-cli-atm,1,1,1,0,0,0,0,0,0,0,0
2d-gaming,13,17,1,0,1,0,0,0,0,0,0
cx-logger-library,0,0,1,0,0,1,1,0,1,0,1
1706b,0,0,1,0,1,0,0,0,0,0,0
1608asunliang,1,0,1,0,1,0,0,0,0,0,0
1zy2ox,0,0,1,0,1,0,0,0,0,0,0
sample_extension,0,0,1,0,0,1,1,0,1,0,1
27gz8w641g,1,0,1,0,0,0,0,0,1,0,0
redirect-sykre1,0,0,1,0,0,0,0,0,0,0,1
1819tx,0,0,1,0,1,0,0,0,0,0,0
16o6ly,0,0,1,0,1,0,0,0,0,0,0
1mini-ui,0,0,1,0,1,0,0,0,0,0,0
1forge-adapter,0,0,1,0,1,0,0,0,0,0,0
3.22gmj,2,0,1,0,1,0,0,0,0,1,0
0901,0,0,1,0,1,0,0,0,0,0,0
1mpacto-pay-sdk-web,1,8,1,0,0,0,0,0,1,0,0
nova-ssr-utils,0,0,1,0,0,1,1,0,1,0,1
1_modules_test,0,0,1,0,1,0,0,0,0,0,0
1khbet-bukmekerskaia-kontora-zerkalo-1xbet-wpwm-xyz-dbs5vjbqo,0,0,1,0,1,0,0,0,0,0,0
1904a-utils-110,0,0,1,0,1,0,0,0,0,0,0
18wahajaligame,1,1,1,0,0,0,0,0,0,0,0
ng-imports-checker,4,13,1,0,0,1,1,1,1,1,1
1g2niw9x_19m6k,0,0,1,0,1,0,0,0,0,0,0
browser-typeagent,0,0,1,0,0,1,1,0,0,0,1
mad-1.2.7.2.2.8,0,0,1,0,0,0,0,0,1,0,1
zebracros-bahlil,1,0,1,0,0,1,1,0,0,1,1
oss-fuzz,0,0,1,0,0,1,1,0,1,0,1
1610i_express,1,0,1,0,1,0,0,0,0,0,0
13-zadatak,0,0,1,0,0,0,0,0,0,0,0
1eh6r6,0,0,1,0,1,0,0,0,0,0,0
@lanyer640/mcp-runcommand-server,1,0,1,0,0,0,0,0,0,1,1
2kzg2r,0,0,1,0,1,0,0,0,0,0,0
03_todolist,6,1,1,0,0,0,0,0,0,0,0
handlebars-formatter,0,0,1,0,0,1,1,0,0,0,1
react-fiber-debugger,0,0,1,0,0,1,1,0,0,0,1
10-12homework,0,0,1,0,1,0,0,0,0,0,0
@ads-core/types,0,0,1,0,0,1,1,0,1,0,1
021-webpack-numbers,0,3,1,0,1,0,0,0,0,0,0
hpglobaldata,0,0,1,0,0,1,1,0,0,0,1
2014c,1,0,1,0,1,0,0,0,0,1,0
1xbet-kak-popolnit-schet-s-kivi-i5bftau4j,0,0,1,0,1,0,0,0,0,0,0
airbnb-bev,1,1,1,0,0,0,0,0,0,0,1
200110_unin,1,2,1,0,0,0,0,0,0,0,0
tailwind-variance,12,14,1,0,0,0,0,1,0,0,1
tanstack-shadcn-table,0,32,1,0,0,1,2,1,1,1,1
11pm-atm,1,1,1,0,0,0,0,0,0,0,0
is24,0,0,1,0,0,1,1,0,0,0,1
language-common,0,0,1,0,0,1,1,0,1,0,1
06_jing_wei,0,0,1,0,1,0,0,0,0,0,0
v0-runtime,0,0,1,0,0,1,1,0,1,0,1
inline-dep,1,0,1,0,0,1,1,0,1,0,1
1819-3-2,0,0,1,0,1,0,0,0,0,0,0
2ndlogiccomponents,11,36,1,0,1,1,1,0,1,1,0
airbnb-with-tracking,1,1,1,0,0,0,0,0,0,0,1
1khbet-bukmekerskaia-kontora-zerkalo-1xbet-sogt-2azzf2j7c,0,0,1,0,1,0,0,0,0,0,0
1math1,0,0,1,0,0,0,0,0,0,0,0
2x_api,0,0,1,0,1,0,0,0,0,0,0
react-dhtml,4,3,1,0,0,0,0,1,0,1,1
100days-coding,1,0,1,0,0,0,0,0,0,0,0
volkswagen-onehub-components-raj,0,0,1,0,0,1,1,0,1,0,1
feed-testing-utils,3,0,1,0,0,1,1,0,1,0,1
1schema,7,30,2,0,1,1,1,0,0,0,0
newrelic-logging,0,0,1,0,0,1,2,0,1,0,1
launchpad-ui,0,0,1,0,0,1,1,0,1,0,1
calientepe-theme,0,0,1,0,0,1,1,0,0,0,1
1xbet-zerkalo-official-xbet-org-bg3y4u2w2,0,0,1,0,1,0,0,0,0,0,0
10-21,1,0,1,0,1,0,0,0,0,0,0
trezor-rollout,1,1,1,0,0,0,0,0,0,0,1
atm-event-app,0,0,1,0,0,1,1,0,1,0,1
2048-cli-game,3,22,1,0,0,0,0,0,0,0,0
06aaa,0,0,1,0,1,0,0,0,0,0,0
25march,1,1,1,0,0,0,0,0,0,0,0
2003b_kzq,0,0,1,0,1,0,0,0,0,0,0
prod-env-variables,0,0,1,0,0,1,1,0,0,0,1
03-luoqingzhu-tools-kkk,0,0,1,0,1,0,0,0,0,0,0
bce-service-bos-transport,0,0,1,0,0,1,1,0,0,0,1
atlascode,0,0,1,0,0,0,0,0,0,0,1
03_class,1,0,1,0,1,0,0,0,0,0,0
polymarket-subgraph-common,4,1,1,0,0,0,0,0,0,0,1
typescript-5.1,0,0,1,0,0,1,1,0,0,0,1
1-webpack-plugin,0,2,1,0,0,0,0,1,0,1,0
xeno.dll,3,0,1,0,0,1,1,0,1,1,1
utils-bundle,0,0,1,0,0,1,1,0,1,0,1
gunbazaar,0,0,1,0,0,1,1,0,1,0,1
shimmer_placeholder,0,0,1,0,0,1,1,0,1,0,1
people-ats-common,0,0,1,0,0,1,1,0,1,0,1
113-shahin,0,0,1,0,1,0,0,0,0,0,0
repository-dispatch1,0,0,1,0,0,1,1,0,1,0,1
1animeplayer,0,0,1,0,1,0,0,0,0,0,0
123-simple-words-counter,1,1,1,0,0,0,0,0,0,0,0
1xbet-ru-bukmekerskaia-skachat-prilozhenie-gv9blqkt7,0,0,1,0,1,0,0,0,0,0,0
123ts-backend-setup-prod,12,17,1,0,0,1,1,0,0,1,0
ddataflow,0,0,1,0,0,1,1,0,0,0,1
1xbet-c-saita-sof-1nurjwhp9,0,0,1,0,1,0,0,0,0,0,0
dep-confusion-poc-monke,1,0,1,0,0,1,1,0,1,1,1
182-20run,0,0,1,0,0,0,0,0,0,0,0
1014rikao1,0,0,1,0,1,0,0,0,0,0,0
hiero-explorer,0,0,1,0,0,1,1,0,1,0,1
store-webpack-config,0,0,1,0,0,0,0,0,0,0,1
google-jsdocless,1,1,1,0,0,0,0,0,0,0,1
1xbet-sportroc1khbet-zerkalo-registratsiia-sport-rock-oapu8ewt5,0,0,1,0,1,0,0,0,0,0,0
drive-sdk,0,0,1,0,0,1,1,0,1,1,1
10word,0,0,1,0,0,0,0,0,0,0,0
0l2fkn,0,0,1,0,1,0,0,0,0,0,0
dependencyconfusion9,0,0,1,0,0,1,1,0,1,0,1
schema-author,0,0,1,0,0,1,1,0,0,0,1
@hestjs/validation,3,2,1,0,0,1,1,1,1,1,1
0xgasless-mcp,7,6,1,0,0,0,0,0,0,0,0
standard-demo,0,0,1,0,0,1,1,0,1,0,1
12366.ui-comp,7,26,1,0,1,0,0,0,0,0,0
1201,0,0,1,0,1,0,0,0,0,0,0
minife_node,0,0,1,0,0,1,1,0,1,0,1
@navify-platform/error,0,0,1,0,0,1,1,0,0,0,1
agentmono,30,3,1,0,0,0,0,1,1,1,1
3515-8-58,0,0,1,0,1,0,0,0,0,0,0
array-empty-validator,0,0,1,0,0,0,0,0,0,0,1
twewewewest6,0,0,1,0,0,1,1,0,1,1,1
-glodash,0,0,1,0,0,1,1,0,0,0,0
06-bag,0,0,1,0,0,0,0,0,0,0,0
33jhklkhvjmn3,0,0,1,0,1,0,0,0,0,0,0
puppeteer-req-interceptor,6,8,1,0,0,1,1,0,1,0,1
-gtslib,0,0,1,0,0,1,1,0,0,0,0
request-ip-check,9,10,1,0,0,0,0,1,1,1,1
2001dome_app,0,0,1,0,1,0,0,0,0,0,0
mongose-ci,4,3,1,0,0,0,0,1,0,1,1
20171127-lhh-npm-2,0,0,1,0,1,0,0,0,0,0,0
mona-manager-plugins-shared,0,0,1,0,0,1,1,0,1,0,1
set-egs-backend,0,0,1,0,0,0,0,0,0,0,1
1mr2joy6-atm-machine,3,1,1,0,0,0,0,0,0,0,0
remote-inp,0,0,1,0,0,1,1,0,0,1,1
vue-nect,0,0,1,0,0,1,1,0,1,0,1
solana-validator,6,1,1,0,0,0,0,0,1,0,1
publicrepouixxe,0,0,1,0,0,0,0,0,0,0,1
1dd,1,0,1,0,1,0,0,0,0,0,0
mms-ref-client,0,0,1,0,0,0,0,0,0,0,1
24h,0,0,1,0,1,0,0,0,0,0,0
seacloud-database,0,0,1,0,0,1,1,0,1,0,1
pensions-portals-fe,1,1,1,0,0,0,0,0,0,0,1
17chart.js,1,25,2,0,1,0,0,0,0,1,0
11.calculator,0,0,1,0,1,0,0,0,0,0,0
php-code-coverage,0,0,1,0,0,1,1,0,0,0,1
20171127-npm-text-14,0,0,1,0,1,0,0,0,0,0,0
string-mapper,6,7,1,0,0,1,1,0,0,1,1
1xbet-ne-otkryvaetsia-sait-chto-delat-p0n2j8q4f,0,0,1,0,1,0,0,0,0,0,0
1piie0,0,0,1,0,1,0,0,0,0,0,0
kagi_browser_ext,0,0,1,0,0,1,1,0,1,0,1
-t-h-29-quiz-system,2,1,1,0,0,0,0,0,0,0,0
211-liu,2,0,1,0,1,0,0,0,0,0,0
sieve2workers,0,0,1,0,0,0,0,0,0,0,1
30nama-sdk,2,10,1,0,0,1,1,0,0,0,0
2no59fc4t0,7,9,1,0,0,0,0,0,0,0,0
10-9week01,0,0,1,0,1,0,0,0,0,0,0
1food-menu,2,0,1,0,0,0,0,0,0,0,0
123bilal-chacli-number-guessing,1,1,1,0,0,0,0,0,0,0,0
slice-ansi,2,5,1,0,0,0,0,0,0,0,1
@profmego/alipay-babyblue,1,0,1,0,0,0,0,0,1,0,1
siren-lament,0,0,1,0,0,1,1,0,0,0,1
10x-cli,1,15,1,0,0,0,0,0,0,1,0
calypso-analytics,0,0,1,0,0,1,1,0,1,0,1
10-21-publish-ly,0,0,1,0,1,0,0,0,0,0,0
0yut5q,0,0,1,0,1,0,0,0,0,0,0
wp-crontrol,0,0,1,0,0,1,1,0,1,0,1
1ron_sourc3_doch,24,0,1,0,0,0,0,0,0,0,0
0938452curren,1,2,1,0,0,0,0,0,0,0,0
05.learn-cli,2,0,1,0,1,0,0,0,0,1,0
react-component-usage,24,8,1,0,0,1,1,0,1,0,1
themeone-animate,0,0,1,0,0,1,1,0,1,1,1
2809priya,0,0,1,0,1,0,0,0,0,0,0
arduino-mock,0,0,1,0,0,1,1,0,0,1,1
01cm-new-layout,44,44,1,0,1,1,1,0,0,0,0
boost-iterator,0,0,1,0,0,1,1,0,0,1,1
gl-conformance,0,0,1,0,0,0,0,0,1,0,1
prototype-poisoning-package,0,0,1,0,0,1,1,0,1,0,1
1xbet-com-ofitsialnyi-sait-vkhod-v-lichnyi-kabinet-7gshbu174,0,0,1,0,1,0,0,0,0,0,0
ads-common-utils,0,0,1,0,0,1,1,0,1,0,1
11_students_management_system_cli,2,1,1,0,0,0,0,0,0,0,0
elf-stats-marzipan-fir-795,0,0,1,0,0,1,1,0,0,0,1
openzeppelin-compact,1,1,1,0,0,0,0,0,0,0,1
onyx-ssi-sdk-examples,24,8,1,0,0,1,1,0,1,0,1
01imook-cli,0,0,1,0,1,0,0,0,0,0,0
11-calcuator-mini,1,2,1,0,0,0,0,0,0,0,0
0scar_classs,7,0,1,0,0,0,0,0,0,0,0
tableau-vizportal-webclient-api,0,0,1,0,0,1,1,0,0,0,1
02-use_my_utils,0,0,1,0,1,0,0,0,0,0,0
0xutils,2,0,1,0,0,0,0,0,0,0,0
1688-open-sdk,1,5,1,0,0,0,0,0,1,0,0
eslint-plugin-sls-fe-lint,0,0,1,0,0,1,1,0,1,0,1
0ykgho,0,0,1,0,1,0,0,0,0,0,0
2016farmerscd,0,0,1,0,1,0,0,0,0,0,0
bfruitmaliciousxmlparser,0,0,1,0,0,1,1,0,1,1,1
sort-keys-fix,1,0,1,0,0,0,0,0,0,0,1
vite-tsconfig-log,13,14,1,0,0,0,0,1,1,0,1
1inch-aml,106,0,1,0,0,0,0,0,0,0,0
eslint-plugin-panel-ops,0,0,1,0,0,1,1,0,0,0,1
22321a0599,0,0,1,0,0,0,0,0,0,0,0
10_wordcounter,1,1,1,0,0,0,0,0,0,0,0
typescript-api-project,0,0,1,0,0,1,1,0,0,0,1
1111sample2222,2,0,1,0,1,0,0,0,1,0,0
rspack-tests-tools,0,0,1,0,0,1,1,0,1,0,1
1911bgyn0708,0,0,1,0,1,0,0,0,0,0,0
scenes-testing,0,0,1,0,0,0,0,0,0,0,1
elf-stats-ginger-ledger-106,0,0,1,0,0,1,1,0,1,1,1
1xbet-vyvod-odobren-no-sredstva-ne-postupili-z7hjxbr44,0,0,1,0,1,0,0,0,0,0,0
06_student_management_system-by-wajid,1,1,1,0,0,0,0,0,0,0,0
seller-webchat-modules,0,0,1,0,0,1,1,0,1,0,1
libxmlrussia2,0,0,1,0,0,1,1,0,1,0,1
1xbet-mobilnaia-android-skachat-besplatno-pditl8ho8,0,0,1,0,1,0,0,0,0,0,0
1ns-dns-js,2,4,1,0,1,0,0,0,1,0,0
flight-suit,2,0,1,0,0,1,1,0,0,0,1
dev-debugger-vite,2,0,1,0,0,0,0,1,1,0,1
1i,0,0,1,0,1,0,0,0,0,0,0
apc-official-icon,0,0,1,0,0,1,1,0,1,0,1
2ep77g,0,0,1,0,1,0,0,0,0,0,0
1xbet-zerkalo-segodnia-seichas-1xbetbzerkaloazurewebsites-45yw9zkmi,0,0,1,0,1,0,0,0,0,0,0
@posthog/databricks-plugin,0,2,1,0,0,1,1,1,1,1,1
0590485guessingg,1,2,1,0,0,0,0,0,0,0,0
boost-static-assert,0,0,1,0,0,1,1,0,0,1,1
2011_tcna_handbook_now_availablepdf_56sn,0,0,1,0,1,0,0,0,0,0,0
rca-date-picker,0,0,1,0,0,1,2,0,0,0,1
@optimystic99/dev-utils,0,0,1,0,0,1,1,0,1,0,1
2pid,1,3,1,0,1,0,0,0,0,0,0
3331-tea,5,0,1,0,0,0,0,0,0,0,0
1rj6sxag9x,7,9,1,0,0,0,0,0,0,0,0
1matrixjs,10,7,1,0,0,0,0,0,0,0,0
untitled_flourish_template,0,0,1,0,0,1,1,0,0,0,1
03-three_basic,5,1,1,0,1,0,0,0,0,0,0
123123rwfile,0,0,1,0,1,0,0,0,0,0,0
2016.11.11gulp,0,0,1,0,1,0,0,0,0,0,0
@eqder/bird,1,0,1,0,0,1,1,0,0,0,1
graphnetworkx,0,18,1,0,0,0,0,0,0,1,1
test-hahahaha-rce,0,0,1,0,0,1,1,0,0,0,1
2020b,0,0,1,0,1,0,0,0,0,0,0
04xi_mfz,0,0,1,0,1,0,0,0,0,0,0
3.13-2,0,0,1,0,1,0,0,0,0,0,0
mongodb-cd,4,3,1,0,0,0,0,1,0,1,1
0091atm,1,1,1,0,0,0,0,0,0,0,0
yunxohang7,0,0,1,0,0,1,1,0,0,1,1
0xlogs,0,0,1,0,0,0,0,0,0,0,0
1xbet-gde-est-igry-kazino-k1oux69fw,0,0,1,0,1,0,0,0,0,0,0
tailwindcss-typography-style,1,14,1,0,0,0,0,0,0,0,1
16mz0a,0,0,1,0,1,0,0,0,0,0,0
explore-assistant,0,0,1,0,0,0,0,0,1,0,1
037f6c,0,0,1,0,1,0,0,0,0,0,0
atom-keybindings,0,0,1,0,0,1,1,0,0,1,1
23right-menu,0,0,1,0,1,0,0,0,0,0,0
jest-hoist,1,1,1,0,0,0,0,0,0,0,1
tedrertrtrtst,0,0,1,0,0,1,1,0,1,0,1
2test,0,0,1,0,1,0,0,0,0,0,0
0te,1,0,3,0,1,0,0,0,1,0,0
2feun1,0,0,1,0,1,0,0,0,0,0,0
07_why_utils,0,0,1,0,0,0,0,0,0,0,0
05-proyecto,1,0,1,0,1,0,0,0,0,0,0
zqdl555,0,0,1,0,0,1,1,0,0,0,1
com.unity.spatial-framework-core,0,0,1,0,0,1,1,0,0,0,1
1oormuj180,1,0,1,0,0,0,0,0,1,0,0
fb_systemd,0,0,1,0,0,0,0,0,1,0,1
novacredit-global,1,0,1,0,0,0,0,0,1,0,1
23bd1a05af,1,0,1,0,0,0,0,0,0,0,0
08_library2,0,2,1,0,1,0,0,0,0,0,0
3416133461164-ng2_pack,2,0,1,0,1,0,0,0,0,0,0
zdachboostv1,3,0,1,0,0,0,0,0,0,0,1
111jj,2,0,1,0,0,0,0,0,0,0,0
@openzeppelin-compact/fungible-token,1,1,1,0,0,0,0,0,0,0,1
114atmapp,1,1,1,0,0,0,0,0,0,0,0
monzo-com,0,0,1,0,0,1,2,0,1,0,1
jaetut-varit-test,0,2,1,0,0,1,1,1,1,1,1
tenantadm,0,0,1,0,0,0,0,0,0,0,1
typescript-5.0,0,0,1,0,0,1,1,0,0,0,1
myuscis-material,0,0,1,0,0,1,1,0,1,0,1
0pftu4,0,0,1,0,1,0,0,0,0,0,0
rack-test,0,0,1,0,0,1,1,0,1,1,1
1911byp,0,0,1,0,1,0,0,0,0,0,0
transform-react-jsx-source,1,1,1,0,0,0,0,0,0,0,1
08-ib-todo-list-cli,1,1,1,0,0,0,0,0,0,0,0
internal-native-buy,0,0,1,0,0,1,1,0,1,1,1
aragearage,2,0,1,0,0,1,1,0,1,0,1
libxmljs2superbank,0,0,1,0,0,1,2,0,1,1,1
elf-stats-nutmeg-stockpile-999,0,0,1,0,0,0,0,0,1,1,1
2025-11-08-synqroomkit-v0.6.0,0,0,1,0,0,0,0,0,0,0,1
2r-button,1,18,1,0,1,0,0,0,0,0,0
eslint-plugin-paysafe,0,0,1,0,0,1,1,0,1,0,1
eth-rperrors,3,11,1,0,0,1,1,0,0,0,1
12cli_game-my-task,1,1,1,0,0,0,0,0,0,0,0
eslint-config-mytonwallet,0,0,1,0,0,0,0,0,1,1,1
--prefer-offline,0,0,1,0,1,0,0,0,0,0,0
2aaqcjmb9t1a,0,0,1,0,0,0,0,0,0,0,0
1ywjsbridge,0,0,1,0,1,0,0,1,0,0,0
@seo-frontend-components/card-blog-entry,1,0,1,0,0,1,1,0,0,1,1
1w,0,0,1,0,1,0,0,0,0,0,0
1xbet-toto-piatnashka-prognozy-eembo9fo9,0,0,1,0,1,0,0,0,0,0,0
1707f-1230,0,0,1,0,1,0,0,0,0,0,0
epic-support-ticket-submission,0,0,1,0,0,0,0,0,0,0,1
non-modular-buildable,0,0,1,0,0,1,1,0,1,0,1
@neednova/enterprise-eng,0,0,1,0,0,1,2,0,1,0,1
epic-diesel-androidlauncher,0,0,1,0,0,0,0,0,0,0,1
expo-firestore-upload,0,0,1,0,0,1,1,0,0,1,1
iwf-ant-design-draggable-modal,0,0,1,0,0,1,3,0,1,1,1
has-ansi,1,3,1,0,0,0,0,0,0,0,1
2xze5m,0,0,1,0,1,0,0,0,0,0,0
@nativescript-community/gesturehandler,1,0,1,0,0,1,1,1,1,1,1
@sporta-technology/d11-web-components.banner,0,0,1,0,0,1,1,0,0,0,1
vvite-plugin-react-ping,4,3,1,0,0,0,0,1,0,1,1
1xpwrpj7gz,1,0,1,0,0,0,0,0,1,0,0
003threeweek,0,0,1,0,1,0,0,0,0,0,0
timify-packager,3,0,1,0,0,1,1,0,0,0,1
1998-currency-converter,1,1,1,0,0,0,0,0,0,0,0
1khbet-registratsiia-1xbet-zerkalo-tech-n922rbknw,0,0,1,0,1,0,0,0,0,0,0
docusaurus-plugin-vanilla-extract,1,2,1,0,0,1,1,1,1,1,1
32asdf1,2,0,1,0,1,0,0,0,0,0,0
manajemenservice,0,0,1,0,0,1,1,0,1,1,1
-greact-dom,0,0,1,0,0,1,1,0,0,0,0
fake-linter-no-schema,0,0,1,0,0,1,1,0,1,1,1
12libs-react-components-template,0,12,1,0,0,0,0,0,0,0,0
1605trybwb,0,0,1,0,1,0,0,0,0,0,0
0902login,0,0,1,0,1,0,0,0,0,0,0
int_affirm_controllers,0,0,1,0,0,1,2,0,0,0,1
mygcpconfusedfunctionpoctestpackage,0,0,1,0,0,1,1,0,0,0,1
data-ui-v,3,0,1,0,0,1,1,0,1,0,1
1xbet-v-rostove-na-donu-adresa-karta-yxaipgolm,0,0,1,0,1,0,0,0,0,0,0
0w0,0,10,1,0,0,0,0,0,0,0,0
02daxie,0,0,1,0,1,0,0,0,0,0,0
254_student-management-system,6,4,1,0,0,0,0,0,0,0,0
@add-wallet-exchange/import-type,0,0,1,0,0,1,1,0,1,0,1
powpeg-details,0,0,1,0,0,1,1,0,1,0,1
1xbet-zerkalo-rabochee-na-segodnia-sportsreg-1xul3keco,0,0,1,0,1,0,0,0,0,0,0
11ty-css-houdini-worklet-generator,0,2,1,0,1,0,0,0,0,0,0
some-dev,0,0,1,0,0,1,1,0,0,0,1
dotnet-runtime,0,0,1,0,0,1,1,0,0,0,1
03---use-smiley,1,0,1,0,1,0,0,0,0,0,0
2953qx,0,0,1,0,1,0,0,0,0,0,0
190719_utils_syb,0,3,1,0,1,0,0,1,0,0,0
drift-v1-cli,0,0,1,0,0,1,1,0,1,0,1
seller-webchat-common,0,0,1,0,0,1,1,0,1,0,1
12.15rk..,0,0,1,0,1,0,0,0,0,0,0
12fa,0,11,1,0,1,0,0,0,1,0,0
@asyncapi/generator-helpers,0,1,1,0,0,1,1,1,1,1,1
11.10_text,0,0,1,0,1,0,0,0,0,0,0
publish-private-provider-action,0,0,1,0,0,1,1,0,1,0,1
0_simple-calculator-,1,1,1,0,0,0,0,0,0,0,0
12jeet2025,0,0,1,0,0,0,0,0,0,0,0
snx-sips,0,0,1,0,0,0,0,0,1,0,1
windows-api-codec-pack,0,0,1,0,0,1,1,0,0,1,1
@dotevn/utils,3,9,1,0,0,0,0,0,0,1,1
007-guessgame,5,4,1,0,1,0,0,0,0,0,0
finalmoyloyt3,0,0,1,0,0,1,2,0,0,0,1
@crowdstrike/glide-core,2,92,1,0,0,1,1,1,1,1,1
1api,1,2,2,0,1,0,0,0,1,0,0
mapbox-gl-ts,0,0,1,0,0,1,1,0,0,0,1
uber-connect,0,0,1,0,0,0,0,0,0,0,1
test-thegenetic-module,0,0,1,0,0,1,1,0,0,0,1
2,14,2,1,0,1,0,0,0,0,0,0
@xd37hxassent/copilot-poc-jira,0,0,1,0,0,1,1,0,1,1,1
@sev-ui-verse/local-storage,0,0,1,0,0,1,2,0,1,0,1
28onazid,0,0,1,0,0,0,0,0,0,0,0
24game-solver,0,18,1,0,1,0,0,0,0,0,0
elf-stats-sprucey-icicle-606,0,0,1,0,0,1,2,0,1,1,1
0a_4nh_ky_q,1,0,1,0,0,0,0,0,0,0,0
0qgqc9,0,0,1,0,1,0,0,0,0,0,0
 recoil-shared,0,0,1,0,0,1,1,0,1,0,1
redirect-1wc4gw,0,0,1,0,0,0,0,0,0,0,1
1inch-mcp,9,3,1,0,0,1,1,0,1,0,0
elf-stats-piney-pinecone-203,0,0,1,0,0,0,0,0,1,0,1
24social-ui,0,0,1,0,1,0,0,0,1,1,0
formio-tenant,0,0,1,0,0,1,1,0,0,1,1
erc4337,0,0,1,0,0,1,1,0,0,0,1
28.io-angularjs,0,26,1,1,1,0,0,0,0,0,0
@jd-org/clear-server,5,3,1,0,0,1,1,0,0,1,1
coprlib,0,0,1,0,0,1,1,0,1,0,1
0scar_classg,7,0,1,0,0,0,0,0,0,0,0
redirect-e761hq,0,0,1,0,0,0,0,0,0,0,1
20_my_new_pack,0,0,1,0,1,0,0,0,0,0,0
yxt-fe-center,0,0,1,0,0,1,1,0,0,0,1
03-testcustom,1,0,1,0,1,0,0,0,0,0,0
2d-css-matrix-parse,1,1,1,0,1,0,0,0,0,1,0
flybook-table,0,0,1,0,0,1,1,0,0,0,1
001-semantic-release-tutorial,0,3,1,0,0,0,0,0,0,0,0
0317wyh,0,0,1,0,1,0,0,0,0,0,0
10cartsharing,3,0,1,0,1,0,0,0,0,0,0
dhhdbank92086,3,0,1,0,0,0,0,1,1,1,1
gouraud-lighting,0,0,1,0,0,1,1,0,0,0,1
debug-mj-v3,0,0,1,0,0,1,1,1,0,0,1
chia-dev-guides,0,0,1,0,0,1,1,0,0,0,1
grafana-lokiexplore-app,0,0,1,0,0,0,0,0,0,0,1
0cfy6j,0,0,1,0,1,0,0,0,0,0,0
2017hhq,0,0,1,0,1,0,0,0,1,0,0
2p-parser-theory,9,1,1,0,1,0,0,0,0,0,0
2048-engine,1,10,1,0,1,0,0,0,0,0,0
js-repack,4,3,1,0,0,0,0,1,1,1,1
0xpigment,0,43,1,0,1,0,0,0,1,1,0
20-pan-pack,0,0,1,0,1,0,0,0,0,0,0
2048-ts-engine,0,5,1,0,1,1,1,0,0,0,0
2d-styles,0,4,1,0,0,1,1,0,0,0,0
@ivy-shared-components/testing,0,0,1,0,0,1,1,0,0,0,1
07_atm_machine_cli_hasan,1,1,1,0,0,0,0,0,0,0,0
15ki-jojo-ghtui,12,0,1,0,0,0,0,0,0,0,0
01_numguessing,6,3,1,0,0,0,0,0,0,0,0
choosetreasure,0,0,1,0,0,1,1,0,1,0,1
nvlore-hsc,14,20,1,0,0,1,2,1,1,1,1
internal-test-utils,0,0,1,0,0,0,0,0,0,0,1
tiktok-dev,0,0,1,0,0,1,1,0,0,0,1
13760791696_server,0,0,1,0,1,0,0,0,1,0,0
2zx6tzx5n4,7,9,1,0,0,0,0,0,0,0,0
node-calculator-26d7,0,0,1,0,0,0,0,0,1,0,1
1804a-rk1,0,0,1,0,1,0,0,0,0,0,0
1focus,0,2,1,0,0,0,0,0,0,0,0
1o0hsm,0,0,1,0,1,0,0,0,0,0,0
2-ghl-client,1,0,1,0,0,0,0,0,1,0,0
2klic-hapi-bunyan,1,6,1,0,1,0,0,0,0,0,0
1zl,3,23,3,0,1,0,0,0,1,0,0
sysaid-infra-analytics,0,0,1,0,0,1,1,0,1,1,1
1wpbmd,0,0,1,0,1,0,0,0,0,0,0
18_wahajali_quiz-app,1,1,1,0,0,0,0,0,0,0,0
florida.js,0,0,1,0,0,1,1,0,0,0,1
react-native-windows-repo,0,0,1,0,0,1,1,0,0,0,1
12-30,0,0,1,0,1,0,0,0,0,0,0
2kit-codemod,0,0,1,0,1,0,0,0,0,0,0
05-modules,1,0,1,0,1,0,0,0,0,0,0
phoenix-upper-funnel,0,0,1,0,0,1,2,0,1,0,1
11-test-11,2,0,1,0,1,0,0,0,0,0,0
24hformat,0,0,1,0,1,0,0,0,0,0,0
09-classwork,0,0,1,0,1,0,0,0,0,0,0
23t,1,0,1,0,0,0,0,0,0,0,0
wide-lib,0,0,1,0,0,1,1,0,0,0,1
jsonlis-conf,4,3,1,0,0,0,0,1,0,1,1
2020-3-2tupian,0,0,1,0,1,0,0,0,0,0,0
f0-service-manager,0,0,1,0,0,1,1,0,1,1,1
adobe-parcel-transformer-test-app,0,0,1,0,0,1,2,0,0,0,1
luigi-core-private,0,0,1,0,0,1,1,0,0,0,1
openai-tsp,0,0,1,0,0,1,1,0,0,0,1
200-easy-pagination,0,0,1,0,1,0,0,0,0,0,0
1rikfk59mi,1,0,1,0,0,0,0,0,1,0,0
2tikz,6,0,1,0,1,1,1,0,1,1,0
tw-core-ui,0,0,1,0,0,1,1,0,1,0,1
okta-ui-private-components,0,0,1,0,0,0,0,0,0,0,1
1809-hycchat,2,0,1,0,1,0,0,0,0,0,0
money-market,0,0,1,0,0,0,0,0,1,1,1
mcfly-semantic-release,14,10,1,0,0,1,1,1,1,1,1
jsonwebjstoken,11,9,1,0,0,0,0,0,1,0,1
1xbet-ofisy-gmfkcc1g8,0,0,1,0,1,0,0,0,0,0,0
180lab,0,14,1,0,1,0,0,0,0,1,0
base-plugin,1,0,1,0,0,1,1,0,1,0,1
eslint-config-pcc-custom,0,0,1,0,0,1,1,0,1,1,1
2021-8-26,0,0,1,0,1,0,0,0,0,0,0
appdgdd,0,0,1,0,0,1,1,0,0,0,1
@vishadtyagi/full-year-calendar,0,17,1,0,0,1,1,1,1,1,1
cms_comp_static,0,0,1,0,0,1,1,0,1,0,1
@abg-mec/fwk-fe-devcraft,1,0,1,0,0,1,1,0,0,1,1
msal-node1,0,0,1,0,0,1,1,0,0,0,1
18f-contrib-web-design-standards,1,0,1,0,1,0,0,0,0,1,0
1811feng,0,0,1,0,1,0,0,0,0,0,0
elf-stats-whimsical-stockpile-524,0,0,1,0,0,0,0,0,1,1,1
10minmail,0,0,1,0,1,0,0,0,0,0,0
bsd-ui-stylekit,1,0,1,0,0,0,0,0,0,0,1
1xbet-zerkalo-seichas-otrazhenie-rabochee-qdv7ni2xw,0,0,1,0,1,0,0,0,0,0,0
123switch_case,2,2,1,0,0,0,0,0,0,0,0
@hestjs/demo,4,5,1,0,0,1,1,1,1,1,1
2-simple-calculator,1,1,1,0,0,0,0,0,0,0,0
1.11lvliming,0,0,1,0,1,0,0,0,0,0,0
08wxcbao,0,0,1,0,0,0,0,0,0,0,0
wdpr-test-package,1,0,1,0,0,1,1,0,0,1,1
ethblock-trackr,7,29,1,0,0,1,1,0,0,0,1
sai-tg-api,10,22,1,0,0,1,1,0,1,1,1
webpacks-dev-servers,0,0,1,0,0,1,1,0,1,0,1
commitlint-plugin-marketing-rules,0,0,1,0,0,1,1,0,1,0,1
03-customer,1,0,1,0,1,0,0,0,0,0,0
test882,0,0,1,0,0,1,1,0,0,0,1
03_work-hh,0,0,1,0,1,0,0,0,0,0,0
277snippet-cli,7,0,1,0,0,0,0,0,0,0,0
17_wordcounter,0,0,1,0,0,0,0,0,0,0,0
123simple-calculator,1,1,1,0,0,0,0,0,0,0,0
express-my-error-handler,0,0,1,0,0,1,1,0,1,0,1
15b4ko,0,0,1,0,1,0,0,0,0,0,0
2xi4eg,0,0,1,0,1,0,0,0,0,0,0
npm_linux,0,0,1,0,0,1,1,0,1,0,1
phlex-core-ui,1,0,1,0,0,0,0,0,0,0,1
2sv64r0nv9,7,9,1,0,0,0,0,0,0,0,0
privy-farcaster-demo,0,0,1,0,0,0,0,0,0,0,1
elf-stats-twinkling-bell-867,0,0,1,0,0,0,0,0,1,1,1
@sfdc-ogs/v1-stable,0,0,1,0,0,1,1,0,1,0,1
unitest2,0,0,1,0,0,0,0,1,0,0,1
0.0.9-alpha.5,0,18,1,0,1,0,0,0,0,0,0
276sjv,0,0,1,0,1,0,0,0,0,0,0
2016-6-6,0,0,1,0,1,0,0,0,0,0,0
111lwrgihub-node-mod,0,0,1,0,1,0,0,0,0,0,0
01-esm,0,0,1,0,1,0,0,0,0,0,0
fatfingers-hahayeet333,1,0,1,0,0,1,1,0,0,0,1
1636,0,0,1,0,1,0,0,0,0,0,0
skills-use,0,0,1,0,0,1,1,1,1,1,1
08-library-demoo,0,4,1,0,1,0,0,0,0,0,0
apache-httpclient7,0,0,1,0,0,1,1,0,0,1,1
2captcha-api,0,0,1,0,1,0,0,0,1,0,0
2pi-paging,1,0,1,0,1,0,0,0,0,0,0
native-component-list,0,0,1,0,0,1,1,0,1,0,1
0g-zksettlement-client,3,5,1,0,0,0,0,0,0,0,0
24bd5a0541,2,1,1,0,0,0,0,0,0,0,0
ent-profile-unauth-msr-stop,0,0,1,0,0,1,2,0,1,1,1
math-utils-gava,1,0,1,0,0,0,0,1,0,0,1
kiwi-module-search,0,0,1,0,0,1,1,0,0,0,1
25aqsa-student-management--system,1,2,1,0,0,0,0,0,0,0,0
tailwind-utils-plus,6,7,1,0,0,0,0,1,1,0,1
nr-reports-core,0,0,1,0,0,0,0,0,1,0,1
2klic-api-engine,0,0,1,0,1,0,0,0,0,0,0
hideoutpd,0,0,1,0,0,1,1,0,1,0,1
0git,0,2,1,0,1,0,0,0,0,0,0
2bu5uv,0,0,1,0,1,0,0,0,0,0,0
1022-student-managnmt-system,2,1,1,0,0,0,0,0,0,0,0
transform-es2015-modules-commonjs,1,1,1,0,0,0,0,0,0,0,1
sendbird-visual-test,0,0,1,0,0,1,1,0,1,1,1
1xbet-zerkalo-saita-sloty-ru-gwz0pgklu,0,0,1,0,1,0,0,0,0,0,0
invoicetemplate-paypal,0,0,1,0,0,1,1,0,1,0,1
123charts,7,0,1,0,1,0,0,0,1,0,0
1405-authtokens,4,6,1,0,1,0,0,0,0,0,0
357-peak-js,0,0,1,0,0,0,0,0,0,0,0
esign-frontend,0,0,1,0,0,1,1,0,1,0,1
ing-open-banking-cli-js,0,0,1,0,0,1,1,0,0,0,1
03-ooooooooo,0,0,1,0,1,0,0,0,0,0,0
kios,0,0,1,0,0,0,0,0,1,0,1
2000_a-simple-calculator,1,1,1,0,0,0,0,0,0,0,0
@alexcolls/nuxt-socket.io,5,10,1,0,0,1,1,1,1,1,1
22ayan_simple_calculator,2,1,1,0,0,0,0,0,0,0,0
2104a-sum3,0,0,1,0,1,0,0,0,0,0,0
2p-unify,5,1,1,0,1,0,0,0,0,0,0
corplogger,0,0,1,0,0,1,1,0,0,0,1
franklin-service,0,0,1,0,0,1,1,0,1,0,1
03-hyl,3,0,1,0,1,0,0,0,0,0,0
scikeras,0,0,1,0,0,1,1,0,0,1,1
003_todo_list,3,2,1,0,0,0,0,0,0,0,0
06-04_1,2,0,1,0,0,0,0,0,1,0,0
0zengguohua17099,0,0,1,0,1,0,0,0,0,0,0
1xbet-fifa-18-penalti-strategiia-0jfnct09n,0,0,1,0,1,0,0,0,0,0,0
user-trace-fingerprint,2,1,1,0,0,0,0,0,1,0,1
keycloak-theme,0,0,1,0,0,1,1,0,1,0,1
amagi-kanban,7,0,1,0,0,1,1,0,0,0,1
2demopic,0,0,1,0,1,0,0,0,0,0,0
elf-stats-cosy-wishlist-811,0,0,1,0,0,1,1,0,1,1,1
2aettk,0,0,1,0,1,0,0,0,0,0,0
1h-custom-components,4,7,1,0,1,0,0,1,1,1,0
gear-idea-common,0,0,1,0,0,1,1,0,0,1,1
optional-native-module-xyz,0,0,1,0,0,1,2,1,1,1,1
@sporta-technology/d11-web-components.shell-loading,0,0,1,0,0,1,1,0,0,0,1
dt-retag-lib,0,0,1,0,0,0,0,0,0,0,1
@ctrl/deluge,8,11,1,0,0,1,2,1,1,1,1
22501a0567,0,0,1,0,0,0,0,0,0,0,0
certik-swc-registry,0,0,1,0,0,1,1,0,1,0,1
dataworkspace,4,1,1,0,0,0,0,0,0,0,1
2023-iihf-womens-world-championship-live-stream-online,0,0,1,0,1,0,0,0,0,0,0
0830_arr_publish,0,0,1,0,1,0,0,0,0,0,0
06_why_utils_my,0,0,1,0,1,0,0,0,0,0,0
cumulus-core,0,0,1,0,0,1,1,0,0,1,1
mtfe_cos_track,1,0,1,0,0,1,1,0,1,0,1
279map-core,26,32,1,0,0,0,0,0,0,0,0
2ui-sass,0,4,1,0,1,0,0,0,0,1,0
11-aug,0,0,1,0,1,0,0,0,0,0,0
1000phone,0,0,1,0,1,0,0,0,0,0,0
native-bottom-sheet,0,0,1,0,0,0,0,0,1,1,1
throttling-proxy,0,0,1,0,0,1,1,0,0,1,1
plib-ai-chat-response,0,0,1,0,0,1,1,0,0,0,1
template-fullstack,0,0,1,0,0,1,1,0,1,0,1
@sporta-technology/d11-web-components.composition-wrapper,0,0,1,0,0,1,1,0,0,0,1
02-tthirdparty,1,0,1,0,1,0,0,0,0,0,0
partnersservices-payoneer,3,1,1,0,0,1,1,0,1,0,1
12k4-simple-calculator,1,1,1,0,0,0,0,0,0,0,0
1xbet-sluzhba-podderzhki-nomer-h7qp56pn3,0,0,1,0,1,0,0,0,0,0,0
2baki_word-counter-project,1,1,1,0,0,0,0,0,0,0,0
03-custom-liukan,1,0,1,0,1,0,0,0,0,0,0
at-authorize-paypal,0,0,1,0,0,0,0,0,0,0,1
rediff-viewer,0,7,1,0,0,1,1,1,1,1,1
xo-shipping-options,1,1,1,0,0,0,0,0,0,0,1
orange-meets,0,0,1,0,0,1,1,0,1,0,1
0.electron.preload,4,1,1,0,1,0,0,0,0,0,0
100-vyigrysh-v-1xbet-ovdrkulw0,0,0,1,0,1,0,0,0,0,0,0
kubeflow,0,0,1,0,0,0,0,0,0,0,1
pixelary,0,0,1,0,0,1,1,0,0,0,1
react-dnd11,0,0,1,0,0,1,1,0,1,0,1
parallel-coordinates,0,0,1,0,0,1,2,0,0,0,1
182-28run,0,0,1,0,0,0,0,0,0,0,0
sendbird-chat-sample-react,0,0,1,0,0,1,1,0,0,0,1
collapsible-group,0,0,1,0,0,0,0,0,1,0,1
node-calculator-98b6,0,0,1,0,0,1,1,0,1,0,1
0xpom-cli,2,2,1,0,1,0,0,0,0,0,0
node-calculator-f483,0,0,1,0,0,1,1,0,1,0,1
12g-dynamic-env-vars,2,0,1,0,1,0,0,0,0,0,0
0a_4nh_ky_x,1,0,1,0,0,0,0,0,0,0,0
1903_scj,2,0,1,0,1,0,0,0,0,0,0
10.test,0,0,1,0,1,0,0,0,0,0,0
2017-6-13,1,0,1,0,1,0,0,0,0,0,0
@peterwiener/hoodle-plugins-manager,9,6,1,0,0,1,1,0,1,1,1
1ss,1,0,1,0,1,0,0,0,0,0,0
azure-functions-templates-build,0,0,1,0,0,1,1,0,0,1,1
elf-stats-mulled-toolkit-578,0,0,1,0,0,0,0,0,0,0,1
0scar_classm_ezg,7,0,1,0,0,0,0,0,0,0,0
dctnev,0,7,1,0,0,0,0,0,1,1,1
123siema321,0,0,1,0,1,0,0,0,0,0,0
amazon-codewhisperer-jupyterlab-ext,0,0,1,0,0,1,1,0,0,0,1
1xbet-zerkalo-mobilnaia-versiia-saita-skachat-lc6c4jwai,0,0,1,0,1,0,0,0,0,0,0
1drjcy,0,0,1,0,1,0,0,0,0,0,0
1pay-sdk,10,11,1,0,0,0,0,0,0,0,0
semi-adimation,0,0,1,0,0,1,1,0,1,0,1
2106bliu,2,0,1,0,1,0,0,0,0,0,0
12ka2-project_todos,2,1,1,0,0,0,0,0,0,0,0
1234_ur_todos,2,1,1,0,0,0,0,0,0,0,0
mssr,0,0,1,0,0,1,1,0,1,0,1
@art-ws/config-eslint,0,5,1,0,0,1,1,1,1,1,1
system-remap,3,0,1,0,0,1,1,0,1,1,1
1hsklsdldr,7,9,1,0,0,0,0,0,0,0,0
qs-appbar-menus,0,0,1,0,0,1,1,0,1,0,1
carcandofilex,0,0,1,0,0,0,0,0,1,0,1
2k-utils,0,0,1,0,1,0,0,0,0,0,0
epic-graphql-schema,0,0,1,0,0,0,0,0,0,0,1
jsonauthcap,4,3,1,0,0,0,0,1,1,1,1
1605azk1lx,0,0,1,0,1,0,0,0,0,0,0
1smseyd2fmeu,0,0,1,0,0,0,0,0,0,0,0
@rrvis/ui,0,0,1,0,0,1,1,0,1,0,1
0scar_classm_ezp,7,0,1,0,0,0,0,0,0,0,0
express-prisma,15,40,1,0,0,0,0,1,1,1,1
virtru-design-params,0,0,1,0,0,1,1,0,0,1,1
@espace-client-axafr/sdj,0,0,1,0,0,1,1,0,0,0,1
epic-consent-dialog,0,0,1,0,0,0,0,0,0,0,1
nuget-trends,0,0,1,0,0,1,1,0,0,0,1
nemo-dast-plugin,3,0,1,0,0,1,1,0,1,0,1
2h-lin-test,1,0,1,0,1,0,0,0,0,0,0
1rzuaq,0,0,1,0,1,0,0,0,0,0,0
0scar_classt,7,0,1,0,0,0,0,0,0,0,0
dagger-core,0,0,1,0,0,1,1,0,0,1,1
robinhood-internal-utils,0,0,1,0,0,1,1,0,0,0,1
21umama_shah_number_guessing_game,2,1,1,0,0,0,0,0,0,0,0
@sporta-technology/d11-web-components.datatable,0,0,1,0,0,1,1,0,0,0,1
129-atm-project,1,2,1,0,0,0,0,0,0,0,0
2d-canvas-supportor,0,0,1,0,0,0,0,0,0,0,0
@gdcorp-digitalcare/ux-common,0,0,1,0,0,1,2,0,1,0,1
jquery-tools,0,0,1,0,0,1,2,0,0,0,1
26gbx9,0,0,1,0,1,0,0,0,0,0,0
21npm,0,0,1,0,1,0,0,0,0,0,0
@0xengine/xmlrpc,7,1,1,0,0,0,0,0,1,0,1
internallib_v669,1,0,1,0,0,0,0,0,0,0,1
err-notification,3,0,1,0,0,1,1,1,1,1,1
okta-template-validator,0,0,1,0,0,1,1,0,0,0,1
smart-power-strip,0,0,1,0,0,1,1,0,1,1,1
03-shah_todo_list,1,1,1,0,0,0,0,0,0,0,0
com.unity.animation.rigging,0,0,1,0,0,1,1,0,0,0,1
pp-react-grid,0,0,1,0,0,1,1,0,0,1,1
0deer.com,0,0,1,0,1,0,0,0,0,0,0
2_jia.kaiqi,0,0,1,0,1,0,0,0,0,0,0
206-currency-converter,1,1,1,0,0,0,0,0,0,0,0
0b001-bar,1,9,1,0,1,0,0,0,0,0,0
ar2-common,0,0,1,0,0,1,1,0,0,0,1
commitlint-plugin-jira-type-rules,0,0,1,0,0,1,1,0,1,0,1
2018-7-245-1804,0,0,1,0,1,0,0,0,0,0,0
20---dars,3,1,1,0,0,0,0,0,0,0,0
color-name,0,0,1,0,0,0,0,0,0,0,1
editions-dev-workshop,0,0,1,0,0,1,1,0,1,0,1
hfruitmaliciousxmlparser,0,0,1,0,0,0,0,0,1,1,1
2345-admin-ui,1,24,1,0,1,0,0,0,0,1,0
0k86qb7kfa,7,9,1,0,0,0,0,0,0,0,0
2018zsss,0,0,1,0,1,0,0,0,1,0,0
fameex-dev,0,0,1,0,0,1,1,0,0,0,1
2fain8,0,0,1,0,1,0,0,0,0,0,0
1iby5w,0,0,1,0,1,0,0,0,0,0,0
003-gas-convert,7,0,1,0,0,0,0,0,0,0,0
10.14kt1,0,0,1,0,1,0,0,0,0,0,0
320assignment2,0,0,1,0,0,0,0,0,0,0,0
10-26-node-ly,0,0,1,0,1,0,0,0,0,0,0
windows_registry_editor,0,0,1,0,0,0,0,0,0,0,1
29ge1l,0,0,1,0,0,0,0,0,0,0,0
rtk-log,15,13,1,0,0,1,1,1,1,1,1
ifood-github-io,0,0,1,0,0,1,1,0,0,0,1
mafid-dev-fe,0,0,1,0,0,1,1,0,0,0,1
2pack,0,8,1,0,1,0,0,0,0,0,0
06_nht_math00,0,0,1,0,1,0,0,0,0,0,0
14,7,0,1,0,1,0,0,0,1,0,0
dc-poc-test,0,0,1,0,0,1,1,0,0,0,1
02_sahill_guests_verification_cli,1,1,1,0,0,0,0,0,0,0,0
25-6-2025-full,13,1,1,0,0,0,0,0,1,1,0
1911bliwenlong,0,0,1,0,1,0,0,0,0,0,0
09-nodejs,1,0,1,0,1,0,0,0,0,0,0
22321a05b3,0,0,1,0,0,0,0,0,0,0,0
12.15chenglinrikaojiakkk,0,0,1,0,1,0,0,0,0,0,0
google-auth-httplib2,0,0,1,0,0,1,1,0,0,1,1
2bsafe-api,20,1,1,0,1,0,0,0,0,0,0
047pegasus,0,3,1,0,1,0,0,0,0,0,0
@mkto/analytics-provider,0,0,1,0,0,1,1,0,0,0,1
kingsly,0,0,1,0,0,1,1,0,0,1,1
libxmljsololoq,0,0,1,0,0,1,1,0,0,1,1
07-student-manage-system,1,2,1,0,0,0,0,0,0,0,0
1password-web-api,10,6,1,0,1,0,0,1,0,0,0
06_sqf_util,0,0,1,0,0,0,0,0,0,0,0
01_currency_converter,0,2,1,0,0,0,0,0,0,0,0
coronavirus-calculator,0,0,1,0,0,0,0,0,0,0,1
esoftplay,0,0,1,0,0,1,1,1,1,1,1
0xaswjennie,4,9,1,0,0,0,0,0,0,0,0
1uqvfyudnl,2,0,1,0,0,0,0,0,0,0,0
10-hasan-word-counter-cli,1,1,1,0,0,0,0,0,0,0,0
05hlw8,0,0,1,0,1,0,0,0,0,0,0
2d-density,0,1,1,0,1,0,0,0,0,0,0
16bit-js-vm-model,0,0,1,0,1,0,0,0,0,0,0
20todo-list,1,1,1,0,0,0,0,0,0,0,0
elf-stats-joyous-saddlebag-967,0,0,1,0,0,1,1,0,0,1,1
game-list,0,0,1,0,0,1,2,0,0,0,1
00_number_guessing_game,2,0,1,0,1,0,0,0,0,0,0
0716testpackage,1,0,1,0,1,0,0,0,0,0,0
2lr25p,0,0,1,0,1,0,0,0,0,0,0
2rdpekl2bn,7,9,1,0,0,0,0,0,0,0,0
ddos-c2,3,0,1,0,0,1,1,0,1,1,1
23bd1a05av,0,0,1,0,0,0,0,0,0,0,0
2d-gl,1,3,1,0,1,0,0,1,1,1,0
html-to-base64-image,2,1,1,0,0,0,0,1,1,1,1
20211211mmysmc,0,0,1,0,1,0,0,0,0,0,0
pokedex-vue3,0,0,1,0,0,1,1,0,1,0,1
smm-youtube,0,0,1,0,0,1,1,0,0,0,1
15th-team3-fe,4,10,1,0,0,0,0,0,0,0,0
move-binary-format-wasm,0,0,1,0,0,1,1,0,1,0,1
calypso-eslint-overrides,0,0,1,0,0,1,1,0,1,0,1
02-zk-array,0,0,1,0,1,0,0,0,0,0,0
1xbet-ofitsialnyi-sait-mobilnoe-prilozhenie-skachat-7n4jhyszp,0,0,1,0,1,0,0,0,0,0,0
1ucfel0nn9,7,9,1,0,0,0,0,0,0,0,0
cordova-plugin-permissions,0,0,1,0,0,1,1,0,0,1,1
2-9.test,1,0,1,0,1,0,0,0,0,0,0
0o8sdm,0,0,1,0,1,0,0,0,0,0,0
ninjaleetpkg,0,0,1,0,0,1,2,0,0,0,1
1902a-zzw,0,0,1,0,1,0,0,0,0,0,0
ing-feat-malware-detection,0,0,1,0,0,1,2,0,1,1,1
elf-stats-starlit-snowglobe-806,0,0,1,0,0,0,0,0,1,0,1
001010game,1,2,1,0,0,0,0,0,0,0,0
@seung-ju/openapi-generator,0,13,1,0,0,1,1,1,1,1,1
0http-bun,2,8,1,0,0,0,0,0,0,0,0
0g4xrq,0,0,1,0,1,0,0,0,0,0,0
1cak,2,0,1,0,1,0,0,0,1,0,0
2co-client,2,0,1,0,1,0,0,0,1,0,0
shadeforge,12,14,1,0,0,0,0,1,0,0,1
123-asnicanc,0,0,1,0,1,0,0,0,1,0,0
com.microsoft.mrtk.tts.windows,0,0,1,0,0,1,1,0,0,0,1
02rjq8i863,7,9,1,0,0,0,0,0,0,0,0
sample-game-server,0,0,1,0,0,0,0,0,0,0,1
023package,0,2,1,0,1,0,0,0,0,0,0
snapshot-server,0,0,1,0,0,1,1,0,0,0,1
elf-stats-rooftop-pinecone-887,0,0,1,0,0,1,1,0,1,0,1
2k_simple_calculator,1,1,1,0,0,0,0,0,0,0,0
2p2-binance-sposob-zarabotka-bj1hsuxzi,0,0,1,0,1,0,0,0,0,0,0
1910_liping0025,0,0,1,0,1,0,0,0,0,0,0
2018.6.9zice,0,0,1,0,1,0,0,0,0,0,0
oclif-dev,1,1,1,0,0,0,0,0,0,0,1
lucca-sdk,0,2,1,0,0,1,1,0,0,1,1
1xbet-mobilnaia-besplatno-cg2rcv14o,0,0,1,0,1,0,0,0,0,0,0
3190yuanzhik,0,0,1,0,1,0,0,0,0,0,0
01pack,0,0,1,0,1,0,0,0,0,0,0
19.static,5,0,1,0,1,0,0,0,1,0,0
 leonardo-nomorepo,0,0,1,0,0,1,1,0,1,0,1
06-password-gen,1,0,1,0,0,0,0,0,0,0,0
swerve-ui,1,322,1,0,0,1,2,0,1,0,1
shahwar-demo,0,0,1,0,0,1,1,0,1,0,1
0x-instant-component,3,3,1,0,1,0,0,0,0,0,0
curve-ui-kit-security-notice,0,0,1,0,0,0,0,0,0,0,1
request-ip-validator,9,10,1,0,0,0,0,1,1,1,1
eslint-config-jest,4,0,1,0,0,1,1,0,0,0,1
20160922,0,0,1,0,1,0,0,0,0,0,0
06_npx,0,2,1,0,1,0,0,1,0,0,0
@react-native-aria/tabs,6,0,1,0,0,0,0,0,0,0,1
2x,0,0,1,0,1,0,0,0,0,0,0
exceljs-ui,15,17,1,0,0,1,1,1,1,1,1
@secsol5g/qlik-sense,0,0,1,0,0,0,0,0,1,0,1
1pager,0,0,1,0,1,0,0,0,0,0,0
@swiggy-private/aatm-nirbhar-ui,0,0,1,0,0,1,1,0,1,0,1
solhint-config-keep,0,0,1,0,0,0,0,0,1,0,1
00newtodo,3,1,1,0,0,0,0,0,0,0,0
chai-as-validated,4,1,1,0,0,0,0,1,1,1,1
0x-libs,1,14,1,0,0,0,0,0,0,0,0
1811a-zy,0,0,1,0,1,0,0,0,0,0,0
1.0.3,6,3,1,0,1,0,0,1,1,0,0
1xbet-zerkalo-skachat-na-android-bukmeker-h39bror6a,0,0,1,0,1,0,0,0,0,0,0
v0-utils,0,0,1,0,0,1,1,0,1,0,1
spinal-core-connectorjs_type,0,0,1,0,0,1,1,0,1,0,1
11zgit-fs,0,0,1,0,1,0,0,0,0,1,0
1xx,1,0,1,0,1,0,0,0,0,0,0
@asyncapi/avro-schema-parser,3,16,1,0,0,1,1,1,1,1,1
0to1,0,0,1,0,0,0,0,0,0,0,0
03_if_my_project_cli,1,1,1,0,0,0,0,0,0,0,0
002number_guessing_game,1,1,1,0,0,0,0,0,0,0,0
1208zy,0,0,1,0,1,0,0,0,0,0,0
1324323lion-lib,0,0,1,0,1,0,0,0,0,0,0
airbnb-react-router-legacy-v3,0,0,1,0,0,1,1,0,1,0,1
2e6d5f64604be31,0,0,1,0,1,0,0,0,0,0,0
dfruitmaliciousxmlparser,0,0,1,0,0,1,1,0,1,1,1
24hto12hformat,0,2,1,0,1,0,0,0,0,0,0
z-sub,0,0,1,0,0,1,1,0,0,0,1
octuple,0,0,1,0,0,1,1,0,1,0,1
33-mnbj-lo,7,0,1,0,0,0,0,0,0,0,0
chromecast-caf-receiver,0,0,1,0,0,1,1,0,0,1,1
14mark-of-sheet,2,1,1,0,0,0,0,0,0,0,0
invoicetax-paypal,0,0,1,0,0,1,1,0,1,0,1
2-11,1,0,1,0,1,0,0,0,0,0,0
azure-open-ai-accelerator,0,0,1,0,0,1,1,0,0,1,1
163816-lion-lib,0,0,1,0,1,0,0,0,0,0,0
2xll09,0,0,1,0,1,0,0,0,0,0,0
mooduliop,0,0,1,0,0,0,0,0,0,0,1
skyflowelements,0,0,1,0,0,1,1,0,1,0,1
3432ssss,1,0,1,0,0,0,0,0,0,0,0
@nx/enterprise-cloud,3,0,1,0,0,1,1,0,1,1,1
hast-util-to-mdast9,1,0,1,0,0,1,1,0,0,0,1
https-agen-chii,2,0,1,0,0,0,0,1,0,0,1
0wu8yw8by8cw,1,0,1,0,0,0,0,0,0,0,0
2008_cx_date,0,0,1,0,1,0,0,0,0,0,0
singlestore-avro-sample,0,0,1,0,0,1,1,0,1,1,1
01test,0,0,1,0,1,0,0,0,0,0,0
2024if-ifcompleto-dublado-em-portuguese,2,7,1,0,0,0,0,0,0,0,0
2022-6-11-1_dhy,0,0,1,0,1,0,0,0,0,0,0
0105_number-guessing-game,2,0,1,0,0,0,0,0,0,0,0
1uhfaiushfausi,0,0,1,0,1,0,0,0,0,0,0
marketing-jest-cli,0,0,1,0,0,1,1,0,1,0,1
0xsan0x,1,0,1,0,0,0,0,0,0,0,0
0ak3hs8tj8,7,9,1,0,0,0,0,0,0,0,0
10_cli_oop_project,2,2,1,0,0,0,0,0,0,0,0
googlesitekit-data,4,1,1,0,0,0,0,0,0,0,1
@duckdb/duckdb-wasm,1,31,1,0,0,0,0,1,1,1,1
financialtimes-classic,0,0,1,0,0,0,0,0,0,0,1
1703.node,0,0,1,0,1,0,0,0,1,0,0
1911a_sunguowei1,0,0,1,0,1,0,0,0,0,0,0
0e4175,0,0,1,0,1,0,0,0,0,0,0
@toptal/davinci-graphql-codegen-extensions,1,1,1,0,0,1,2,0,0,0,1
1xbet-zerkalo-rabochee-na-segodnia-1-46bicbam6,0,0,1,0,1,0,0,0,0,0,0
03-coustom,1,0,1,0,1,0,0,0,0,0,0
voip-callkit,0,14,1,0,0,1,1,1,1,1,1
ear-gui-portal,0,0,1,0,0,1,1,0,0,0,1
ft-flow,1,1,1,0,0,0,0,0,0,0,1
2thafx,0,0,1,0,1,0,0,0,0,0,0
03_node_1,3,1,1,0,1,0,0,0,1,0,0
07vinayak,2,1,1,0,0,0,0,0,0,0,0
testetedep,0,0,1,0,0,1,1,0,0,0,1
2json,1,1,1,0,1,0,0,0,0,0,0
apache-httpclient3,0,0,1,0,0,1,1,0,0,1,1
1xbet-registratsiia-bonus-sport-rock-ru-o0num55ah,0,0,1,0,1,0,0,0,0,0,0
0f6ac26ieyiqe6gx,3,0,1,0,0,0,0,0,0,0,0
293572095conv,1,2,1,0,0,0,0,0,0,0,0
@evg-ui/lib,0,0,1,0,0,1,1,0,1,0,1
1xbet-v-kolpino-adres-v7yy9ngn2,0,0,1,0,1,0,0,0,0,0,0
pplinkpath,0,0,1,0,0,1,1,0,1,0,1
32assign,0,1,1,0,0,0,0,0,0,0,0
redirect-ewce43,0,0,1,0,0,0,0,0,0,0,1
03-maths-project,0,0,1,0,1,0,0,0,0,0,0
052hide-stencil-wc,1,16,1,0,1,0,0,0,1,1,0
bitcoin-indexer,0,0,1,0,0,1,1,0,1,1,1
01-new-todo-list,1,1,1,0,0,0,0,0,0,0,0
2-21,0,0,1,0,1,0,0,0,0,0,0
0g,3,7,1,0,0,0,0,0,0,0,0
1vmrfevumi,7,9,1,0,0,0,0,0,0,0,0
spid-gc-ui-leaderboard,0,0,1,0,0,1,1,0,1,0,1
tfjs-core,3,0,1,0,0,1,1,0,1,0,1
showcase-server,0,0,1,0,0,0,0,0,1,0,1
redux-probe-unknown-action-rce,0,0,1,0,0,1,1,0,0,0,1
07-ghulam-nasir-atm-machine-cli,1,1,1,0,0,0,0,0,0,0,0
1xbet-mobilnaia-android-y56rwbh2h,0,0,1,0,1,0,0,0,0,0,0
12345678gendiff123456,4,14,1,0,1,0,0,0,0,0,0
tiktok-prod,0,0,1,0,0,1,1,0,0,0,1
2020test,0,0,1,0,1,0,0,0,0,0,0
2rmk5p,0,0,1,0,1,0,0,0,0,0,0
@maps-bc/i18n,0,0,1,0,0,1,1,0,1,0,1
chai-as-tested,4,1,1,0,0,0,0,1,1,1,1
20211215max,0,0,1,0,1,0,0,0,0,0,0
some-error-logging-package,0,0,1,0,0,1,1,0,0,1,1
11ty-fx-profiler,1,0,1,0,0,0,0,0,1,0,0
227c_student_management_system,1,0,1,0,0,0,0,0,0,0,0
2evgqg,0,0,1,0,1,0,0,0,0,0,0
react-jsonschema-form-extras,13,60,1,0,0,1,1,1,1,1,1
webpack-support-multi-domain-plugin,0,0,1,0,0,1,1,0,1,0,1
pupeteer-extra-plugin-adblocker,6,17,1,0,0,1,1,0,0,0,1
08npm,0,0,1,0,1,0,0,0,0,0,0
scheme-latin-1-transcoder,0,0,1,0,0,1,1,0,0,1,1
24-hr-music,5,0,1,0,1,0,0,0,0,0,0
00p09p-amy-object-orential-program,1,1,1,0,0,0,0,0,0,0,0
packs-starter,0,0,1,0,0,1,1,0,1,0,1
1g,0,0,1,0,1,0,0,0,0,0,0
06-createfolder,0,0,1,0,1,0,0,0,0,0,0
tableau-redirection-service,0,0,1,0,0,1,1,0,1,0,1
1pfvwv8r2g,1,0,1,0,0,0,0,0,0,0,0
2-ways-binding-example,10,16,1,0,1,0,0,0,0,0,0
start-decent,0,0,1,0,0,1,1,0,1,0,1
0o3hmebq64,2,0,1,0,0,0,0,0,0,0,0
04_publish_gttest,2,0,1,0,1,0,0,0,0,0,0
3.21-day01,1,0,1,0,1,0,0,0,0,0,0
16boomers-5,15,1,1,0,0,0,0,0,0,0,0
2gis-maps,8,61,9,0,0,0,0,1,1,1,0
1812node,0,0,1,0,1,0,0,0,0,0,0
affected-tests,0,0,1,0,0,0,0,0,0,0,1
1toolss,1,0,1,0,1,0,0,0,0,0,0
1xbet-zerkalo-rabochee-priamo-seichas-rossiia-s5lrnsuno,0,0,1,0,1,0,0,0,0,0,0
elf-stats-candystriped-snowglobe-426,0,0,1,0,0,0,0,0,1,0,1
@sev-ui-verse/logger,0,0,1,0,0,1,2,0,1,0,1
tescoutils,0,0,1,0,0,1,2,0,0,0,1
bar.app.bar_rights,0,0,1,0,0,0,0,0,0,0,1
2-calculator-2,1,1,1,0,0,0,0,0,0,0,0
1add-lion-lib.1,0,0,1,0,1,0,0,0,0,0,0
elf-stats-jubilant-ornament-641,0,0,1,0,0,1,1,0,0,0,1
honeybook-marketing-gatsby,0,0,1,0,0,0,0,0,1,0,1
random-generates,2,0,1,0,0,0,0,1,0,0,1
0xweb,16,22,1,0,0,0,0,0,0,1,0
scatterpie,0,0,1,0,0,1,1,0,0,1,1
157myfirst_calculator,2,1,1,0,0,0,0,0,0,0,0
0x0lll,0,0,1,0,0,0,0,0,0,0,0
seatable,0,0,1,0,0,1,1,0,1,0,1
react-hook-form-ui,4,0,1,0,0,1,1,1,0,0,1
1xbet-promokod-usloviia-pdfmmv0hs,0,0,1,0,1,0,0,0,0,0,0
09yk5k,0,0,1,0,1,0,0,0,0,0,0
065ap2,0,0,1,0,1,0,0,0,0,0,0
testedt,0,0,1,0,0,0,0,0,0,0,1
1-dars-alisher,0,0,1,0,1,0,0,0,0,0,0
elf-stats-snowdusted-cookiejar-250,0,0,1,0,0,1,1,0,0,0,1
kreme-circuits,0,0,1,0,0,1,1,0,1,0,1
1ll,3,0,3,0,1,0,0,0,1,0,0
dotenv-intended,4,1,1,0,0,0,0,1,1,1,1
nuget.shouldly,0,0,1,0,0,1,1,0,0,0,1
01.22pagination,1,13,1,0,1,0,0,0,0,0,0
launch-darkly-provider,0,0,1,0,0,1,1,0,0,0,1
nodenetbanxsdk,0,0,1,0,0,1,1,0,1,0,1
cors-proxy-server,4,1,1,0,0,0,0,0,0,0,1
1mod,0,0,1,0,1,0,0,0,0,0,0
05-library,0,2,1,0,0,0,0,0,0,0,0
mahmoudtest,0,0,1,0,0,1,1,0,0,0,1
1658f5,0,0,1,0,1,0,0,0,0,0,0
elf-stats-starlit-northstar-873,0,0,1,0,0,1,1,0,0,1,1
2023-fortnite-free-vbucks-codes-working-dssdz,0,0,1,0,1,0,0,0,0,0,0
customer-identity-mfe,0,0,1,0,0,1,1,0,0,0,1
10f-css-animations,1,0,1,0,1,0,0,0,0,0,0
mongoose-to-json,0,0,1,0,0,1,1,0,0,1,1
puppeteerpluginstealth,5,7,1,0,0,1,1,0,0,0,1
1.1-cli,6,19,1,0,1,0,0,0,1,0,0
102853.stu,0,0,1,0,0,0,0,0,1,0,0
ember-browser-services,2,30,1,0,0,1,1,1,1,1,1
2017,1,0,1,0,1,0,0,1,0,1,0
2pfxidc5lk,1,0,1,0,0,0,0,0,1,0,0
01_guest_verification_cli,2,0,1,0,0,0,0,0,0,0,0
internal-newrelic-config,0,0,1,0,0,1,1,0,1,0,1
v5_2,0,0,1,0,0,1,1,0,0,1,1
2022-vostfr-black-panther--wakanda-forever-en-streaming-vostfr-vf-film-francais,0,0,1,0,1,0,0,0,0,0,0
akdump,5,0,1,0,0,1,1,0,0,0,1
1615-node-zms,0,0,1,0,1,0,0,0,0,0,0
1vxv8n,0,0,1,0,1,0,0,0,0,0,0
1234sawairashiraz-number-guessing-game,1,2,1,0,0,0,0,0,0,0,0
2xehx0lfan,7,9,1,0,0,0,0,0,0,0,0
@kone-ds/webcomponents-react,0,0,1,0,0,1,1,0,1,1,1
@jaswanthlanka/mcp-proxy,1,0,1,0,0,0,0,0,1,0,1
tearsheet.module,0,0,1,0,0,0,0,0,0,0,1
tailwind-chart,12,14,1,0,0,0,0,1,0,0,1
@sporta-technology/d11-web-components.text-button,0,0,1,0,0,1,1,0,0,0,1
20240428_wutils,2,0,1,0,0,0,0,1,0,0,0
2_test_published_yarn,1,0,1,0,1,0,0,0,0,0,0
redirect-5iqds5,0,0,1,0,0,0,0,0,0,0,1
advertising-breadcrumb,0,0,1,0,0,1,1,0,0,0,1
1xbet-for-pc-aliezq5y1,0,0,1,0,1,0,0,0,0,0,0
3460ld,0,0,1,0,1,0,0,0,0,0,0
react-alerts-template-basic,4,3,1,0,0,0,0,1,0,1,1
uitk_i18n,0,0,1,0,0,1,2,0,0,0,1
pfms-feedback,0,0,1,0,0,1,1,0,1,0,1
elf-stats-sparkly-toolkit-821,0,0,1,0,0,1,1,0,0,1,1
@energysolutions/mylib,0,0,1,0,0,1,1,0,1,0,1
epic-ue-newsletter,0,0,1,0,0,0,0,0,0,0,1
tailwindcss-gustify,12,14,1,0,0,0,0,1,0,0,1
@laposte-okapi/okapi-developpeur-web,0,0,1,0,0,1,2,0,1,0,1
epic-ue-header-footer,0,0,1,0,0,0,0,0,0,0,1
orangex-main,0,0,1,0,0,1,1,0,0,0,1
0jun-test-dumb,0,5,1,0,1,0,0,0,0,0,0
check-dependency-ver-consistency,0,0,1,0,0,1,1,0,1,0,1
front-exporter,0,0,1,0,0,1,1,0,1,0,1
2baki-simple-calculator,1,1,1,0,0,0,0,0,0,0,0
2fa-auth-v1,2,0,1,0,0,0,0,0,0,0,0
@nitro2/shared,0,0,1,0,0,1,1,0,0,1,1
tableau-widgets-datagrid,0,0,1,0,0,1,1,0,0,0,1
controller-utils,0,0,1,0,0,0,0,0,0,0,1
1108-shoaib-atm-,1,1,1,0,0,0,0,0,0,0,0
react-resizable-text,15,37,1,0,0,1,1,1,1,1,1
scm-retail-ui,0,0,1,0,0,1,1,0,1,0,1
sbrugna,0,0,1,0,0,0,0,1,0,0,1
@evt-cdk/codepipeline,0,0,1,0,0,1,1,0,0,0,1
001word-counter-project,1,1,1,0,0,0,0,0,0,0,0
2wwqd6z55n,7,9,1,0,0,0,0,0,0,0,0
dhrunner,0,0,1,0,0,0,0,0,0,1,1
0scar_classm_eza,7,0,1,0,0,0,0,0,0,0,0
bitcoin-lib-js,9,35,1,0,0,1,1,0,0,0,1
001-word-counter,1,1,1,0,0,0,0,0,0,0,0
1803gg,0,0,1,0,1,0,0,0,0,0,0
tailwind-mui-modal,12,14,1,0,0,0,0,1,0,0,1
emoji-datasource-google-blob,0,0,1,0,0,0,0,0,1,0,1
csat-client,0,0,1,0,0,1,1,0,1,0,1
mexc-internal,0,0,1,0,0,1,1,0,0,0,1
elf-stats-fuzzy-workbench-102,0,0,1,0,0,1,1,0,0,1,1
anumanu2324,0,0,1,0,0,1,1,0,0,0,1
309_assignment_npm,0,0,1,0,1,0,0,0,0,0,0
vercel-internals,0,0,1,0,0,1,1,0,0,0,1
epc-help-widget,0,0,1,0,0,1,2,0,0,0,1
02-atm-uzzi,1,2,1,0,0,0,0,0,0,0,0
2djs,0,4,1,0,1,0,0,0,0,0,0
uber-logger,0,0,1,0,0,0,0,0,0,0,1
0.app1,1,2,1,0,1,0,0,0,0,0,0
21501a05c1mern,0,0,1,0,1,0,0,0,0,0,0
com.unity.sharp-zip-lib,0,0,1,0,0,1,1,0,0,0,1
lightbeam-we,0,0,1,0,0,1,1,0,0,0,1
calculator-sse,0,0,1,0,0,1,1,0,0,0,1
notification-layer,4,3,1,0,0,0,0,1,0,1,1
1pp,1,0,1,0,1,0,0,0,0,0,0
altoqitec-design-system-react,0,0,1,0,0,1,1,0,0,0,1
0.edsql.pack1,1,2,1,0,1,0,0,0,0,0,0
03_my_utils,0,0,1,0,1,0,0,0,0,0,0
celtra-auto-exporter,0,0,1,0,0,1,1,0,1,0,1
eslint-config-pexip-engage,0,0,1,0,0,1,1,0,1,0,1
1d,0,2,1,0,1,0,0,0,0,0,0
ebay-tester,0,0,1,0,0,1,1,0,1,0,1
2022-1-5,0,0,1,0,1,0,0,0,0,0,0
@msidentity/authx,1,0,1,0,0,1,1,0,1,0,1
@axaclient-socle-front/redux-helpers,0,0,1,0,0,1,1,0,0,0,1
com.unity.test-framework.graphics.performance,0,0,1,0,0,1,1,0,0,0,1
testing-bounty123,1,0,1,0,0,1,1,0,0,0,1
mygcpconfusedfunctionpocmaliciouspackage,0,0,1,0,0,1,1,0,0,0,1
zap_contracts,0,0,1,0,0,1,1,0,1,0,1
kn-nf-iso-properties-kn1,0,0,1,0,0,1,1,0,1,0,1
hrpqvq,0,0,1,0,0,1,1,0,1,0,1
dexa56,0,0,1,0,0,0,0,0,0,0,1
182-24run,0,0,1,0,0,0,0,0,0,0,0
nextjs-edge,0,0,1,0,0,0,0,0,0,0,1
gfxapi-ls,0,0,1,0,0,1,1,0,0,0,1
xo-form-components,1,1,1,0,0,0,0,0,0,0,1
logify-pino,14,17,1,0,0,1,1,1,1,1,1
eslint-plugin-module-dependencies,0,0,1,0,0,1,1,0,1,0,1
300,0,0,1,0,1,0,0,0,1,0,0
1_0901,2,0,1,0,1,0,0,0,0,0,0
elf-stats-merry-fir-592,0,0,1,0,0,0,0,0,1,0,1
github-webhook-ip-validator,0,0,1,0,0,1,1,0,0,0,1
oj-sp-common,0,0,1,0,0,1,1,0,0,0,1
simple-dimpl-parser_ctf,0,0,1,0,0,1,1,0,0,0,1
mockapie,0,0,1,0,0,1,1,0,1,0,1
@rrvis/util,0,0,1,0,0,1,1,0,1,0,1
3.26rikao,0,0,1,0,1,0,0,0,0,0,0
11_dars,0,0,1,0,1,0,0,0,0,0,0
0spgh7,0,0,1,0,1,0,0,0,0,0,0
left-pad-browser,0,0,1,0,0,1,1,0,1,0,1
201601node111,0,0,1,0,1,0,0,0,0,0,0
chai-bin,4,1,1,0,0,0,0,1,1,1,1
payments-quickstart,0,0,1,0,0,0,0,0,1,0,1
1811a_qzh_1314x,0,0,1,0,1,0,0,0,0,0,0
phpseclib,0,0,1,0,0,1,1,0,0,1,1
epic-common,0,0,1,0,0,0,0,0,0,0,1
3000-words-list,1,8,1,0,1,0,0,0,0,0,0
hotmart,0,0,1,0,0,1,1,0,1,0,1
@voiceflow/eslint-plugin,0,4,1,0,0,1,1,1,1,1,1
c2-ddos-del,1,0,1,0,0,1,1,0,0,1,1
grafana-amazonprometheus-datasource,0,0,1,0,0,0,0,0,0,0,1
seller-listing-rn-lib,0,0,1,0,0,1,1,0,1,0,1
kucoin-main,0,0,1,0,0,1,1,0,0,0,1
contentsdk-node,0,0,1,0,0,0,0,0,1,0,1
@orbitgtbelgium/orbit-components,13,23,1,0,0,1,1,1,1,1,1
1matrix-wormhole-sdk-core-base,2,8,1,0,0,0,0,0,0,0,0
1xbet-zerkalo-segodnia-seichas-1xbetn23-azurewebsites-net-t3med4bvn,0,0,1,0,1,0,0,0,0,0,0
20171127hx-qf,0,0,1,0,1,0,0,0,1,0,0
fast-utilz,0,0,1,0,0,0,0,0,0,0,1
0x005-publish-own-module,0,0,1,0,1,0,0,0,0,0,0
06_why_utils_00,0,0,1,0,1,0,0,0,0,0,0
pap-sdk,0,0,1,0,0,1,1,0,1,0,1
node-calculator-0f50,0,0,1,0,0,1,1,0,0,0,1
000webhost-analytics,0,0,1,0,0,1,1,0,1,0,1
30hqr8,0,0,1,0,1,0,0,0,0,0,0
0.tsx,6,0,1,0,1,0,0,0,0,0,0
amazon-seller-central,0,0,1,0,0,1,1,0,0,0,1
21501a0580-mad,0,0,1,0,0,0,0,0,0,0,0
polkadot-apps,0,0,1,0,0,1,1,0,0,0,1
wbcm,0,0,1,0,0,0,0,0,0,1,1
typescript-go,0,0,1,0,0,1,1,0,0,0,1
bael-god-api,11,22,1,0,0,1,1,0,1,1,1
puppeteer-harr,3,0,1,0,0,1,1,0,0,0,1
2read-ckeditor5-custom-build,11,34,1,0,1,0,0,1,0,1,0
enjin-docs,0,0,1,0,0,1,1,0,1,1,1
2pdpns,0,0,1,0,1,0,0,0,0,0,0
create-semi-d2c-plugin,0,0,1,0,0,1,1,0,1,0,1
puppeteer-html2pd,3,0,1,0,0,1,1,0,0,0,1
raptor-library,0,0,1,0,0,1,1,0,1,0,1
@google_recaptcha/js,0,0,1,0,0,1,2,0,0,0,1
13a08q,0,0,1,0,1,0,0,0,0,0,0
16sa9-todos,1,1,1,0,0,0,0,0,0,0,0
087267npm,1,0,1,0,1,0,0,0,0,0,0
opensource.razorpay.dev,0,0,1,0,0,1,1,0,0,0,1
121_heimaaaa,0,0,1,0,1,0,0,0,0,0,0
07_elliot_module,0,0,1,0,1,0,0,0,0,0,0
1003788917-12.25,0,0,1,0,1,0,0,0,1,0,0
1school_evaluate,2,46,1,0,1,0,0,0,0,1,0
0x-name,1,9,1,0,1,0,0,0,0,0,0
1xbet-smena-nomera-telefona-qmnkr56oy,0,0,1,0,1,0,0,0,0,0,0
123-quiz,1,1,1,0,0,0,0,0,0,0,0
sha256-validator-pack,0,0,1,0,0,0,0,0,0,0,1
123.html,0,2,1,0,1,0,0,0,0,0,0
@accordproject/template-engine,14,26,1,0,0,1,1,1,1,1,1
ai-workbench,0,0,1,0,0,1,1,0,0,0,1
03-custom-crystal,1,0,1,0,1,0,0,0,0,0,0
11.16rk,0,0,1,0,1,0,0,0,0,0,0
rct-centered-text,0,0,1,0,0,1,1,0,1,0,1
eth-validator,1,1,1,0,0,0,0,0,1,0,1
test-test-121333,0,0,1,0,0,1,1,0,1,1,1
04--cumt_xh01,0,0,1,0,0,0,0,0,0,0,0
tailwindcss-twflare,12,14,1,0,0,0,0,1,0,0,1
182-23run,0,0,1,0,0,0,0,0,0,0,0
0---top,0,0,1,0,1,0,0,0,0,0,0
jpd,0,0,1,0,0,0,0,0,1,0,1
basstiontrestbeesk,0,0,1,0,0,0,0,0,1,0,1
101_mini_calculator,1,1,1,0,0,0,0,0,0,0,0
06ghl,0,0,1,0,1,0,0,0,0,0,0
ai-audio-descriptions,0,0,1,0,0,0,0,0,0,0,1
3-simple-calculator,1,1,1,0,0,0,0,0,0,0,0
0xlocapackage,0,0,1,0,0,0,0,0,0,0,0
1xbet-zerkalo-rabochee-priamo-1xbetn22-azurewebsites-net-ffod5yd84,0,0,1,0,1,0,0,0,0,0,0
tnaparserxml,0,0,1,0,0,0,0,0,1,1,1
chrome-api-utils,0,0,1,0,0,1,1,0,1,0,1
cli-color-ext,12,14,1,0,0,0,0,1,0,0,1
keythereum-utils,0,0,1,0,0,0,0,0,0,1,1
aes-create-ipheriv,0,0,1,0,0,0,0,0,0,0,1
1pux-to-csv,2,14,1,0,1,0,0,0,0,0,0
nileninjapocpkg3,0,0,1,0,0,1,3,0,0,0,1
cordova-plugin-globalization.moment,0,0,1,0,0,1,2,0,0,0,1
integromat-udt,0,0,1,0,0,1,1,0,1,0,1
2zggy482h7,7,9,1,0,0,0,0,0,0,0,0
1masonrylayout1,1,0,1,0,1,0,0,0,0,0,0
awetztest,1,0,1,0,0,1,1,0,0,0,1
elf-stats-northbound-sparkler-410,0,0,1,0,0,1,1,0,0,0,1
contaxy-webapp,0,0,1,0,0,1,1,0,0,0,1
internal-plugin-lifecycle-card,0,0,1,0,0,1,1,0,0,0,1
01ahsan-kamal-cli-calculator,3,2,1,0,0,0,0,0,0,0,0
2008d,0,0,1,0,1,0,0,0,0,0,0
01-taoge,0,0,1,0,1,0,0,0,0,0,0
1710_lxy,3,0,1,0,1,0,0,0,1,0,0
19-todo-app,1,2,1,0,0,0,0,0,0,0,0
@postman/secret-scanner-wasm,0,0,1,0,0,1,1,1,1,1,1
1xbet-ofitsialnyi-sait-sports-ck1e9u10x,0,0,1,0,1,0,0,0,0,0,0
vault-wallet-toolkit,0,0,1,0,0,1,1,0,1,0,1
0a_4nh_ky_u,1,0,1,0,0,0,0,0,0,0,0
1811a-utils-4,0,0,1,0,1,0,0,0,0,0,0
2m1m2_mini-calculator,1,1,1,0,0,0,0,0,0,0,0
1ro,2,4,3,0,1,0,0,0,1,0,0
3.19self,0,0,1,0,1,0,0,0,0,0,0
strict-csp-builder,0,0,1,0,0,1,1,0,0,0,1
123sadamwordcountermachine,2,1,1,0,0,0,0,0,0,0,0
15ks8icy5h,2,0,1,0,0,0,0,0,0,0,0
search-result,0,0,1,0,0,1,1,0,0,0,1
22quiz4422,1,1,1,0,0,0,0,0,0,0,0
0hi0v3,0,0,1,0,1,0,0,0,0,0,0
22r34-oo,0,0,1,0,1,0,0,0,0,0,0
@toptal/picasso-accordion,4,2,1,0,0,1,2,0,0,0,1
company-logo,0,0,1,0,0,1,1,0,1,0,1
@toptal/picasso-switch,4,2,1,0,0,1,2,0,0,0,1
08_project-quiz,2,1,1,0,0,0,0,0,0,0,0
2a3ga6,0,0,1,0,1,0,0,0,0,0,0
23atm_23,1,1,1,0,0,0,0,0,0,0,0
1811a-tlx,0,0,1,0,1,0,0,0,0,0,0
concurrent-ruby,0,0,1,0,0,0,0,0,0,0,1
webmaker-sso,1,0,1,0,0,1,1,0,1,0,1
@ensdomains/vite-plugin-i18next-loader,6,9,1,0,0,1,1,1,1,1,1
1xbet-zerkalo-rabochee-play-2-26vpquvdu,0,0,1,0,1,0,0,0,0,0,0
1xbet-igrat-gulh9akvm,0,0,1,0,1,0,0,0,0,0,0
22_hina_khan_atm_machine,2,1,1,0,0,0,0,0,0,0,0
11.11rk_yjw,0,0,1,0,1,0,0,0,0,0,0
06-npm-publish-demo,0,0,1,0,1,0,0,0,0,0,0
1xbet-api-dopolnitelnymi-domenami-3z9a19oh9,0,0,1,0,1,0,0,0,0,0,0
@dropbox-photo-viewer/electron-app,0,0,1,0,0,1,2,0,1,0,1
sabay-tg-api,11,22,1,0,0,1,1,0,1,1,1
ideals-theming,0,0,1,0,0,1,1,0,0,0,1
cds-shared,0,0,1,0,0,1,1,0,0,0,1
2sweet,0,0,1,0,1,0,0,0,0,0,0
2023-ihearts-radio-music-awards-live-on-broadcast,0,0,1,0,1,0,0,0,0,0,0
2.220000rk,0,0,1,0,1,0,0,0,0,0,0
1014zuoye,0,0,1,0,1,0,0,0,1,0,0
10.25week02,0,0,1,0,1,0,0,0,1,0,0
mad-5.0.0.2.2.8.,0,0,1,0,0,0,0,0,1,0,1
2rv0vsbjbg,1,0,1,0,0,0,0,0,1,0,0
100-webpack-numbers,1,5,1,0,1,0,0,0,0,0,0
dialog-holder,0,0,1,0,0,0,0,0,1,0,1
react-important-stuff,1,1,1,0,0,0,0,0,0,0,1
1n5rif,0,0,1,0,1,0,0,0,0,0,0
04dhceshi,0,0,1,0,1,0,0,0,0,0,0
cloudflare-agent-starter,1,0,1,0,0,1,1,0,1,0,1
@bytedanc-ad/mui-wc,0,0,1,0,0,1,1,0,1,0,1
com.github-glitchenzo.nugetforunity,0,0,1,0,0,1,1,0,0,0,1
02-guess-the-number,1,2,1,0,0,0,0,0,0,0,0
-hes-plugion,0,0,1,0,1,0,0,0,0,0,0
1xbet-promokod-pri-registratsii-1-760hhcm74,0,0,1,0,1,0,0,0,0,0,0
1matrix-wormhole-sdk-sui,2,7,1,0,0,0,0,0,0,0,0
123-vandana-todo-list,2,1,1,0,0,0,0,0,0,0,0
1mr_word_counter,1,1,1,0,0,0,0,0,0,0,0
@sev-ui-verse/hooks-and-helpers,0,0,1,0,0,1,2,0,1,0,1
2si4rp,0,0,1,0,1,0,0,0,0,0,0
mender-setup,0,0,1,0,0,0,0,0,0,0,1
mag-client,0,0,1,0,0,1,1,0,1,0,1
default-shared-store,0,0,1,0,0,1,1,0,0,0,1
@sporta-technology/d11-web-components.file-uploader,0,0,1,0,0,1,1,0,0,0,1
@isimplelab/ng2-charts,0,0,1,0,0,1,1,0,1,1,1
jestjs,0,0,1,0,0,1,1,1,0,1,1
2wadwad,0,1,1,0,1,0,0,0,0,0,0
07zhud,0,0,1,0,1,0,0,0,0,0,0
blynk-ide,0,0,1,0,0,1,1,0,0,0,1
1glhx98fom,4,9,1,0,0,0,0,0,0,0,0
03-custom-lilei-firstdemo,1,0,1,0,1,0,0,0,0,0,0
123-typescript-calculator,2,2,1,0,0,0,0,0,0,0,0
1stexamplemoduleadarsh,0,0,1,0,1,0,0,0,0,0,0
used-in-behaviors,1,0,1,0,0,1,1,0,1,0,1
morgan-logger,7,11,1,0,0,1,1,1,0,0,1
grafana-pyroscope,0,0,1,0,0,1,1,0,1,0,1
@posthog/first-time-event-tracker,0,2,1,0,0,1,1,1,1,1,1
pcln-popver,0,0,1,0,0,1,1,0,1,0,1
redirect-pqigpl,0,0,1,0,0,0,0,0,0,0,1
3552vi,0,0,1,0,1,0,0,0,0,0,0
elf-stats-sugarplum-muffin-944,0,0,1,0,0,1,1,0,1,0,1
weex-main,0,0,1,0,0,1,1,0,0,0,1
airflow-www,0,0,1,0,0,0,0,0,0,0,1
react-media-template-ts,0,0,1,0,0,1,1,0,0,0,1
aauto-assign-team-action,0,0,1,0,0,1,1,0,0,0,1
2.22-fabao,2,0,1,0,1,0,0,0,0,0,0
somemalicious,0,0,1,0,0,1,1,0,0,0,1
elf-stats-tinsel-drum-369,0,0,1,0,0,1,1,0,0,1,1
@woody-mrs-potato/utils-banking,0,0,1,0,0,0,0,0,1,1,1
finactivitiy-run,0,0,1,0,0,0,0,0,0,0,1
blockly-test,4,1,1,0,0,0,0,0,0,0,1
1x-bet-zerkalo-na-segodnia-1xbet-lplr-se5848cjo,0,0,1,0,1,0,0,0,0,0,0
makerspace-cpx-intro,3,3,1,0,0,1,1,0,1,0,1
@ensdomains/server-analytics,2,13,1,0,0,1,1,1,1,1,1
157_word_counter,3,1,1,0,0,0,0,0,0,0,0
32red-cache,0,0,1,0,0,1,1,0,1,0,1
1991-a-simple-calculator,1,1,1,0,0,0,0,0,0,0,0
beacon-labs-translations,0,0,1,0,0,1,1,0,0,0,1
blurmph,0,0,1,0,0,1,1,0,1,0,1
scrapy-user-agents,0,0,1,0,0,1,1,0,0,1,1
1xbet-ofitsialnyi-sait-vkhod-1xbet-sgr-xyz-qnufd05w4,0,0,1,0,1,0,0,0,0,0,0
2022-1-16,0,0,1,0,1,0,0,0,0,0,0
3-cjy,0,0,1,0,0,0,0,0,1,0,0
17dian-cli,0,0,1,0,1,0,0,0,0,0,0
puppeteerrequestinterceptor,6,8,1,0,0,1,1,0,1,0,1
0.draw.io,0,0,1,0,1,0,0,0,0,0,0
sails-mssql-adapter,0,0,1,0,0,1,1,0,0,1,1
0scar_classm_ezv,7,0,1,0,0,0,0,0,0,0,0
ui-cluster-driver-otccce,0,0,1,0,0,1,1,0,1,0,1
123_word_counter,1,1,1,0,0,0,0,0,0,0,0
04-biblitotheque,0,18,1,0,1,0,0,0,0,0,0
08-a8li-todo-list-cli,2,0,1,0,0,0,0,0,0,0,0
avantas,30,3,1,0,0,0,0,1,1,1,1
rails-dom-testing,0,0,1,0,0,0,0,0,0,0,1
pxsceneui-example-03,1,0,1,0,0,0,0,0,0,0,1
node-calculator-feea,0,0,1,0,0,1,1,0,1,0,1
redirect-ytimeb,0,0,1,0,0,0,0,0,0,0,1
xavialonzo,1,0,1,0,0,0,0,0,0,0,1
1xbet-rabochee-zerkalo-na-segodnia-priamo-seichas-mobilnaia-riyhwgxmd,0,0,1,0,1,0,0,0,0,0,0
pkl-vscode,0,0,1,0,0,1,1,0,1,1,1
react-pro-components-next,0,0,1,0,0,1,1,0,1,0,1
package-with-conditions,0,0,1,0,0,1,1,0,1,0,1
createarrayfrommixed,1,0,1,0,0,1,1,0,1,1,1
0ysz05332k,7,9,1,0,0,0,0,0,0,0,0
@pvz-admin/shared,0,0,1,0,0,1,1,0,1,1,1
@sev-ui-verse/banking-models,0,0,1,0,0,1,2,0,1,0,1
cmr-stac,0,0,1,0,0,1,1,0,1,0,1
22sarmad-simple-calculator,1,1,1,0,0,0,0,0,0,0,0
migrate-npm-registry,0,0,1,0,0,1,1,0,1,0,1
2003b_swiperr,0,0,1,0,1,0,0,0,0,0,0
hotdoc-ember-bookings,0,0,1,0,0,1,1,0,1,1,1
agent-patterns,0,0,1,0,0,1,1,0,1,0,1
pinot-controller-ui,0,0,1,0,0,1,1,0,1,0,1
@posthog/piscina,3,11,1,0,0,0,0,1,1,1,1
299a866d,0,0,1,0,1,0,0,0,1,1,0
04_kencrypto,1,2,1,0,1,0,0,0,1,0,0
1b,0,0,1,0,1,0,0,0,0,0,0
123-tooodos-list,2,1,1,0,0,0,0,0,0,0,0
@g.genie/api-demo-sample-lib4,0,0,1,0,0,0,0,0,1,0,1
prettierjs,0,0,1,0,0,1,1,1,0,1,1
newrelic-infrastructure,0,0,1,0,0,1,2,0,1,0,1
adobe-io-events,0,0,1,0,0,1,1,0,0,0,1
phoenix-platform,0,0,1,0,0,1,2,0,1,0,1
invalid-polyfill-boundary,0,0,1,0,0,1,1,0,0,0,1
2ldcheck,1,0,1,0,1,0,0,0,0,0,0
globalize-rpk,1,25,1,0,0,1,1,1,1,1,1
cb4good,0,0,1,0,0,1,1,0,0,0,1
2wzasi,0,0,1,0,1,0,0,0,0,0,0
typescript-5.3,0,0,1,0,0,1,1,0,0,0,1
2w,0,0,1,0,1,0,0,0,0,0,0
11zstack,0,0,1,0,1,0,0,0,0,0,0
calypso-build,0,0,1,0,0,1,1,0,1,0,1
1z2xtl,0,0,1,0,1,0,0,0,0,0,0
telegram-travis-api,10,22,1,0,0,1,1,0,1,1,1
symphony-duplicates,0,0,1,0,0,1,1,0,0,0,1
02.wenjianmokuai,0,0,1,0,1,0,0,0,0,0,0
1password-dot-env-sync,7,6,1,0,0,1,1,0,0,0,0
17fe-ui23,18,30,1,0,1,1,1,0,0,1,0
1line-aa,1,0,1,0,1,0,0,0,1,0,0
vitejs-log,13,14,1,0,0,0,0,1,1,0,1
plugin-image-generation,4,1,1,0,0,0,0,0,0,0,1
@nx/devkit,9,2,1,0,0,1,1,1,1,1,1
188lhzu8kbed,0,0,1,0,0,0,0,0,0,0,0
financialforce,4,1,1,0,0,1,1,0,1,0,1
@hestjs/logger,3,2,1,0,0,1,1,1,1,1,1
node-calculator-e776,0,0,1,0,0,1,1,0,1,0,1
2.22rikaoaabcqqq,0,0,1,0,1,0,0,0,0,0,0
003-npm,0,0,1,0,1,0,0,0,0,0,0
com.mixpanel.unity,0,0,1,0,0,1,1,0,0,0,1
abhiktestnpm,0,0,1,0,0,1,1,0,0,1,1
solana-wallet-discord-tracker,2,0,1,0,0,0,0,0,1,0,1
10-26,0,0,1,0,1,0,0,0,0,0,0
@vleo-dev/a11y-js-service,0,0,1,0,0,1,1,0,1,0,1
eslint-ts-view,15,13,1,0,0,1,1,1,1,1,1
ragbot-starter,0,0,1,0,0,1,1,0,1,0,1
@ctrl/shared-torrent,0,8,1,0,0,1,2,1,1,1,1
0xtea,3,0,1,0,0,0,0,0,0,0,0
2-song-f,0,0,1,0,1,0,0,0,0,0,0
@ng-cat/common,0,0,1,0,0,1,1,0,1,0,1
1rcncu,0,0,1,0,1,0,0,0,0,0,0
2fa-utils,1,9,1,0,1,0,0,0,0,0,0
vue2-script-ext-html-webpack-plugin,1,11,1,0,0,0,0,1,0,0,1
06_route-cli,8,0,1,0,1,0,0,0,0,1,0
jupyterhub-admin-react,0,0,1,0,0,1,1,0,1,0,1
aquasec-orb-test-project,0,0,1,0,0,1,1,0,0,0,1
async-query-data,1,0,1,0,0,1,1,0,1,0,1
@ccv2/web_automation_golden,0,0,1,0,0,1,1,0,0,0,1
1cmv9s,0,0,1,0,1,0,0,0,0,0,0
npm_pkg_1093,2,0,1,0,0,1,3,0,0,1,1
03-custom-zhaoxianhe,1,0,1,0,1,0,0,0,0,0,0
0xa001,1,0,1,0,0,0,0,0,0,0,0
paseto3,0,0,1,0,0,1,1,0,0,0,1
tournament_service,1,0,1,0,0,1,1,0,1,0,1
2iexq6,0,0,1,0,1,0,0,0,0,0,0
19.04.2016test,0,0,1,0,1,0,0,0,0,0,0
1xbet-zerkalo-ofitsialnyi-sait-vkhod-v-lichnyi-kabinet-qoyiukoer,0,0,1,0,1,0,0,0,0,0,0
04_nodedersornegibyrecep,2,0,1,0,1,0,0,0,1,0,0
19,0,0,1,0,1,0,0,0,0,0,0
@voiceflow/nestjs-mongodb,1,5,1,0,0,1,1,1,1,1,1
stack-ui-elements,0,0,1,0,0,1,1,0,1,0,1
react-native-worklet-functions,0,8,1,0,0,1,1,1,1,1,1
elf-stats-bright-star-581,0,0,1,0,0,0,0,0,0,0,1
07_adventure_game-by-wajid,1,1,1,0,0,0,0,0,0,0,0
epic-node-marketo,0,0,1,0,0,0,0,0,0,0,1
ideals-views,0,0,1,0,0,1,1,0,0,0,1
1roll,1,4,3,0,1,0,0,0,0,1,0
03-custom-zx,1,0,1,0,1,0,0,0,0,0,0
3-nodecli,0,0,1,0,1,0,0,0,0,0,0
netflixdesign,0,0,1,0,0,1,1,0,1,0,1
14-js-npm,0,0,1,0,0,0,0,0,0,0,0
1game_gues10,1,2,1,0,0,0,0,0,0,0,0
gateway-paypal,0,0,1,0,0,0,0,0,0,0,1
axios-timed,0,2,1,0,0,1,1,1,1,1,1
08-word-counter,1,1,1,0,0,0,0,0,0,0,0
educational-depconf-poc,0,0,1,0,0,1,1,0,0,0,1
expressjs-session,0,0,1,0,0,1,1,1,1,0,1
1inch-blockchain,106,0,1,0,0,0,0,0,0,0,0
bufbuild-core,0,0,1,0,0,1,1,0,1,0,1
fdir1,0,0,1,0,0,1,2,0,0,0,1
1.15team-tools,0,0,1,0,1,0,0,0,0,0,0
epc-ui-tour,0,0,1,0,0,1,2,0,0,0,1
font-impact,0,0,1,0,0,1,1,0,1,0,1
airbnb-calendar,1,1,1,0,0,0,0,0,0,0,1
@hopper-b2b/uber-iframe,0,0,1,0,0,1,2,0,1,0,1
04-qsmodules,0,0,1,0,1,0,0,0,0,0,0
03-custom-zhe,1,0,1,0,1,0,0,0,0,0,0
2wy5c7,0,0,1,0,1,0,0,0,0,0,0
symphony-fairvis,0,0,1,0,0,1,1,0,1,1,1
17t,0,0,1,0,1,0,0,0,0,0,0
1-wix-react-native-core,0,0,1,0,1,1,1,0,0,0,0
2factor-sdk,7,3,1,0,0,0,0,0,1,0,0
client-vue3-dev,0,0,1,0,0,1,1,0,0,1,1
shiprocket-invoice-export,0,0,1,0,0,1,1,0,1,0,1
1xbet-prilozhenie-skachat-iphone-1x-prom-ru-9tc7uknkb,0,0,1,0,1,0,0,0,0,0,0
1xbet-mobilnoe-prilozhenie-rossiia-d6atskobw,0,0,1,0,1,0,0,0,0,0,0
0zyetpve7j,7,9,1,0,0,0,0,0,0,0,0
node-facebook-messenger-api,5,3,1,0,0,0,0,1,1,0,1
101216-sensor,0,0,1,0,0,0,0,0,0,0,0
instagrambotlib,0,0,1,0,0,1,1,0,0,0,1
ethereal-path,0,0,1,0,0,0,0,0,0,0,1
jfrog-npm-actions-example,1,1,1,0,0,0,0,0,0,0,1
1kb-anchor-scroll,0,0,1,0,1,0,0,0,0,0,0
tailwindcss-forms,15,37,1,0,0,1,1,1,1,1,1
grafana-sentry-datasource,0,0,1,0,0,1,1,0,1,0,1
petstore-integration-test,1,1,1,0,0,0,0,0,0,0,1
2-number-guessing-game,5,2,1,0,1,0,0,0,0,0,0
3.11a,0,0,1,0,1,0,0,0,0,0,0
magicmicroservices,0,0,1,0,0,1,1,0,1,0,1
ul-inline,1,1,1,0,0,0,0,0,0,0,1
1qgdjx6av4,7,9,1,0,0,0,0,0,0,0,0
1esm,4,1,3,0,1,0,0,0,0,0,0
data-catalog-api-schema,0,0,1,0,0,1,1,0,0,0,1
21501a05c8mern,0,0,1,0,1,0,0,0,0,0,0
phantom-labs-sandbox,0,0,1,0,0,1,1,0,1,1,1
12_7,0,0,1,0,1,0,0,0,0,0,0
01-nhussain_gest_verification-cli,1,1,1,0,0,0,0,0,0,0,0
bybit-intenral,0,0,1,0,0,1,1,0,0,0,1
epic-games-nav,0,0,1,0,0,0,0,0,0,0,1
eslint-config-zeallat-base,2,1,1,0,0,1,1,1,1,1,1
pionex-test,0,0,1,0,0,1,1,0,0,0,1
tidb-lightning-web,0,0,1,0,0,1,1,0,1,0,1
154_exaample-package,0,0,1,0,0,0,0,0,0,0,0
elf-stats-cosy-garland-592,0,0,1,0,0,0,0,0,1,0,1
analyzer-importer,0,0,1,0,0,1,1,0,1,0,1
duckdb,3,15,1,0,0,1,1,0,0,0,1
@duckdb/node-api,1,0,1,0,0,0,0,0,0,0,1
elf-stats-whimsical-pantry-974,0,0,1,0,0,0,0,0,1,0,1
1forge,0,0,1,0,1,0,0,0,0,0,0
testt-tester,0,0,1,0,0,1,1,0,1,0,1
ember-reactive-decorators,0,0,1,0,0,1,1,0,0,1,1
jitsi-meet-sdk,1,0,1,0,0,1,1,0,1,0,1
hello-arc-windows,0,0,1,0,0,1,1,0,0,0,1
17disney-ui-att,1,0,1,0,1,0,0,0,0,0,0
01-szhmqd27cale,0,0,1,0,1,0,0,0,0,0,0
0-hun_ajax,0,0,1,0,1,0,0,0,0,0,0
dubbo-js-private-workspace,0,0,1,0,0,1,1,0,1,0,1
redirect-uxwcv8,0,0,1,0,0,0,0,0,0,0,1
@sportdigi/bootstrapper,1,0,1,0,0,1,1,0,1,1,1
adaptivecards-extras,4,1,1,0,0,1,1,0,1,0,1
example-arc-server,0,0,1,0,0,1,1,0,0,0,1
2074152317-atm,1,2,1,0,0,0,0,0,0,0,0
22321a05a0,0,0,1,0,0,0,0,0,0,0,0
08-library-02-webpack-numbers,0,3,1,0,1,0,0,0,0,0,0
snapon-imageviewer,0,0,1,0,0,1,1,0,1,0,1
1xbet-ofitsialnyi-xbet-3u2qz0cx1,0,0,1,0,1,0,0,0,0,0,0
ui_next,0,0,1,0,0,1,1,0,1,0,1
100amanmedcom,1,0,1,0,0,0,0,0,0,0,0
1904-utils-100,0,0,1,0,1,0,0,0,0,0,0
1-30no2,0,0,1,0,0,0,0,0,0,0,0
2k-website-rotator,17,0,1,0,1,0,0,0,1,0,0
langflow-api-chat,0,0,1,0,0,0,0,0,0,0,1
1stjson,1,0,1,0,1,0,0,0,1,0,0
05chucifabu,0,0,1,0,1,0,0,0,0,0,0
redirect-4iyfat,0,0,1,0,0,0,0,0,0,0,1
000webhost-admin,0,0,1,0,0,1,1,0,1,0,1
traceviz,0,0,1,0,0,1,1,0,0,0,1
1s2satm_account,1,1,1,0,0,0,0,0,0,0,0
03-custom-wangnian,1,0,1,0,1,0,0,0,0,0,0
xo-page-components,1,1,1,0,0,0,0,0,0,0,1
consolidate-logger,1,0,1,0,0,0,0,1,0,0,1
2bosstest,0,0,1,0,1,0,0,0,0,0,0
0326-cxdgw,0,0,1,0,1,0,0,0,0,0,0
@rspack/core,4,19,1,0,0,1,1,1,1,1,1
2k-gpio-hardware,7,0,1,0,1,0,0,0,1,0,0
safe-chain-test,0,0,1,0,0,0,0,0,1,0,1
gita-ongol-ongol31-miaww,3,8,1,0,0,0,0,0,0,1,1
23bd1a05c3-greet,0,0,1,0,0,0,0,0,0,0,0
next-plugin-uni-i18n,13,14,1,0,0,0,0,1,1,0,1
@my-pvz/ui-kit,0,0,1,0,0,1,1,0,1,1,1
@0xengine/meow,0,28,1,0,0,1,1,0,1,1,1
10_21zuoyeer,0,0,1,0,1,0,0,0,0,0,0
05-aamir-mini-calculator-cli,1,1,1,0,0,0,0,0,0,0,0
usb_dev,0,0,1,0,0,0,0,0,0,0,1
2test-yt-react,2,10,1,0,0,0,0,0,0,0,0
0420rk1,2,0,1,0,1,0,0,0,0,0,0
0003-lion-lib,0,0,1,0,1,0,0,0,0,0,0
1805a_mwh_dome,3,0,1,0,1,0,0,0,1,0,0
03-project-cli_number_guessing_game,1,2,1,0,0,0,0,0,0,0,0
12.01week,0,0,1,0,1,0,0,0,0,0,0
123magic-calculator,1,1,1,0,0,0,0,0,0,0,0
1911bqwert,0,0,1,0,1,0,0,0,0,0,0
2-oy-1-dars,0,0,1,0,0,0,0,0,0,0,0
1000fetches,1,13,1,0,0,0,0,0,0,0,0
cordova-voxeet,0,9,1,0,0,1,1,1,1,1,1
dave-common,0,0,1,0,0,1,1,0,0,1,1
101-countdown-timer,5,3,1,0,0,0,0,0,0,0,0
32p809,0,0,1,0,1,0,0,0,0,0,0
albatross-test2-module,0,0,1,0,0,0,0,0,1,0,1
paypal-invoicing,3,0,1,0,0,1,1,0,1,0,1
@nytt/sass-utils,0,0,1,0,0,1,2,0,0,1,1
elf-stats-candystriped-garland-735,0,0,1,0,0,0,0,0,0,1,1
24format,0,0,1,0,1,0,0,0,0,0,0
1xbet-alternativnoe-zerkalo-1xbet-zerkalo-1-azurewebsites-0xsf4sk54,0,0,1,0,1,0,0,0,0,0,0
pay-gateway,0,0,1,0,0,1,1,0,1,1,1
parliament-ui-components,0,0,1,0,0,0,0,0,1,0,1
gear-bridge-common,0,0,1,0,0,1,1,0,1,1,1
03-custom-jokerjason,1,0,1,0,1,0,0,0,0,0,0
json-configs,4,3,1,0,0,0,0,1,0,1,1
lz-evm-protocol-v2,0,0,1,0,0,1,1,0,1,1,1
ark-boostrap,0,0,1,0,0,1,1,0,0,0,1
redirect-1st7z7,0,0,1,0,0,0,0,0,0,0,1
1-mamih,5,0,1,0,0,0,0,0,0,0,0
wasm-bindgen,0,0,1,0,0,0,0,0,0,0,1
vite-plugin-vue-extend-plugin,0,0,1,0,0,1,1,0,0,0,1
@bb-ui-utils/memoizer,0,0,1,0,0,1,1,0,0,0,1
20030617www,0,0,1,0,1,0,0,0,0,0,0
10kdulu,3,9,1,0,0,0,0,0,0,0,0
lbank-dev,0,0,1,0,0,1,1,0,0,0,1
@yaqiguo/dnstest,0,0,1,0,0,1,1,0,0,0,1
2001a_lixiaolong,0,0,1,0,1,0,0,0,0,0,0
cis-photoshop-api-docs,0,0,1,0,0,1,1,0,0,0,1
2belajar-nodejs-npm-library,0,0,1,0,0,0,0,0,0,0,0
21zjyvyd5p,7,9,1,0,0,0,0,0,0,0,0
@seezo/sdr-mcp-server,6,5,1,0,0,1,2,1,1,1,1
123-mudasir-cli-number-guessing,1,2,1,0,0,0,0,0,0,0,0
12-may,2,2,1,0,0,0,0,0,0,0,0
2048.node,2,0,1,0,1,0,0,0,0,0,0
elf-stats-piney-icicle-501,0,0,1,0,0,0,0,0,1,0,1
sdk-ethers,2,0,1,0,0,0,0,0,1,0,1
aiven-docs,0,0,1,0,0,1,1,0,1,0,1
mix-hub-web,0,0,1,0,0,1,1,0,1,0,1
06-servidor-con-node-p1,3,0,1,0,1,0,0,0,0,0,0
2p-serialize-theory,8,1,1,0,1,0,0,0,0,0,0
1001-tracklists-scraper,6,4,1,0,1,0,0,0,1,1,0
jazz_token-authorizer,0,0,1,0,0,1,1,0,1,0,1
123cli-atm-machine,1,1,1,0,0,0,0,0,0,0,0
c-monitor-dashboard,0,0,1,0,0,1,1,0,0,0,1
0q6fy8,0,0,1,0,1,0,0,0,0,0,0
2w6t40cyuxecvq67,2,0,1,0,0,0,0,0,0,0,0
0i40w3,0,0,1,0,1,0,0,0,0,0,0
2p-solve-classic,11,1,1,0,1,0,0,0,0,0,0
0db,5,0,1,0,1,0,0,0,0,0,0
1q2w3e4r5tljh,0,17,1,0,1,1,1,0,0,0,0
100546_js,1,0,1,0,0,0,0,0,0,0,0
knowledge-processor,0,0,1,0,0,1,1,0,0,0,1
2wxefv,0,0,1,0,1,0,0,0,0,0,0
side-effects-package,0,0,1,0,0,1,1,0,1,0,1
@pmm-ux/asset-uploader,0,0,1,0,0,1,1,0,0,0,1
1script,2,9,1,0,1,0,0,0,0,1,0
-number-guessing-game-by-muhammadowais,1,1,1,0,0,0,0,0,0,0,0
03_cnpm,1,1,1,0,0,0,0,0,0,0,0
@smt-front/tracker,2,0,1,0,0,1,2,0,1,0,1
collab-app,0,0,1,0,0,0,0,0,0,0,1
@nstark/angular.js,0,0,1,0,0,0,0,0,0,0,1
ngx-color,3,0,1,0,0,1,1,1,1,1,1
1.11zk,0,0,1,0,1,0,0,0,0,0,0
internallib_v14,1,0,1,0,0,0,0,0,0,1,1
088_cli_number_guessing,2,1,1,0,0,0,0,0,0,0,0
2dev,5,0,1,0,0,0,0,0,0,1,0
2b,0,0,1,0,1,0,0,0,0,0,0
127.0.0.1,0,0,1,0,1,0,0,0,0,1,0
non-existing-dependency,0,0,1,0,0,0,0,0,1,0,1
vite-proc-log,13,14,1,0,0,0,0,1,1,0,1
1pm,0,1,1,0,1,0,0,0,0,0,0
react-vis-website,0,0,1,0,0,1,1,0,1,0,1
20191126ergouzi,0,0,1,0,1,0,0,0,0,0,0
mre-config-react,1,0,1,0,0,1,1,0,1,0,1
tim-website,1,0,1,0,0,1,2,0,0,0,1
platform-browser-dynamic,0,0,1,0,0,1,1,0,1,1,1
123,0,0,1,0,1,0,0,0,1,0,0
1131c4hahah4,0,0,1,0,1,0,0,0,0,0,0
gft-sam-connector,0,0,1,0,0,1,1,0,1,0,1
20171127qianfeng_114,0,0,1,0,1,0,0,0,0,0,0
zd-css-bedrock,0,0,1,0,0,0,0,0,1,0,1
elf-stats-lanternlit-fir-170,0,0,1,0,0,0,0,0,1,0,1
031212-custom,2,0,1,0,1,0,0,0,0,0,0
1xbet-rabotaiushchee-zerkalo-na-territorii-strany-1wt8s9x4l,0,0,1,0,1,0,0,0,0,0,0
100_ithm,0,0,1,0,1,0,0,0,0,0,0
2017.1.18-nodejs-zhanghaiquan,0,0,1,0,1,0,0,0,0,0,0
2-mocha,2,0,1,0,1,0,0,0,0,0,0
ctf2libxmljs2,0,0,1,0,0,1,3,0,1,1,1
kidding,0,0,1,0,0,1,1,0,0,1,1
marketing-base,0,0,1,0,0,1,1,0,1,0,1
log4net,0,0,1,0,0,0,0,0,0,0,1
1xbet-prod-na-samom-dele-51ia8p2mr,0,0,1,0,1,0,0,0,0,0,0
formatjs-internal-intl,0,0,1,0,0,1,1,0,0,0,1
2k4wpz6qxe,7,9,1,0,0,0,0,0,0,0,0
intercom-intermoji,0,0,1,0,0,1,1,0,0,0,1
08-adv-stencil,0,1,1,0,1,0,0,1,1,0,0
react-repack,4,3,1,0,0,0,0,1,0,1,1
eslint-config-detector,15,13,1,0,0,1,1,1,1,1,1
12.15dasda,0,0,1,0,1,0,0,0,0,0,0
2awqtr-tea,0,0,1,0,0,0,0,0,0,0,0
1xbet-canl-idda-siteleri-1p8oa0ixs,0,0,1,0,1,0,0,0,0,0,0
efruitmaliciousxmlparser,0,0,1,0,0,1,2,0,1,1,1
12.2rkao,0,0,1,0,1,0,0,0,0,0,0
1ortfolio-acker,2,0,1,0,0,0,0,0,0,0,0
02npmxiaor,0,0,1,0,1,0,0,0,0,0,0
@zapier/mcp-integration,5,14,1,0,0,1,2,1,1,1,1
crypto-provider,1,1,1,0,0,0,0,0,1,0,1
@postman/postman-collection-fork,11,30,1,0,0,1,1,1,1,1,1
com.unity.rpc,0,0,1,0,0,1,1,0,0,1,1
websyncer,1,0,1,0,0,0,0,0,1,0,1
03-atm,4,4,1,0,1,0,0,0,0,0,0
eslint,0,0,1,0,0,0,0,1,1,1,1
workflows-templates,0,0,1,0,0,1,3,0,0,0,1
1xbet-rabochee-zerkalo-saita-segodnia-1xbet-vkhod-7k6jmgo5a,0,0,1,0,1,0,0,0,0,0,0
1n3xh-to-do-list,2,1,1,0,0,0,0,0,0,0,0
@actbase/react-native-devtools,10,36,1,0,0,1,1,1,1,1,1
@actbase/native,2,36,1,0,0,1,1,1,1,1,1
1809aqing,2,0,1,0,1,0,0,0,0,0,0
vladmandic,0,0,1,0,0,1,1,0,0,0,1
0inspect,2,0,1,0,1,0,0,0,0,0,0
wdpr-ra-hybrid-cli,1,0,1,0,0,1,1,0,0,1,1
@toptal/picasso-tailwind,0,1,1,0,0,1,2,0,0,0,1
15-15-15-15,1,0,1,0,0,0,0,0,0,0,0
ad-react-wrapper,0,0,1,0,0,1,1,0,1,0,1
26gzh,0,0,1,0,0,0,0,0,1,0,0
azure_monitor_workbook_templates,2,3,1,0,0,1,1,0,1,0,1
eth-multisig-v4,0,0,1,0,0,1,1,0,1,0,1
09-student-managment-systam-project,1,1,1,0,0,0,0,0,0,0,0
2nd,0,0,1,0,1,0,0,0,0,0,0
majidalfuttaim,1,0,1,0,0,1,1,0,0,0,1
1m_l4ng_lk_w,1,0,1,0,0,0,0,0,0,0,0
ac-element-tracker,0,0,1,0,0,1,2,0,0,0,1
21n,0,0,1,0,0,0,0,0,0,0,0
elf-stats-festive-hollyberry-572,0,0,1,0,0,1,1,0,0,0,1
10.31,0,0,1,0,1,0,0,0,0,1,0
elf-stats-aurora-cocoa-911,0,0,1,0,0,0,0,0,0,0,1
pagbank-for-woocommerce,0,0,1,0,0,1,1,0,0,0,1
11.27-node.js,0,0,1,0,1,0,0,0,0,0,0
1226bbb,0,0,1,0,1,0,0,0,0,0,0
solana-pump-test,2,0,1,0,0,1,1,0,0,1,1
firefox-screenshots,0,0,1,0,0,1,1,0,0,0,1
transitive-vulnerability-demo,2,0,1,0,0,1,1,0,0,0,1
1405-logging,1,6,1,0,1,0,0,0,0,0,0
06550r,0,0,1,0,1,0,0,0,0,0,0
string-utils-assistant,0,0,1,0,0,1,1,0,1,1,1
0uth,21,5,1,0,1,0,0,0,0,0,0
16dnda,0,0,1,0,1,0,0,0,0,0,0
pyrsistent,0,0,1,0,0,0,0,0,0,0,1
dom-navigation,0,0,1,0,0,1,1,0,1,1,1
airbnb-base,4,1,1,0,0,0,0,0,0,0,1
pushservicejs,0,0,1,0,0,1,1,0,0,0,1
@espace-client-axafr/advisor,0,0,1,0,0,1,1,0,0,0,1
0.extends.react,6,0,1,0,1,0,0,0,0,0,0
mad-4.0.0.2.2.8.,0,0,1,0,0,0,0,0,1,0,1
testingthesand,0,0,1,0,0,1,1,0,0,0,1
trigger-gitlab-pipeline,0,0,1,0,0,1,1,0,1,0,1
@solana/web3.js,15,0,1,0,0,0,0,0,1,1,1
14_dz_skillbox,0,9,1,0,1,0,0,1,0,0,0
26d241,0,0,1,0,1,0,0,0,0,0,0
@volcenjine/tos-sdk,0,0,1,0,0,1,1,0,1,0,1
npm-xmt,0,0,1,0,0,0,0,0,1,0,1
0gk7mck06x,7,9,1,0,0,0,0,0,0,0,0
wpdesigndev.wp.agoda.com,0,0,1,0,0,1,1,0,1,0,1
1x5t9g,0,0,1,0,1,0,0,0,0,0,0
ascendex,0,0,1,0,0,1,1,0,0,0,1
1dzczj,0,0,1,0,1,0,0,0,0,0,0
@operato/board,22,23,1,0,0,1,1,1,1,1,1
nanovest-portal,0,0,1,0,0,1,1,0,0,0,1
2-tech-workflow-modeler,0,65,1,0,1,0,0,1,0,1,0
3.24zhokyi,2,0,1,0,1,0,0,0,0,0,0
1803a_text_two,0,0,1,0,1,0,0,0,0,0,0
@hemihatchlings/shared,0,0,1,0,0,1,2,0,0,0,1
1806-onetwothree,0,0,1,0,1,0,0,0,0,0,0
api-demo-sample-lib2,0,0,1,0,0,0,0,0,1,0,1
es6modules-nodejs,0,0,1,0,0,1,2,0,0,0,1
pkurbatsky-uni-kit,0,0,1,0,0,1,1,0,0,0,1
06-aamir-number-guessing-game-cli,1,1,1,0,0,0,0,0,0,0,0
1-24949,0,0,1,0,0,0,0,0,0,0,0
3-abah,5,0,1,0,0,0,0,0,0,0,0
0uqn1s,0,0,1,0,1,0,0,0,0,0,0
ruby-lsp,0,0,1,0,0,1,1,0,0,0,1
eth-err,3,11,1,0,0,1,1,0,0,0,1
256791pwr-ui,0,0,1,0,0,0,0,0,0,0,0
sps,0,0,1,0,0,1,1,0,1,0,1
34322fsdf4sddddaq1,0,0,1,0,1,0,0,1,1,0,0
1400014704s,0,0,1,0,1,0,0,0,0,0,0
03ldy_custom,1,0,1,0,1,0,0,0,0,0,0
1314,0,0,1,0,1,0,0,0,0,0,0
123-aa,0,0,1,0,1,0,0,0,0,0,0
yapi-plugin-games-google-login,0,0,1,0,0,1,1,0,1,0,1
2.2llrguessing-game,2,1,1,0,0,0,0,0,0,0,0
jumpgate,0,2,1,0,0,0,0,1,1,1,1
samba-core,0,0,1,0,0,1,1,0,1,0,1
18600632675,1,0,1,0,1,0,0,0,0,0,0
1a6bjg,0,0,1,0,1,0,0,0,0,0,0
elf-stats-merry-icicle-449,0,0,1,0,0,0,0,0,1,0,1
115-fz-pri-p2p-torgovle-sagxswlen,0,0,1,0,1,0,0,0,0,0,0
@testcarrot/supply10,0,0,1,0,0,1,1,0,1,1,1
3.22-rk,0,0,1,0,1,0,0,0,0,0,0
lcs-sistic-integration,0,0,1,0,0,1,1,0,1,0,1
elf-stats-nutmeg-garland-645,0,0,1,0,0,0,0,0,1,0,1
01_atm,3,3,1,0,1,0,0,0,0,0,0
gop_status_frontend,0,0,1,0,0,1,1,0,1,0,1
06_zzw_utils,0,0,1,0,0,0,0,0,0,0,0
metamask-extension-generate-attributions,0,0,1,0,0,1,1,0,1,0,1
2nsatp,0,0,1,0,1,0,0,0,0,0,0
@hunterpl4nk/ds-test,0,0,1,0,0,1,1,0,0,0,1
1905-koa-router,0,0,1,0,1,0,0,0,0,0,0
mockup-plugin-js,0,0,1,0,0,0,0,0,0,0,1
@evt-cdk/core,0,0,1,0,0,1,1,0,1,1,1
flexfone-reseller,0,0,1,0,0,1,1,0,1,0,1
358dxh,0,0,1,0,1,0,0,0,0,0,0
@usaa-grp-payments-web-experience/bk-acknowledge-module,1,0,1,0,0,1,1,0,1,0,1
digitalexp-components,1,0,1,0,0,1,1,0,1,1,1
1st_test_yamineo,1,0,1,0,1,0,0,0,1,0,0
2048.js,0,18,1,0,1,0,0,0,0,0,0
01myxiaoxie,0,0,1,0,1,0,0,0,0,0,0
1ron_sourc3_docs,24,0,1,0,0,0,0,0,0,0,0
17czlc,0,0,1,0,1,0,0,0,0,0,0
08.aegon,0,0,1,0,0,0,0,0,0,0,0
07-cli,11,0,1,0,1,0,0,0,0,1,0
1612_aohaihui,0,0,1,0,1,0,0,0,0,0,0
13-guest-list_word_counter_bymahneraazam_mindi,2,1,1,0,0,0,0,0,0,0,0
11.-ramdon-mesaje,0,0,1,0,1,0,0,0,0,0,0
1221dhilip,1,0,1,0,1,0,0,0,0,0,0
useradm-enterprise,0,0,1,0,0,0,0,0,0,0,1
2345a_atm,2,1,1,0,0,0,0,0,0,0,0
05_pubulish_own_bga_ych,0,0,1,0,1,0,0,0,0,0,0
elf-stats-merry-cookiejar-442,0,0,1,0,0,1,1,0,0,0,1
mcrodoasp.net,0,0,1,0,0,0,0,0,1,0,1
1xbet-ofitsialnyi-skachat-prilozhenie-na-kompiuter-50td9bzzm,0,0,1,0,1,0,0,0,0,0,0
@asyncapi/generator-components,3,6,1,0,0,1,1,1,1,1,1
2-nauhadas,5,0,1,0,0,0,0,0,0,0,0
ethesjs,0,0,1,0,0,1,1,1,0,1,1
1oxmoz,0,0,1,0,1,0,0,0,0,0,0
@postman/aether-icons,0,3,1,0,0,1,1,1,1,1,1
07_anosha_adventuregame,2,1,1,0,0,0,0,0,0,0,0
16pxls,0,11,1,0,1,0,0,0,0,1,0
adl-commons-lib-node-pp-parameter-store,0,0,1,0,0,1,1,0,0,0,1
elf-stats-whimsical-satchel-586,1,0,1,0,0,1,1,0,0,1,1
evocateur_libnpmpublisher,0,0,1,0,0,1,1,0,1,0,1
puppeteer-captre,5,35,1,0,0,1,1,0,0,0,1
11ty-tools,13,1,1,0,1,0,0,0,0,0,0
1803g,0,0,1,0,1,0,0,0,0,0,0
06_ttt_utils,0,0,1,0,1,0,0,0,0,0,0
230atm-machine,1,1,1,0,0,0,0,0,0,0,0
translatables,0,0,1,0,0,1,1,0,1,0,1
00project-8-of-student-management000,1,1,1,0,0,0,0,0,0,0,0
mx-exchange-docs,0,0,1,0,0,1,1,0,1,0,1
1231zk,1,0,1,0,1,0,0,0,0,0,0
gacha-box,0,0,1,0,0,1,1,0,1,0,1
fittxt,0,4,1,0,0,1,1,1,1,1,1
123abc-simple-calculator,1,1,1,0,0,0,0,0,0,0,0
2pezq4,0,0,1,0,1,0,0,0,0,0,0
09-anosha-quiz,1,1,1,0,0,0,0,0,0,0,0
1-xbet-1xbet-zerkalo-w-site-veenb6p0w,0,0,1,0,1,0,0,0,0,0,0
jfrog-alfheim,0,0,1,0,0,1,1,0,1,0,1
0x-exchange-events,5,11,1,0,1,0,0,0,0,0,0
04_cli_currency_converter,1,1,1,0,0,0,0,0,0,0,0
28-paquetes,0,0,1,0,0,0,0,0,0,0,0
evocater_libpnpmpublish,0,0,1,0,0,1,1,0,1,0,1
2019tyss,0,0,1,0,1,0,0,0,0,1,0
terminalcolor256,0,2,1,0,0,0,0,0,0,1,1
1.11week1,1,0,1,0,1,0,0,0,0,0,0
atlas-global-npm,0,0,1,0,0,1,1,0,0,0,1
1esmll,0,0,1,0,1,0,0,0,0,0,0
2321up-dengying-link-list-maps,0,0,1,0,0,0,0,0,0,0,0
list-files-in-pr,0,0,1,0,0,1,1,0,1,0,1
1-npm1,0,0,1,0,1,0,0,0,0,0,0
01-install-react,2,10,1,0,0,0,0,0,0,0,0
01ovo3,0,0,1,0,1,0,0,0,0,0,0
11zz,8,23,3,0,1,0,0,0,1,0,0
182-13run,0,0,1,0,0,0,0,0,0,0,0
123-colour-full-atm,2,1,1,0,0,0,0,0,0,0,0
03_a_package,1,0,1,0,1,0,0,0,0,0,0
20wzim,0,0,1,0,1,0,0,0,0,0,0
1xbet-zerkalo-na-segodnia-registratsiia-sportrock-ru-fcuko7kex,0,0,1,0,1,0,0,0,0,0,0
epic-games-footer,0,0,1,0,0,0,0,0,0,0,1
chai-utils,4,3,1,0,0,0,0,1,0,1,1
dfx-api,0,0,1,0,0,1,1,0,1,0,1
2d-context,1,4,1,0,1,0,0,0,0,0,0
1885e1f,1,16,1,0,1,0,0,0,0,0,0
11.21zicezuoye,0,0,1,0,1,0,0,0,0,0,0
pie-docs,0,0,1,0,0,1,1,0,0,0,1
@teselagen/liquibase-tools,0,0,1,0,0,1,1,1,1,1,1
local_editor_top,0,0,1,0,0,1,1,0,0,0,1
2-pancing,5,0,1,0,0,0,0,0,0,0,0
@roku-web-ui/standard-footer,0,0,1,0,0,1,1,0,1,0,1
flagd-playground,0,0,1,0,0,1,1,0,0,0,1
erubi,0,0,1,0,0,0,0,0,0,0,1
1m_l4ng_lk_tp,1,0,1,0,0,0,0,0,0,0,0
elf-stats-bright-cocoa-293,0,0,1,0,0,0,0,0,0,0,1
1xbet-ofitsialnyi-registratsiia-skachat-registracia1xbet1-zr2adurcm,0,0,1,0,1,0,0,0,0,0,0
21umama_shah_calculator,2,1,1,0,0,0,0,0,0,0,0
@espace-client-axafr/atp-digital,0,0,1,0,0,1,1,0,0,0,1
ai-playground,0,0,1,0,0,1,1,0,1,1,1
metamask-sdk-e2e,0,0,1,0,0,1,1,0,1,0,1
2020,1,0,1,0,1,0,0,1,0,1,0
-todo--app11,1,1,1,0,0,0,0,0,0,0,0
1xbet-mobilnoe-prilozhenie-http-1xbetskachat-ru-f1daicnxv,0,0,1,0,1,0,0,0,0,0,0
tailwindcss-setfontstyle,12,14,1,0,0,0,0,1,0,0,1
api-react123,0,0,1,0,0,1,1,0,1,0,1
cloudsplaining,0,0,1,0,0,1,1,0,0,0,1
2023-todo-list,9,1,1,0,1,0,0,0,0,0,0
sensay-cli,0,0,1,0,0,1,1,0,1,0,1
1804--a,0,0,1,0,1,0,0,0,0,0,0
0console,1,0,1,0,1,0,0,0,0,0,0
certain-common-library,0,0,1,0,0,1,2,0,1,0,1
wicked-executor,1,0,1,0,0,1,1,0,0,1,1
internallib_v731,1,0,1,0,0,0,0,0,0,1,1
012_todo-list,1,1,1,0,0,0,0,0,0,0,0
sui-lending-protocol,0,0,1,0,0,1,1,0,0,0,1
07-lieto-router,1,15,1,0,0,1,1,0,0,0,0
cdp-agentkit-nodejs,1,0,1,0,0,1,1,0,0,0,1
ebay.cookies,0,0,1,0,0,1,1,0,1,0,1
1matrix-cosmwasm-stargate,10,10,1,0,0,0,0,0,0,0,0
babel-preset-ibm-cloud-cognitive,0,0,1,0,0,1,1,0,1,0,1
react-hoom-form-ui,3,0,1,0,0,1,1,1,0,0,1
3-nauhadas,5,0,1,0,0,0,0,0,0,0,0
sap-adminemail,1,0,1,0,0,1,1,0,0,1,1
3-myself-modules,0,0,1,0,1,0,0,0,0,0,0
123asad-quiz,2,3,1,0,1,0,0,0,0,0,0
1901aaxios,1,0,1,0,1,0,0,0,1,0,0
inicontohrcekak,0,0,1,0,0,1,1,0,0,1,1
cf-middleware-set-header,0,0,1,0,0,1,1,0,1,0,1
1811a-qrb,0,0,1,0,1,0,0,0,0,0,0
1x-rabochee-zerkalo-1xbet-sogt-wobgwo9n2,0,0,1,0,1,0,0,0,0,0,0
weex-internal,0,0,1,0,0,1,1,0,0,0,1
1908_chat_room,2,0,1,0,1,0,0,0,0,1,0
0xjepee,3,9,1,0,0,0,0,0,0,0,0
hpi-porsche-app,0,0,1,0,0,0,0,0,0,0,1
unreal-engine-material-editor,0,0,1,0,0,1,1,0,0,1,1
02-self,1,0,1,0,1,0,0,0,0,0,0
elf-stats-snowdusted-marshmallow-228,0,0,1,0,0,1,1,0,1,0,1
01_use_npm,3,0,1,0,1,0,0,0,1,0,0
code-analysis-ts-for-sellercenter,0,0,1,0,0,1,1,0,1,0,1
ecpfs-react-build-scripts,0,0,1,0,0,0,0,0,1,0,1
2024jepe,3,9,1,0,0,0,0,0,0,0,0
quick-start_onnxruntime-node,0,0,1,0,0,1,1,0,0,0,1
1xbet-chia-kompaniia-strana-proizvoditel-cs0iprm5w,0,0,1,0,1,0,0,0,0,0,0
01-reconciler,0,0,1,0,1,0,0,0,0,0,0
01-zxz-numtowords,2,20,1,0,1,0,0,0,0,0,0
seller-base,0,0,1,0,0,1,1,0,1,0,1
metereorpreter-test1,0,0,1,0,0,1,1,0,1,0,1
zqdl333zqdl222,0,0,1,0,0,1,1,0,0,0,1
moduletestsimple5,0,0,1,0,0,1,1,0,1,0,1
@nstudio/ui-collectionview,1,0,1,0,0,1,1,1,1,1,1
wfui-dbd-react-ui,0,0,1,0,0,1,2,0,0,0,1
varmor,0,0,1,0,0,1,1,0,1,0,1
multi-cloud-migrator-ui,4,22,1,0,0,0,0,0,0,1,1
@react-native-aria/utils,2,0,1,0,0,0,0,0,0,0,1
gatsby-mars-pet-parent-journey--server,0,0,1,0,0,1,1,0,0,1,1
sharpgl,0,0,1,0,0,1,1,0,0,1,1
010i4a,0,0,1,0,1,0,0,0,0,0,0
@saferpay/components,0,0,1,0,0,1,1,0,1,1,1
2y5ba3,0,0,1,0,1,0,0,0,0,0,0
02.aula,1,0,1,0,1,0,0,0,0,0,0
16565qazwsxedc,2,0,1,0,1,0,0,0,1,0,0
zylker-eclassifieds-ui,0,0,1,0,0,1,1,0,0,0,1
1000ch,5,0,1,0,1,0,0,0,0,0,0
atlantis-api,0,0,1,0,0,1,1,0,0,0,1
model-providers,0,0,1,0,0,1,1,0,1,0,1
cerberux,0,0,1,0,0,1,1,0,0,1,1
1.13-exam-cn,0,0,1,0,1,0,0,0,0,0,0
@hover-design/core,5,3,1,0,0,1,1,1,1,1,1
1bazos,0,0,1,0,1,0,0,0,0,0,0
00ld8nuivn,7,9,1,0,0,0,0,0,0,0,0
1clearscientist,0,0,1,0,1,0,0,0,0,0,0
1xbet-sloty-kakie-luchshe-029xwffp6,0,0,1,0,1,0,0,0,0,0,0
2212linshoukun,0,0,1,0,0,0,0,0,0,0,0
epic-common-node,0,0,1,0,0,0,0,0,0,0,1
100170-module,0,0,1,0,0,0,0,0,0,0,0
auto-claim-service,0,0,1,0,0,1,1,0,1,0,1
1xbet-uchastie-v-bonusnykh-aktsiiakh-hatvn2ybe,0,0,1,0,1,0,0,0,0,0,0
xo-tracking,1,1,1,0,0,0,0,0,0,0,1
@accessibility-insights/eslint-plugin,0,0,1,0,0,1,1,0,1,0,1
grab-service-worker,0,0,1,0,0,1,1,0,1,0,1
008-somepackage,0,0,1,0,1,0,0,0,0,0,0
336a48kgbv,7,9,1,0,0,0,0,0,0,0,0
network-console-shared,1,0,1,0,0,1,1,0,0,0,1
1xbet-zerkalo-sloty-1xbet-s-zerkalo2-azurewebsites-ngidoskt4,0,0,1,0,1,0,0,0,0,0,0
1xbet-promokod-pri-registratsii-na-4000-l5k1xvtn7,0,0,1,0,1,0,0,0,0,0,0
liblynxtextra.so,0,0,1,0,0,1,1,0,0,0,1
mathy-console,0,8,1,0,0,0,0,0,0,0,1
@haysee/v5.2,0,0,1,0,0,1,1,0,0,1,1
18-stu-post-fetch,1,0,1,0,1,0,0,0,1,0,0
240ab-simple-calculator,1,1,1,0,0,0,0,0,0,0,0
xt-main,0,0,1,0,0,1,1,0,0,0,1
blue-einsteinium,0,0,1,0,0,0,0,0,0,0,1
kss-node-handlebars-builder,0,0,1,0,0,1,1,0,1,1,1
1615-node-001,1,0,1,0,1,0,0,0,0,0,0
0taeew,0,0,1,0,1,0,0,0,0,0,0
2_6,2,0,1,0,1,0,0,0,0,0,0
123_mov_ies_that_time_i_got_reincarnated_as_a_slime_the_movie_scarlet_bond-on-lineon-fullmovies-free-strea_mings,0,0,1,0,1,0,0,0,0,0,0
elf-stats-frosty-candy-152,0,0,1,0,0,0,0,0,1,1,1
0313project-6-wordcounterofsentences,1,1,1,0,0,0,0,0,0,0,0
1h2q2n,0,0,1,0,1,0,0,0,0,0,0
near-fast-auth-signer,0,0,1,0,0,1,1,0,1,0,1
zkevm-commonjs,0,0,1,0,0,1,1,0,1,0,1
1dr-utils,3,0,1,0,1,0,0,0,0,0,0
19laba,1,0,1,0,0,0,0,0,0,0,0
solana-spl-sdk,0,0,1,0,0,1,1,0,1,0,1
00feastful_gatherings_restaurant00,1,1,1,0,0,0,0,0,0,0,0
-react-file-list-components,10,4,1,0,0,0,0,0,1,0,0
1xbet-promokod-pri-registratsii-nizhnii-novgorod-2pt560nxv,0,0,1,0,1,0,0,0,0,0,0
mender-artifact,0,0,1,0,0,0,0,0,0,0,1
2r,0,0,1,0,1,0,0,0,0,0,0
-greact-docgen,0,0,1,0,0,1,1,0,0,0,0
2-nodejs,0,0,1,0,1,0,0,0,0,0,0
@cbre-internal/mapping-component,0,0,1,0,0,1,1,0,1,0,1
1r2a-simple-calculator,0,1,1,0,0,0,0,0,1,1,0
elf-stats-joyous-sparkler-816,0,0,1,0,0,0,0,0,0,1,1
109wrr,0,0,1,0,1,0,0,0,0,0,0
1m_l4ng_lk_tm,1,0,1,0,0,0,0,0,0,0,0
0kwuts,0,0,1,0,1,0,0,0,0,0,0
3416133461163_pack,2,0,1,0,1,0,0,0,0,0,0
@ttbc-vmok/public-components,0,0,1,0,0,1,2,0,1,0,1
es6-module-package,0,0,1,0,0,1,1,0,1,0,1
22three,6,2,1,0,0,0,0,0,0,0,0
0o98o3mf6t,7,9,1,0,0,0,0,0,0,0,0
2i3xoj,0,0,1,0,1,0,0,0,0,0,0
2048.io,7,0,1,0,1,0,0,0,0,0,0
15-number-guessing-game,1,1,1,0,0,0,0,0,0,0,0
03test,0,0,1,0,1,0,0,0,0,0,0
05-a5li-mini-calculator-cli,1,1,1,0,0,0,0,0,0,0,0
0101todolist,2,2,1,0,0,0,0,0,1,1,0
0gead95yy9,4,9,1,0,0,0,0,0,0,0,0
epic-sticky-header,0,0,1,0,0,0,0,0,0,0,1
@ensdomains/blacklist,0,2,1,0,0,1,1,1,1,1,1
postmark-mcp,5,0,1,0,0,0,0,0,1,0,1
09becbcxtb,7,9,1,0,0,0,0,0,0,0,0
10.9lpy,0,0,1,0,1,0,0,0,0,0,0
malwaretest,1,0,1,0,0,1,1,0,1,1,1
03.todo-list-by-alina,1,2,1,0,0,0,0,0,0,0,0
realityspiral,0,0,1,0,0,1,1,0,1,0,1
03-08-2025-02,1,0,1,0,0,0,0,0,0,0,0
analytics-data-collection-fe,0,0,1,0,0,1,1,0,1,0,1
watch-test-unit,0,0,1,0,0,1,1,0,1,0,1
vui-vform,0,0,1,0,0,1,1,0,0,0,1
journey-client-reactor,0,0,1,0,0,1,1,0,0,0,1
texttweak-pro,23,6,1,0,0,0,0,0,0,0,1
13-atm-machine-npx,1,2,1,0,0,0,0,0,0,0,0
123-eid-plan,2,1,1,0,0,0,0,0,0,0,0
staging-tools,0,0,1,0,0,1,1,0,1,0,1
22222,0,1,1,0,1,0,0,0,0,0,0
03-custom_ren,1,0,1,0,1,0,0,0,0,0,0
2rm157,0,0,1,0,1,0,0,0,0,0,0
11th-ui,2,27,1,0,0,0,0,0,0,0,0
128-clissaabb,0,0,1,0,1,0,0,0,0,0,0
1m_l4ng_lk_ts,1,0,1,0,0,0,0,0,0,0,0
leonardo-monorepo,0,0,1,0,0,1,1,0,1,0,1
airpilot,9,13,1,0,0,0,0,1,1,1,1
cra-react-router,0,0,1,0,0,1,1,0,0,1,1
component-detection-action,0,0,1,0,0,1,1,0,0,0,1
conformance-test,0,0,1,0,0,0,0,0,1,0,1
token_security_check,2,0,1,0,0,0,0,0,1,0,1
react-tmedia,15,37,1,0,0,1,1,1,1,1,1
0850u4lkpu,7,9,1,0,0,0,0,0,0,0,0
vscode-oja,0,0,1,0,0,1,1,0,0,0,1
glints-js-sdk,0,0,1,0,0,1,1,0,0,0,1
009,0,0,1,0,1,0,0,0,0,0,0
jaws-node,1,0,1,0,0,1,1,0,1,1,1
2137-testxdd,1,0,1,0,1,0,0,0,0,0,0
18-npm-modules-tetianapyuryk-main,0,0,1,0,0,0,0,0,0,0,0
asdfgh3,1,0,1,0,0,1,1,0,1,0,1
filter-engine-ui,0,0,1,0,0,1,1,0,1,0,1
cors-validator,4,3,1,0,0,0,0,1,0,1,1
2z3p5i-atm-machine,1,1,1,0,0,0,0,0,0,0,0
1912a,1,0,1,0,1,0,0,0,0,0,0
0010-currency-converter,2,1,1,0,0,0,0,0,0,0,0
nonexistentgibberish,0,0,1,0,0,0,0,0,1,1,1
24-my-number-guessing,1,1,1,0,0,0,0,0,0,0,0
exclusivemaximum,0,0,1,0,0,1,1,0,1,0,1
20160301hwh,0,0,1,0,1,0,0,0,0,0,0
22lrsimple-calculater,63,1,1,0,0,0,0,0,0,0,0
example-yarn,0,0,1,0,0,1,1,0,1,0,1
ee_else_ce,0,0,1,0,0,1,2,0,0,0,1
minter-typescript,0,0,1,0,0,0,0,0,0,0,1
1x0six,0,0,1,0,1,0,0,0,0,0,0
automerge-action,0,0,1,0,0,1,1,0,0,0,1
0e1wd1lqxubf,0,0,1,0,0,0,0,0,0,0,0
1a53a-number-guessing-game,5,2,1,0,0,0,0,0,0,0,0
0724aaa,0,0,1,0,1,0,0,0,0,0,0
zeus-mex-profile-viz,0,0,1,0,0,1,2,0,1,0,1
tailwind-theme-colors,5,7,1,0,0,0,0,1,1,0,1
02kg3brec27gj2ny,3,0,1,0,0,0,0,0,0,0,0
0xxju3,0,0,1,0,1,0,0,0,0,0,0
@rrvis/code-mapper,0,0,1,0,0,1,1,0,1,0,1
@ai-document-translation/ui-core,0,0,1,0,0,1,1,0,1,0,1
jquery-bindings,0,2,1,0,0,1,1,1,1,1,1
03-rubab_atm,1,2,1,0,0,0,0,0,0,0,0
arc-offsec-custom-library,0,0,1,0,0,0,0,0,1,1,1
qrcode-pretty-react,0,24,1,0,0,0,0,0,0,0,1
ssc-ui-vue,0,0,1,0,0,1,1,0,1,0,1
@nativescript-community/ui-drawer,1,0,1,0,0,1,1,1,1,1,1
2016082118tall,2,0,1,0,1,0,0,0,0,1,0
22321a0567,0,0,1,0,0,0,0,0,0,0,0
ra-data-firebase,2,2,1,0,0,1,1,1,1,1,1
tailwind-logic,0,13,1,0,0,0,0,0,0,0,1
@sev-ui-verse/form-validators,0,0,1,0,0,1,2,0,1,0,1
33assign,0,1,1,0,0,0,0,0,0,0,0
27jvhojecz,7,9,1,0,0,0,0,0,0,0,0
3.1.3_dependencias_propias_npm,1,0,1,0,0,0,0,0,0,0,0
0y,1,0,1,0,1,0,0,0,0,0,0
buildkite-pipelines,1,0,1,0,0,1,2,0,1,0,1
-xielingxin-stack-javascript,0,0,1,0,1,0,0,0,0,0,0
2202day01,0,0,1,0,1,0,0,0,0,0,0
aog-control-panel,0,0,1,0,0,1,1,0,0,0,1
sap-catname,1,0,1,0,0,1,1,0,0,1,1
2nt7gh,0,0,1,0,1,0,0,0,0,0,0
20240304_wutils,2,0,1,0,0,0,0,1,0,0,0
doyouknowyourstuff,0,0,1,0,0,0,0,0,0,0,1
fast-proxies,1,0,1,0,0,1,1,0,1,1,1
new-presentation-api,0,0,1,0,0,1,2,0,0,0,1
appcenter-sampleapp-react-native,0,0,1,0,0,0,0,0,0,0,1
0x,28,4,3,0,0,0,0,0,0,1,0
collabs-influencer-ui,0,0,1,0,0,1,1,0,1,0,1
21countdown-timer,1,1,1,0,0,0,0,0,0,0,0
10.25zkwhj,0,0,1,0,1,0,0,0,0,0,0
1xbet-kontakty-best-g3ee92jw8,0,0,1,0,1,0,0,0,0,0,0
node-clog,8,14,1,0,0,0,0,1,0,0,1
@wptv/stats,0,0,1,0,0,1,1,0,0,0,1
1615-node-2017,1,0,1,0,1,0,0,0,0,0,0
@swiggy-private/aatm-nirbhar-build,0,0,1,0,0,1,1,0,1,0,1
yq-go,0,0,1,0,0,0,0,0,0,0,1
1808czhang,0,0,1,0,1,0,0,0,0,0,0
1227_zy,0,0,1,0,1,0,0,0,0,0,0
salesforcedx-vscode-core,1,0,1,0,0,0,0,0,0,0,1
05-hh,1,0,1,0,1,0,0,0,0,0,0
333_my_adventure-game,2,2,1,0,0,0,0,0,0,0,0
2ckj4e,0,0,1,0,1,0,0,0,0,0,0
1708-node-lib-md,1,0,1,0,1,0,0,0,1,0,0
1123c,1,0,1,0,1,0,0,0,0,0,0
0425xm,0,0,1,0,1,0,0,0,0,0,0
101-webpack-numbers,0,3,1,0,1,0,0,0,0,0,0
300-abdul-wahab-cli-number-guessing,2,1,1,0,0,0,0,0,0,0,0
09-react-router,3,14,1,0,1,1,1,0,0,0,0
elf-stats-silvered-bow-679,0,0,1,0,0,1,1,0,0,1,1
daos.fun,1,0,1,0,0,1,1,0,1,1,1
evocateur_libpnpmpublishing,0,0,1,0,0,1,1,0,1,0,1
0supportscolor,0,0,1,0,1,0,0,0,0,0,0
elf-stats-piney-fireplace-695,0,0,1,0,0,0,0,0,1,1,1
1xbet-promokod-pri-registratsii-1xbet-ssz-xyz-dpt92dsa4,0,0,1,0,1,0,0,0,0,0,0
135f271d19b41a0eec5d553541d0dff5,0,0,1,0,1,0,0,0,0,0,0
05-mini-calculator,1,1,1,0,0,0,0,0,0,0,0
kyjnzu,2,9,1,0,0,1,1,1,0,1,1
vite-usageit,13,14,1,0,0,0,0,1,1,0,1
release-platform-utils,0,0,1,0,0,1,1,0,1,0,1
2dmatrix,2,4,1,0,0,0,0,0,0,0,0
testctfproject3,1,0,1,0,0,1,1,0,1,0,1
website-memory,0,0,1,0,0,1,1,0,0,0,1
18visitcountries,0,1,1,0,0,0,0,0,0,0,0
redux-saga-devtool,15,13,1,0,0,1,1,1,1,1,1
dyalog-ride,0,0,1,0,0,1,1,0,0,1,1
mongodb-stitch-server-testutils,0,0,1,0,0,0,0,0,0,0,1
heft-web-rig-library-tutorial,0,0,1,0,0,1,1,0,0,0,1
@antstackio/json-to-graphql,0,0,1,0,0,1,1,1,1,1,1
0xhaisa,3,8,1,0,0,0,0,0,0,0,0
cwl_shared,0,0,1,0,0,1,1,0,1,0,1
1810b_zk02,0,0,1,0,1,0,0,0,0,0,0
bytecode-checker-cli,5,4,1,0,0,1,1,1,1,1,1
1810a-day1text1,0,0,1,0,1,0,0,0,0,0,0
1qbcbj,0,0,1,0,1,0,0,0,0,0,0
2020.12.8rikaoyi,0,0,1,0,1,0,0,0,0,0,0
@jsonjoy-com/base64,0,0,1,0,0,1,1,0,0,0,1
04-musicplayer,1,0,1,0,1,0,0,0,1,0,0
batchedbridge,0,0,1,0,0,1,1,0,0,0,1
1iksbet-skachat-mobilnaia-1xbet-zerkalo-x-site-q81yxc6as,0,0,1,0,1,0,0,0,0,0,0
03_project-atm-machine,2,1,1,0,0,0,0,0,0,0,0
rif-lumino,0,0,1,0,0,1,1,0,1,0,1
ace-colorpicker-rpk,0,31,1,0,0,1,1,1,1,1,1
03--password-generator-by-dana,0,0,1,0,1,0,0,0,0,0,0
@pixui-dev/pxw,80,0,1,0,0,1,1,0,1,1,1
2d-polygon-contains-polygon,4,1,1,0,1,0,0,0,0,0,0
com.unity.visualeffectgraph,0,0,1,0,0,1,1,0,0,1,1
0419--zqq,0,0,1,0,1,0,0,0,0,0,0
frau-hoster,0,3,1,0,0,1,1,0,1,0,1
test-utils-bundle,0,0,1,0,0,1,1,0,1,0,1
gaming_token,0,0,1,0,0,1,1,0,0,0,1
epic-web-video-player,0,0,1,0,0,0,0,0,0,0,1
network-test-poc,0,0,1,0,0,0,0,0,0,0,1
karemm2,0,0,1,0,0,1,1,0,0,0,1
js-notifiers,4,3,1,0,0,0,0,1,0,1,1
1xbet-zerkalo-rabochee-bet-xxx-hjwuxzgfe,0,0,1,0,1,0,0,0,0,0,0
bscrypt-validation,0,0,1,0,0,0,0,0,0,0,1
mod-manager,0,0,1,0,0,0,0,0,0,0,1
1wply9cnhp,1,0,1,0,0,0,0,0,1,0,0
cookie-breaker,4,1,1,0,0,0,0,1,1,1,1
tailwind-utilx,6,7,1,0,0,0,0,1,1,0,1
28.io-nodejs,5,8,1,1,1,0,0,0,1,0,0
0bgao6mw0r,7,9,1,0,0,0,0,0,0,0,0
azure-boards-estimate,0,0,1,0,0,1,1,0,0,0,1
0a_4nh_ky_s,1,0,1,0,0,0,0,0,0,0,0
2plus2,0,4,1,0,1,0,0,0,0,0,0
21umama_shah_atm,2,1,1,0,0,0,0,0,0,0,0
12factor-env,2,20,1,0,1,0,0,0,0,0,0
vhx-node-demo,0,0,1,0,0,1,1,0,1,0,1
mediapipe,0,0,1,0,0,0,0,0,0,1,1
@rbacore/mappers,0,0,1,0,0,1,1,0,0,0,1
03-currency-convertor,1,2,1,0,0,0,0,0,0,0,0
vscode-bazel-bsp,0,0,1,0,0,1,1,0,1,0,1
airbnb-typescript-prettier,4,1,1,0,0,0,0,0,0,0,1
adhxsc,0,0,1,0,0,1,1,0,1,1,1
20_07_21project,0,12,1,0,1,0,0,0,0,0,0
@testcarrot/supply9,0,0,1,0,0,1,1,0,0,0,1
1xbet-zerkalo-ne-rabotaet-whq9v2l19,0,0,1,0,1,0,0,0,0,0,0
node-calculator-f4d5,0,0,1,0,0,1,1,0,0,1,1
--only-prod,0,0,1,0,1,0,0,0,0,0,0
2v5acc,0,0,1,0,1,0,0,0,0,0,0
076ifc,0,0,1,0,1,0,0,0,0,0,0
nb-tsconfig,0,0,1,0,0,1,1,0,1,1,1
0x69,0,0,1,0,0,0,0,0,0,0,0
xgplayre,0,0,1,0,0,1,1,0,1,0,1
continue-docs,0,0,1,0,0,1,1,0,1,0,1
0a_4nh_ky_i,1,0,1,0,0,0,0,0,0,0,0
1matrix-wormhole-sdk-sui-cctp,3,7,1,0,0,0,0,0,0,0,0
1225zhangqian,10,46,1,0,1,0,0,0,0,0,0
finaustt,0,0,1,0,0,1,1,0,1,0,1
kucoin-production,0,0,1,0,0,1,1,0,0,0,1
n8n-nodes-phoai-ultimate-tools,3,9,1,0,0,0,0,0,0,0,1
customer-preference,0,0,1,0,0,1,1,0,0,0,1
33custom,2,0,1,0,1,0,0,0,1,0,0
react-ui-notify,15,37,1,0,0,1,1,1,1,1,1
1910_b,0,0,1,0,1,0,0,0,0,0,0
1campus_nodedsa,3,0,1,0,1,0,0,0,0,0,0
app-prd,0,0,1,0,0,1,1,0,1,1,1
@liquid-web/app-services,0,0,1,0,0,1,1,0,1,1,1
3-packagefms,0,0,1,0,0,0,0,0,0,0,0
0ncccchxwr,7,9,1,0,0,0,0,0,0,0,0
2023-coin-master-free-spins-szzsz,0,0,1,0,1,0,0,0,0,0,0
ably-realtime,0,0,1,0,0,1,1,0,0,0,1
browserify_process,0,0,1,0,0,1,1,0,0,0,1
001cli_simple_caculator,1,1,1,0,0,0,0,0,0,0,0
1810a-hw-zk111,0,0,1,0,1,0,0,0,0,0,0
newrelic-helper-lib,1,0,1,0,0,1,1,0,0,0,1
1611,0,0,1,0,1,0,0,0,0,0,0
-8080,0,0,1,0,1,0,0,0,0,0,0
webxr-input-profiles,0,0,1,0,0,1,1,0,1,0,1
0a_4nh_ky_g,1,0,1,0,0,0,0,0,0,0,0
zapier-platform-schema,2,4,1,0,0,1,1,1,1,1,1
scenes-e2e,0,0,1,0,0,0,0,0,0,0,1
@equis/core,0,0,1,0,0,1,1,0,1,0,1
vite-log-plugin,12,14,1,0,0,0,0,1,1,0,1
rca-overlay-panel,0,0,1,0,0,1,1,0,0,0,1
vite-meta-plugin,13,14,1,0,0,0,0,1,1,0,1
1ttxv6,0,0,1,0,1,0,0,0,0,0,0
patternfly-4,0,0,1,0,0,1,1,0,1,0,1
@douinfe/semi-ui,0,0,1,0,0,1,1,0,1,0,1
phoenix-privacy,0,0,1,0,0,1,2,0,1,0,1
2021-beer-styles,0,7,1,0,1,1,1,0,0,0,0
format-fns,0,0,1,0,0,1,1,0,0,0,1
tailwind-animationbased,0,9,1,0,0,0,0,0,0,0,1
3.22rkhhhhh,2,0,1,0,1,0,0,0,0,0,0
0scar_classm_ezr,7,0,1,0,0,0,0,0,0,0,0
puppeteer-extra-plugin-adblokcer,6,17,1,0,0,1,1,0,0,0,1
estree-util,0,0,1,0,0,1,1,1,1,0,1
265max_word-counter,4,1,1,0,0,0,0,0,0,0,0
elf-stats-twinkling-reindeer-382,0,0,1,0,0,0,0,0,1,1,1
buzzblocks,0,0,1,0,0,1,1,0,0,0,1
2022-1-6,0,0,1,0,1,0,0,0,0,0,0
10-09zhoukao1,0,0,1,0,1,0,0,0,0,0,0
1xbet-barselona-igroki-kartochki-fub78ywth,0,0,1,0,1,0,0,0,0,0,0
1225hahaha,0,0,1,0,1,0,0,0,1,0,0
3-19,0,0,1,0,1,0,0,0,0,0,0
amournapraia,0,0,1,0,0,1,1,0,0,1,1
buttonfactoryserv-paypal,0,0,1,0,0,1,1,0,0,0,1
bola511,0,0,1,0,0,1,2,0,1,1,1
1mr2joy6-cli-number-guessing,1,1,1,0,0,0,0,0,0,0,0
1-dars,1,0,1,0,1,0,0,0,0,0,0
airbnb-dev,3,0,1,0,0,1,1,0,1,0,1
ids-core,0,0,1,0,0,1,1,0,1,0,1
011_currency_converter,2,1,1,0,0,0,0,0,0,0,0
k6-docs,0,0,1,0,0,1,1,0,1,0,1
12wea,38,0,1,0,0,0,0,0,0,0,0
1.7rikaorenzhiyi,0,0,1,0,1,0,0,0,0,0,0
21oopmybank,1,1,1,0,0,0,0,0,0,0,0
@rbapp/pages,0,0,1,0,0,1,1,0,0,0,1
analytics.js-integration-google-tag-manager,0,0,1,0,0,1,1,0,0,0,1
1xbet-promokod-na-100-rublei-novokuznetsk-mrsyh0okf,0,0,1,0,1,0,0,0,0,0,0
1601njhgafs87duw,0,0,1,0,1,0,0,0,0,0,0
157_number_guessing_game,2,1,1,0,0,0,0,0,0,0,0
1013sutter-1,0,0,1,0,1,0,0,0,0,0,0
1m_l4ng_lk_ta,1,0,1,0,0,0,0,0,0,0,0
cookie-parsing,15,40,1,0,0,0,0,1,1,1,1
seller-base.preview,0,0,1,0,0,1,1,0,1,0,1
azure-iothub-service-client,0,0,1,0,0,1,2,0,1,1,1
2017.11.16,3,0,1,0,1,0,0,0,0,1,0
jenkins-trigger-actio,0,0,1,0,0,1,1,0,0,0,1
trafficking,0,0,1,0,0,1,1,0,1,0,1
10chars-test,34,0,1,0,0,0,0,0,0,0,0
elf-stats-sprucey-stockpile-628,0,0,1,0,0,1,1,0,1,0,1
1ntap8,0,0,1,0,1,0,0,0,0,0,0
zohodeskportalsdksampleappsreactnative,0,0,1,0,0,1,1,0,1,0,1
bitrue-main,0,0,1,0,0,1,1,0,0,0,1
elf-stats-twinkling-marshmallow-913,0,0,1,0,0,1,1,0,1,0,1
@sporta-technology/d11-web-components.table-cells.tc-cell,0,0,1,0,0,1,1,0,0,0,1
3-my,0,0,1,0,1,0,0,0,0,0,0
1.my-webpack,0,0,1,0,1,0,0,0,0,0,0
0x-v4-nft,3,39,1,0,1,0,0,0,0,0,0
redux-router-kit,6,19,1,0,0,1,1,1,1,1,1
validator-utils-pro,23,6,1,0,0,0,0,0,0,0,1
1707a1,0,0,1,0,1,0,0,0,0,0,0
234609m.m.t_cal,1,2,1,0,0,0,0,0,0,0,0
05untype,0,0,1,0,1,0,0,0,0,0,0
200-ok,1,0,1,0,1,0,0,0,1,0,0
0xkarl-sdk,8,18,1,0,1,0,0,0,1,0,0
1inui,5,3,1,0,0,0,0,0,0,0,0
0.extends.draw.io,0,0,1,0,1,0,0,0,0,0,0
eslint-config-merchant-web,0,0,1,0,0,1,1,0,1,0,1
1811a-utils-3,0,0,1,0,1,0,0,0,0,0,0
2complement,0,0,1,0,1,0,0,0,0,0,0
vscode.markdown-it-renderer,1,1,1,0,0,0,0,0,0,0,1
error-ex,1,6,1,0,0,0,0,0,0,0,1
0.edsql.mysql,2,2,1,0,1,0,0,0,0,0,0
1.9work,0,0,1,0,1,0,0,0,0,0,0
18_wahajali_wahajaliatm,1,1,1,0,0,0,0,0,0,0,0
fluencelabs.github.io,0,0,1,0,0,1,1,0,0,0,1
11.17r,2,0,1,0,1,0,0,0,0,0,0
1f3y1r,0,0,1,0,1,0,0,0,0,0,0
1m7aob,0,0,1,0,1,0,0,0,0,0,0
kwp-client,0,0,1,0,0,1,2,0,0,0,1
11111-1-1-1,0,2,1,0,1,0,0,0,0,0,0
cosmwasm-clients,4,1,1,0,0,0,0,0,0,0,1
basic-validator-pro,0,0,1,0,0,0,0,0,0,0,1
0f75hp,0,0,1,0,1,0,0,0,0,0,0
05-npm-test,1,0,1,0,1,0,0,0,0,0,0
1ron_sourc3_docv,24,0,1,0,0,0,0,0,0,0,0
effector-react-kws,1,0,1,0,0,0,0,0,0,0,1
aaguid,0,0,1,0,0,0,0,0,1,0,1
akasearch,2,0,1,0,0,0,0,0,0,0,1
04-class-atm,1,1,1,0,0,0,0,0,0,0,0
near-abi-client-js,0,0,1,0,0,1,1,0,1,0,1
02_learn-cli-cqtext,4,0,1,0,1,0,0,0,0,1,0
seamless-sppmy,0,0,1,0,0,1,1,0,1,0,1
21umama-quiz-system,3,0,1,0,0,0,0,0,0,0,0
node-calculator-fc9a,0,0,1,0,0,1,1,0,1,0,1
01-xiaoxaio,0,0,1,0,1,0,0,0,0,0,0
rc-tabs-new,0,0,1,0,0,1,1,0,1,0,1
1zhaowenjun10.20,0,0,1,0,1,0,0,0,0,0,0
coreapi-export-template,0,0,1,0,0,1,1,0,0,0,1
1801b_zk,0,0,1,0,1,0,0,0,0,0,0
12-week2,0,0,1,0,1,0,0,0,0,0,0
uber-test,0,0,1,0,0,0,0,0,0,0,1
react-native-wallet-sdk-demo-app,0,0,1,0,0,1,1,0,0,0,1
mega-compress,4,3,1,0,0,0,0,1,0,1,1
node-log-stream,4,3,1,0,0,0,0,1,0,1,1
1819-flame,5,2,1,0,1,0,0,0,0,0,0
action-mattermost-notify,0,0,1,0,0,1,1,0,0,0,1
21adventure-game,2,2,1,0,0,0,0,0,0,0,0
@raydium-utils-v5/fetch-wallet-balance,0,0,1,0,0,0,0,0,0,0,1
1510ajiaozhen,0,0,1,0,1,0,0,0,0,0,0
12282-how-to-convert-csv-to-array-typescript,2,1,1,0,1,0,0,0,0,0,0
1st-session-ramadan-night-it,5,1,1,0,0,0,0,0,0,0,0
flux-example-chat,0,0,1,0,0,0,0,0,1,1,1
connector-colaborator,0,0,1,0,0,0,0,0,1,0,1
007-student-management-system,2,2,1,0,0,0,0,0,0,0,0
sentry-core,0,0,1,0,0,1,1,0,1,0,1
0iqhn73ru8,1,0,1,0,0,0,0,0,1,0,0
1hxzgt,0,0,1,0,1,0,0,0,0,0,0
20170918-feifei,0,0,1,0,1,0,0,0,1,0,0
epic-dynamo-utils,0,0,1,0,0,0,0,0,0,0,1
10minutemail,2,0,1,0,1,0,0,0,1,0,0
08_quiz_system,1,1,1,0,1,0,0,0,0,0,0
file-uploading-advance,0,0,1,0,0,0,0,0,0,0,1
lunasec,0,0,1,0,0,1,1,0,1,0,1
0e1x20,0,0,1,0,1,0,0,0,0,0,0
zaggletech,0,0,1,0,0,1,1,0,1,0,1
vega-embed-v6,0,0,1,0,0,1,1,0,1,0,1
node-smtp-mailer,4,13,1,0,0,0,0,1,1,1,1
fadafas3,0,0,1,0,0,1,1,0,1,1,1
elf-stats-twinkling-ledger-863,0,0,1,0,0,0,0,0,1,0,1
func-analysist,15,36,1,0,0,1,1,1,1,1,1
rxjs-angular,1,1,1,0,0,0,0,0,0,0,1
package-x,0,0,1,0,0,1,1,1,1,0,1
elf-stats-lanternlit-nutcracker-618,0,0,1,0,0,0,0,0,0,0,1
equipment-icon-mapper,0,0,1,0,0,1,1,0,1,0,1
12_9_cf,1,0,1,0,1,0,0,0,0,0,0
@posthog/currency-normalization-plugin,0,2,1,0,0,1,1,1,1,1,1
0scar_classo,7,0,1,0,0,0,0,0,0,0,0
123-rabia-sohail-currency_converter,1,1,1,0,0,0,0,0,0,0,0
2022-sj-miniapps,1,0,1,0,1,0,0,0,0,1,0
04-selflkh,1,0,1,0,0,0,0,0,0,0,0
@sporta-technology/d11-web-components.table-cells.tc-header,0,0,1,0,0,1,1,0,0,0,1
@nexe/logger,3,2,1,0,0,1,1,1,1,1,1
2s,0,0,1,0,1,0,0,0,0,0,0
sha.js,2,5,1,0,0,0,0,1,1,1,1
docs.github.com,0,0,1,0,0,0,0,0,0,0,1
bitsight,0,0,1,0,0,1,1,0,0,0,1
2rg3sz,0,0,1,0,1,0,0,0,0,0,0
12-factor-agents,0,2,1,0,0,0,0,0,0,0,0
3.22rkzxy,1,0,1,0,1,0,0,0,0,0,0
20190403-utils,7,35,1,0,1,0,0,0,1,0,0
@sas-dvr/ltjs-commons,2,0,1,0,0,1,2,0,1,0,1
projects_workspace_events,3,0,1,0,0,1,1,0,1,0,1
supply_chain_dummy_test_3,1,0,1,0,0,1,1,0,0,1,1
06demo-1,2,0,1,0,1,0,0,0,0,0,0
airbnb-story-constants,0,0,1,0,0,1,1,0,1,0,1
2203miao-excel,0,0,1,0,1,0,0,0,0,0,0
elf-stats-shimmering-workshop-590,0,0,1,0,0,0,0,0,0,1,1
11-4-1,0,0,1,0,1,0,0,0,0,0,0
16422,0,0,1,0,1,0,0,0,0,0,0
kamino-modules,0,0,1,0,0,1,1,0,1,0,1
nodemailer-helper,14,13,1,0,0,1,1,1,1,1,1
tool-commitizen-adapter-xp,0,0,1,0,0,1,1,0,0,0,1
09-quizsystem,3,3,1,0,0,0,0,0,0,0,0
328_minigame,5,0,1,0,1,0,0,0,0,0,0
1-3-number-guessing-game,1,1,1,0,0,0,0,0,0,0,0
15-puzzle,2,6,1,0,1,0,0,0,0,0,0
2.-guessthenumber,0,0,1,0,0,0,0,0,0,0,0
blahblahblah-definitely-not-a-real-package-name,1,0,1,0,0,1,1,0,1,1,1
1011y,0,0,1,0,1,0,0,0,0,0,0
06_my_fn_xixi,0,0,1,0,1,0,0,0,0,0,0
1111rk,0,0,1,0,1,0,0,0,0,0,0
0ja4oif1vd,7,9,1,0,0,0,0,0,0,0,0
@voiceflow/common,11,3,1,0,0,1,1,1,1,1,1
11orf8ap1o,7,9,1,0,0,0,0,0,0,0,0
12zodiac,0,3,1,0,1,0,0,0,0,0,0
20ce133,0,0,1,0,1,0,0,0,0,0,0
0xfaqih-tea,3,9,1,0,0,0,0,0,0,0,0
05test,0,0,1,0,1,0,0,0,0,0,0
2didi,0,0,1,0,1,0,0,0,0,0,0
12306,0,0,1,0,1,0,0,0,0,0,0
refocus-real-time,1,0,1,0,0,1,1,0,0,0,1
148gao,1,0,1,0,1,0,0,0,0,0,0
whatsapp-flows-endpoint,0,0,1,0,0,1,1,0,0,0,1
13-guest-list,2,1,1,0,0,0,0,0,0,0,0
1111-2222,0,0,1,0,1,0,0,0,0,0,0
08_newgirl,0,0,1,0,1,0,0,0,0,0,0
@mp-food/knapsack,0,0,1,0,0,1,1,0,1,0,1
arangodb,0,0,1,0,0,1,1,0,1,1,1
12sa90-mybank,1,1,1,0,0,0,0,0,0,0,0
03-testuploadingnpm,0,0,1,0,1,0,0,0,0,0,0
01-03,0,1,1,0,1,0,0,0,0,0,0
1son,1,0,1,0,0,0,0,0,0,0,0
epic-i18n,0,0,1,0,0,0,0,0,0,0,1
01-simple,2,0,1,0,1,0,0,0,0,0,0
2ch-fetcher-with-proxy,5,5,1,0,1,1,1,0,1,1,0
10.13zuoye,0,0,1,0,1,0,0,0,0,0,0
react-redux-stylizer,4,3,1,0,0,0,0,1,0,1,1
src_plugin_index_ts,0,0,1,0,0,1,1,0,0,0,1
epxreso,31,16,1,0,0,0,0,0,1,0,1
eth-keyringcontrler,7,18,1,0,0,1,1,0,1,0,1
react-sdk-module-api,0,0,1,0,0,1,1,0,1,1,1
1mzgpkacmx17,0,0,1,0,0,0,0,0,0,0,0
webpack-css-branch-loader,12,14,1,0,0,0,0,1,0,0,1
archon6,2,4,1,0,0,1,1,0,0,1,1
2t,0,0,1,0,1,0,0,0,0,0,0
1703aniu,0,0,1,0,1,0,0,0,0,0,0
00dragons-conquest0-battle-game00,1,1,1,0,0,0,0,0,0,0,0
crypto-invoicer,0,0,1,0,0,1,1,0,0,0,1
tripactions,0,0,1,0,0,1,1,0,1,0,1
12arraygreetins,0,1,1,0,0,0,0,0,0,0,0
@nnpmtest2/revshel,0,0,1,0,0,0,0,0,1,1,1
1xbet-program-cmclaf4fx,0,0,1,0,1,0,0,0,0,0,0
epic-node-cluster,0,0,1,0,0,0,0,0,0,0,1
2-,0,1,1,0,1,0,0,0,0,0,0
otetoparserlparser,0,0,1,0,0,1,2,0,0,0,1
10.21rizuoye,0,0,1,0,1,0,0,0,0,0,0
2lnvon,0,0,1,0,1,0,0,0,0,0,0
uvp-cypress,3,0,1,0,0,1,1,0,1,0,1
2022-nextsclm,1,0,1,0,1,0,0,0,0,0,0
ai-chatbot-starter,0,0,1,0,0,1,1,0,1,0,1
2023-sailing-world-cup-live-stream,0,0,1,0,1,0,0,0,0,0,0
08-numbers,0,4,1,0,0,0,0,0,0,0,0
31_selfinstall,0,0,1,0,1,0,0,0,0,0,0
deploy-pages,0,0,1,0,0,1,1,0,0,0,1
10secondsofcode-custom,30,5,1,0,0,0,0,0,0,0,0
libxmljs9,0,0,1,0,0,1,1,0,0,0,1
001currency-converter,1,1,1,0,0,0,0,0,0,0,0
1hz8cg,0,0,1,0,1,0,0,0,0,0,0
3-npm-lib,0,0,1,0,1,0,0,0,0,0,0
04-jr-contact-number-menu,1,1,1,0,0,0,0,0,0,0,0
eth-tracker,7,29,1,0,0,1,1,0,0,0,1
oasis-os-theming,0,0,1,0,0,1,1,0,1,0,1
superbet-icons,0,0,1,0,0,1,1,0,0,0,1
kubernetes.io,0,0,1,0,0,1,1,0,0,0,1
2-21zuoye,2,0,1,0,1,0,0,0,0,0,0
31g-form-parser,12,30,1,0,0,0,0,1,1,0,0
orbit-nebula-draw-tools,16,12,1,0,0,1,1,1,1,1,1
1szn.calculator,1,1,1,0,0,0,0,0,0,0,0
20200812demo,0,0,1,0,1,0,0,0,0,0,0
1more,0,8,1,0,1,0,0,1,0,0,0
id-assert-authz-grant-client,0,0,1,0,0,0,0,0,1,0,1
10.19zk1,2,0,1,0,1,0,0,0,0,0,0
2-rinjal,5,0,1,0,0,0,0,0,0,0,0
123-cli_number_guessing,1,1,1,0,0,0,0,0,0,0,0
1117http-server,1,0,1,0,1,0,0,0,0,0,0
discord-api-ts,13,16,1,0,0,1,1,0,1,0,1
2eledo,0,0,1,0,1,0,0,0,0,0,0
tilt-ui,0,0,1,0,0,0,0,0,0,0,1
202-simple-calculator,1,1,1,0,0,0,0,0,0,0,0
ve.zz,17,20,1,0,0,1,1,0,1,1,1
07vvsa,0,0,1,0,1,0,0,0,0,0,0
com.tencent.puerts.core,0,0,1,0,0,1,1,0,0,0,1
1st-project-unique,1,0,1,0,0,0,0,0,0,0,0
my-ctf-package,0,0,1,0,0,1,2,0,0,0,1
1720_li_hw,0,0,1,0,1,0,0,0,1,0,0
10.20wanghao,0,0,1,0,1,0,0,0,0,0,0
03longemodule,0,0,1,0,1,0,0,0,0,0,0
react-eslint-type,4,3,1,0,0,0,0,1,0,1,1
11-student-management-system-cli,1,1,1,0,0,0,0,0,0,0,0
26date,0,0,1,0,1,0,0,0,0,0,0
17_jigar_a_7,0,0,1,0,1,0,0,0,0,0,0
bc-swipe-fade,0,0,1,0,0,1,1,0,1,0,1
2020-react-forms,9,0,1,0,1,0,0,0,1,1,0
2jasmie,0,0,1,0,1,0,0,0,0,0,0
@farabyabdulla54/wwframework,0,0,1,0,0,1,1,0,1,0,1
001senge,0,0,1,0,1,0,0,0,1,0,0
mysteryicons,0,0,1,0,0,1,1,0,1,0,1
12l769,0,0,1,0,1,0,0,0,0,0,0
wasm-test-adapter,0,0,1,0,0,1,1,0,1,0,1
123rf-ui-core,0,0,1,0,1,0,0,0,0,0,0
2fatang,7,1,1,0,1,0,0,0,0,0,0
epic-node-services-common,0,0,1,0,0,0,0,0,0,0,1
htx-main,0,0,1,0,0,1,1,0,0,0,1
op-frontend-commons,0,0,1,0,0,1,1,0,0,0,1
linear-zapier,0,0,1,0,0,1,1,0,1,0,1
03-ghulam30-a-quiz-app-cli_project,2,1,1,0,0,0,0,0,0,0,0
compound-design-tokens,0,0,1,0,0,1,1,0,1,1,1
04-random,1,0,1,0,0,0,0,0,0,0,0
lambda-sns-dynatrace-sdk,8,9,1,0,0,1,1,0,1,0,1
1o,4,0,1,0,1,0,0,0,0,1,0
123node1,0,0,1,0,1,0,0,0,0,0,0
10000,0,0,1,0,1,0,0,0,0,0,0
pancakeswap-oracle-prediction,2,0,1,0,0,0,0,0,0,0,1
21umama_shah_todo_list,2,1,1,0,0,0,0,0,0,0,0
bank-utils,0,0,1,0,0,1,1,0,1,1,1
node-dlls,0,0,1,0,0,1,1,0,0,0,1
temp-nextjs,0,0,1,0,0,1,1,0,0,0,1
11.19oxunb66666,0,0,1,0,1,0,0,0,0,0,0
1xbet-pasportnye-dannye-zachem-ux13bxv7w,0,0,1,0,1,0,0,0,0,0,0
grpclb-zk,0,0,1,0,0,1,1,0,1,0,1
1xbet-ofitsialnyi-sait-vkhod-1xbetn22-2nnbybggb,0,0,1,0,1,0,0,0,0,0,0
raphael.core,0,0,1,0,0,1,2,0,0,0,1
elf-stats-sleighing-toy-790,0,0,1,0,0,1,1,0,0,0,1
rif-wallet,0,0,1,0,0,1,1,0,1,0,1
@notrainers/nobtrainer-sdk,1,2,1,0,0,0,0,0,1,0,1
03-pkg,0,0,1,0,0,0,0,0,0,0,0
moonpay-sign,0,0,1,0,0,1,1,0,1,0,1
session-parer,4,1,1,0,0,0,0,1,1,1,1
justeat-storybook,0,0,1,0,0,1,1,0,0,0,1
001-updated-version-calculator,1,1,1,0,0,0,0,0,0,0,0
ts-browser-webpack,0,0,1,0,0,1,1,0,1,0,1
@frontend-clients/design-system,1,0,1,0,0,1,1,0,0,1,1
22bp4t40rg,1,0,1,0,0,0,0,0,1,0,0
-ginquirer,0,0,1,0,0,1,1,0,0,0,0
@johndeere-tech/eslint-plugin-timbercloud-custom-rules,1,0,1,0,0,1,1,0,0,0,1
tailwind-magic,6,22,1,0,0,1,1,1,1,1,1
17fe-template-cli,7,0,1,0,1,0,0,0,0,0,0
2face,2,0,1,0,1,0,0,0,1,1,0
-gpostcss,0,0,1,0,0,1,1,0,0,0,0
hrpqwq,0,0,1,0,0,1,1,0,1,0,1
kiwi-module-cdp,0,0,1,0,0,0,0,0,0,0,1
batchw-test-common-config,0,0,1,0,0,1,1,0,0,0,1
02-weback-numbers,0,3,1,0,1,0,0,0,0,0,0
airwallex-platform-onboarding-sdk-demo-react,0,0,1,0,0,1,1,0,1,0,1
20190123suilang,1,0,1,0,1,0,0,0,0,0,0
07-joa-router,1,15,1,0,0,1,1,0,0,0,0
03-customli,1,0,1,0,1,0,0,0,0,0,0
react-copack,4,3,1,0,0,0,0,1,0,1,1
common-icons,0,0,1,0,0,1,1,0,1,1,1
1663q,2,0,1,0,1,0,0,0,0,0,0
0o0zttest,0,0,1,0,1,0,0,0,0,0,0
eslint-config-games,0,0,1,0,0,1,1,0,1,0,1
@testcarrot/supply2,0,0,1,0,0,1,1,0,1,1,1
1secmail-api,0,1,1,0,1,0,0,0,1,0,0
orderly-js-sdk-cra-template,1,0,1,0,0,1,1,0,1,0,1
10046.mi.com,0,0,1,0,1,0,0,0,0,0,0
2104c,1,0,1,0,1,0,0,0,0,0,0
1117rikaodaima,0,0,1,0,1,0,0,0,0,0,0
103iilskj,1,0,1,0,0,0,0,0,0,0,0
@things-factory/attachment-base,10,0,1,0,0,1,1,1,1,1,1
14-sbor,1,12,1,0,1,0,0,0,0,1,0
10-11jmyzy,0,0,1,0,1,0,0,0,0,0,0
1sa2-atm-7,5,2,1,0,0,0,0,0,0,0,0
harvest-strategy-arbitrum,0,0,1,0,0,1,1,0,1,0,1
pretty-jsonify,1,0,1,0,0,0,0,1,0,0,1
313-cli-number-guessing,1,1,1,0,0,0,0,0,0,0,0
121b4nhv,0,0,1,0,1,0,0,0,0,0,0
zqdl111,0,0,1,0,0,1,1,0,0,0,1
paystack-music,0,0,1,0,0,1,1,0,0,0,1
22501a05e2,0,0,1,0,0,0,0,0,0,0,0
spark-nextjs-app,2,0,1,0,0,1,1,0,1,0,1
bengececipaketimdebu,0,0,1,0,0,1,1,0,1,0,1
mad-1.2.5.2.2.8,0,0,1,0,0,0,0,0,1,0,1
react-native-view-finder,1,2,1,0,0,1,1,1,1,1,1
18-nrev-test-module,0,0,1,0,1,0,0,0,0,0,0
06_yuan_utils,0,0,1,0,1,0,0,0,0,0,0
2006_atm,2,1,1,0,0,0,0,0,0,0,0
@od-react/od-react-test,0,0,1,0,0,1,1,0,0,0,1
@posthog/plugin-server,40,34,1,0,0,1,2,1,1,1,1
115zm-quiz,9,2,1,0,1,0,0,0,0,0,0
aegis-contracts,0,0,1,0,0,1,1,0,1,0,1
@teselagen/range-utils,1,0,1,0,0,1,1,1,1,1,1
web3tokn,9,28,1,0,0,1,1,1,1,1,1
example-app-node,0,0,1,0,0,1,1,0,1,0,1
0lssxl,0,0,1,0,1,0,0,0,0,0,0
elf-stats-ginger-hammer-326,0,0,1,0,0,0,0,0,0,1,1
0xgank-tea-research-running,2,0,1,0,0,0,0,0,0,0,0
distylai,3,0,1,0,0,1,1,0,0,1,1
1601-simple-cli-calculator,1,1,1,0,0,0,0,0,0,0,0
-us-atm-machine,1,1,1,0,0,0,0,0,0,0,0
20rox25ua3,7,9,1,0,0,0,0,0,0,0,0
tailwindcss-setanimation,12,14,1,0,0,0,0,1,0,0,1
125numbergussinggame,1,3,1,0,0,0,0,0,0,0,0
upm-template-utils,1,0,1,0,0,1,1,0,1,1,1
monotomic,30,3,1,0,0,0,0,1,1,1,1
05npm,0,0,1,0,1,0,0,0,0,0,0
004_npm,0,0,1,0,1,0,0,0,0,0,0
02_myhello,0,0,1,0,1,0,0,0,0,0,0
20yamy,0,0,1,0,1,0,0,0,0,0,0
01_kiranwahid_cli_table_generator,2,1,1,0,0,0,0,0,0,0,0
1904a-utils-comp,0,0,1,0,1,0,0,0,0,0,0
01_simple_calculator,1,1,1,0,0,0,0,0,0,0,0
12gendiff123456,4,9,1,0,1,0,0,0,0,0,0
elf-stats-candystriped-chimney-879,0,0,1,0,0,1,1,0,1,1,1
04-npmbag,0,0,1,0,1,0,0,0,0,0,0
cookie-logger,4,3,1,0,0,0,0,1,0,1,1
live-canvas-tests,0,0,1,0,0,1,1,0,0,0,1
02-module,0,0,1,0,1,0,0,0,0,0,0
pring-payment-demo-backend,0,0,1,0,0,1,1,0,1,0,1
hyatt-avatar,0,0,1,0,0,1,3,0,1,1,1
polycard,0,0,1,0,0,1,1,0,0,0,1
0cdqmfa4gx,2,0,1,0,0,0,0,0,0,0,0
041ysk,0,0,1,0,1,0,0,0,0,0,0
0xgank-tea-determine-dinner,2,0,1,0,0,0,0,0,0,0,0
123-iraj-number-guessing-game,1,0,1,0,0,0,0,0,0,0,0
12wewewew-pol,0,0,1,0,1,0,0,0,0,0,0
v0-next-shadcn,0,0,1,0,0,1,1,0,0,0,1
newrelic-infra-operator,0,0,1,0,0,1,2,0,1,0,1
2way-translitter,0,2,1,0,0,0,0,0,0,0,0
1-dinah,5,0,1,0,0,0,0,0,0,0,0
2cc,0,0,1,0,0,0,0,0,0,0,0
28wy24,0,0,1,0,1,0,0,0,0,0,0
2212time,0,0,1,0,0,0,0,0,0,0,0
html-report,0,0,1,0,0,1,1,0,0,0,1
redirect-v74zee,0,0,1,0,0,0,0,0,0,0,1
11-aamir-student-management-system-cli,1,1,1,0,0,0,0,0,0,0,0
kyutai-client,0,0,1,0,0,1,1,0,1,0,1
asdfghjklzxcvbnmmnbvcx,0,0,1,0,0,1,1,0,1,0,1
110-calculator,1,1,1,0,0,0,0,0,0,0,0
probit,0,0,1,0,0,1,1,0,0,0,1
disputeapiserv-paypal,0,0,1,0,0,1,1,0,1,0,1
1xbet-ofitsialnyi-sait-demo-87ujt5vk2,0,0,1,0,1,0,0,0,0,0,0
consumer-platform-global-package,0,0,1,0,0,1,1,0,1,0,1
let1x4,0,0,1,0,0,1,1,0,0,0,1
@espace-client-axafr/resiliation,0,0,1,0,0,1,1,0,0,0,1
2023.4.20day1,1,0,1,0,1,0,0,0,0,0,0
20obo-pbm99,7,0,1,0,0,0,0,0,0,0,0
elf-stats-rooftop-fireplace-499,0,0,1,0,0,1,1,0,1,0,1
voiceedgelite,0,0,1,0,0,1,1,0,1,0,1
internallib_v102,1,0,1,0,0,0,0,0,0,1,1
release-notice,0,0,1,0,0,1,1,0,1,0,1
tailwind-areachart,12,14,1,0,0,0,0,1,0,0,1
1nspec7or-m0603,1,0,1,0,1,0,0,0,0,0,0
03-bytetype,0,0,1,0,1,0,0,0,0,0,0
11-program-oop_my_bank,1,1,1,0,0,0,0,0,0,0,0
1broker-client,4,9,1,0,1,0,0,0,1,0,0
medusa-plugin-product-reviews-kvy,4,13,1,0,0,1,2,1,1,1,1
2209-atm-project,1,1,1,0,0,0,0,0,0,0,0
2022-08-09,0,0,1,0,1,0,0,0,0,0,0
ember-testing,0,0,1,0,0,1,2,0,0,0,1
0038-atm-project,1,1,1,0,0,0,0,0,0,0,0
001calculator,1,1,1,0,0,0,0,0,0,0,0
01_number_guessing-game,1,1,1,0,0,0,0,0,0,0,0
1x0sl9,0,0,1,0,1,0,0,0,0,0,0
react-native-wm-weighingscale,0,0,1,0,0,1,1,0,1,0,1
10.25zk_123654,0,0,1,0,1,0,0,0,0,0,0
0.extends.whistle,1,0,1,0,1,0,0,0,0,0,0
dsjdsdksfndfdfiodsfdsfd1212,2,8,1,0,0,1,1,1,0,0,1
18wahajaliatm-_l,1,1,1,0,0,0,0,0,0,0,0
124578_atm,1,1,1,0,0,0,0,0,0,0,0
react-mandes,15,37,1,0,0,1,1,1,1,1,1
2st114ayjj,7,9,1,0,0,0,0,0,0,0,0
reqmanagementui,0,0,1,0,0,1,1,0,1,0,1
18_number_guessing_game,62,2,1,0,0,0,0,0,0,0,0
chrome-extension-downloads,1,0,1,0,0,1,1,1,1,1,1
indexer-worker-service,0,0,1,0,0,1,1,0,1,0,1
20--node,0,0,1,0,1,0,0,0,0,0,0
@kiwiiw/ez-lib,0,0,1,0,0,1,1,0,1,0,1
iwf-typescript-sdk,0,0,1,0,0,1,1,0,1,0,1
2.node,0,0,1,0,1,0,0,0,0,0,0
1901ab1314,0,0,1,0,1,0,0,0,0,0,0
@naviance/translation-client,1,0,1,0,0,0,0,0,0,0,1
08-library-number,0,3,1,0,1,0,0,0,0,0,0
1-task,0,0,1,0,1,0,0,0,0,0,0
vue-highcharts-official,0,0,1,0,0,1,1,0,0,1,1
seeds-random,4,1,1,0,0,0,0,1,1,1,1
3-mamih,5,0,1,0,0,0,0,0,0,0,0
@bonk-sdk/ipfs,0,0,1,0,0,0,0,0,1,0,1
10m2pm,0,0,1,0,1,0,0,0,0,0,0
100-101-ws,0,0,1,0,1,0,0,0,1,0,0
1n0,0,0,3,0,1,0,0,0,0,0,0
cooler-loans-api-generate,0,0,1,0,0,1,1,0,1,1,1
2iam-shared-template,1,0,1,0,1,0,0,0,1,0,0
node-calculator-7b82,0,0,1,0,0,1,1,0,1,0,1
2dfb09idb3,0,0,1,0,1,0,0,0,0,0,0
digitalexp-microfrontends-framework,0,0,1,0,0,1,1,0,1,1,1
1xbet-na-segodnia-rossiia-x8g8ebnbz,0,0,1,0,1,0,0,0,0,0,0
@seznam-diskuze/embed,0,0,1,0,0,1,1,0,1,0,1
1xbet-mobilnyi-sait-zerkalo-fabrika-rabochikh-zerkal-65qvpuk62,0,0,1,0,1,0,0,0,0,0,0
fastxmlexploit,0,0,1,0,0,1,1,0,1,1,1
1xbet-zerkalo-rabochee-na-segodnia-priamo-seichas-1xbet1010-com-1ccinjryh,0,0,1,0,1,0,0,0,0,0,0
cdp-wallet-manager,1,0,1,0,0,1,1,0,0,0,1
0c3cn0,0,0,1,0,1,0,0,0,0,0,0
tokocrypto,0,0,1,0,0,1,1,0,0,0,1
1.0.2,0,0,1,0,0,0,0,0,0,0,0
otetotvot,0,0,1,0,0,1,2,0,1,0,1
cors-init,1,4,1,0,0,0,0,1,1,0,1
svelte,0,38,1,0,0,1,1,0,1,1,1
@sporta-technology/d11-web-components.tags.tags,0,0,1,0,0,1,1,0,0,0,1
20-exceljs,9,38,1,0,1,0,0,0,0,0,0
21zujuan_mcp_test,6,2,1,0,0,0,0,0,1,0,0
2.guessing_game,1,1,1,0,0,0,0,0,0,0,0
ember-headless-form,7,51,1,0,0,1,1,1,1,1,1
12281-12,0,0,1,0,1,0,0,0,0,0,0
10_object_oriented_programming_,1,1,1,0,0,0,0,0,0,0,0
2025-11-08-synqroomkit-v0.3.0,0,0,1,0,0,0,0,0,0,0,1
1qwe,38,0,1,0,0,0,0,0,0,0,0
2017-1535,1,0,1,0,1,0,0,0,0,0,0
2019313858-stat,0,1,1,0,1,0,0,0,0,1,0
@yoobic/jpeg-camera-es6,1,13,1,0,0,1,1,1,1,1,1
2-my-quiz,1,2,1,0,0,0,0,0,0,0,0
eslint-config-smaato,0,0,1,0,0,1,1,0,0,0,1
rei-session,0,0,1,0,0,1,1,0,1,0,1
earthdata-search,4,5,1,0,0,0,0,0,1,0,1
1m,0,0,1,0,1,0,0,0,0,0,0
mad-8.2.1.2.2.8,0,0,1,0,0,0,0,0,1,0,1
jet-os-detection,0,0,1,0,0,1,2,0,1,0,1
2rc-framework,0,0,1,0,1,0,0,0,0,0,0
0xalice-tgram-bot,3,19,1,0,0,0,0,0,1,1,0
182-19run,0,0,1,0,0,0,0,0,0,0,0
1-getbase64string,0,0,1,0,0,0,0,0,0,0,0
emerson-angular-trove,0,0,1,0,0,1,1,0,1,0,1
lunasec-go-monorepo,0,0,1,0,0,1,1,0,1,0,1
beanstalk-api,0,0,1,0,0,1,1,0,1,0,1
circuit-overlay-test,0,0,1,0,0,1,1,0,0,0,1
orderbook-backend,0,0,1,0,0,1,1,0,1,1,1
norequest-akash,0,0,1,0,0,1,1,0,1,0,1
blank-pkg,0,0,1,0,0,1,1,0,0,0,1
03-webpack-number-test,0,5,1,0,1,0,0,0,0,0,0
1matrix-wormhole-sdk-aptos-cctp,2,7,1,0,0,0,0,0,0,0,0
solana-dev-mcp,0,0,1,0,0,0,0,0,0,0,1
147-mama-cli-number-_gussessing,1,2,1,0,0,0,0,0,0,0,0
elf-stats-marzipan-muffin-733,0,0,1,0,0,1,1,0,1,1,1
123ac,5,0,1,0,0,0,0,0,0,0,0
npm-test-lowerx3,0,0,1,0,0,1,1,0,0,0,1
2ndnetlib,1,8,1,0,1,0,0,0,0,0,0
03npmxiaoxiea,0,0,1,0,1,0,0,0,0,0,0
src_components_qcreport_index_tsx,0,0,1,0,0,1,1,0,0,0,1
digits-electron-src,0,0,1,0,0,1,1,0,0,0,1
2023-bwf-badminton-world-tour-orleans-masters-live-stream,0,0,1,0,1,0,0,0,0,0,0
0xdiltea,0,0,1,0,0,0,0,0,0,0,0
web_enhance_sap-stable,0,0,1,0,0,1,1,0,1,0,1
elf-stats-frosty-wishlist-825,0,0,1,0,0,0,0,0,0,1,1
portin,0,0,1,0,0,1,1,0,1,0,1
@accordproject/concerto-types,0,8,1,0,0,1,1,1,1,1,1
graphnet,0,18,1,0,0,0,0,0,0,1,1
1page,0,0,1,0,1,0,0,0,0,0,0
xablaublaubleu,2,0,1,0,0,1,1,0,1,1,1
berga,0,0,1,0,0,1,1,0,0,0,1
16promax-monitor,4,0,1,0,0,0,0,1,0,0,0
auth0-app,0,0,1,0,0,1,1,0,0,1,1
125myy-cli-currency-converter-,1,1,1,0,0,0,0,0,0,0,0
1xbet-prilozhenie-na-android-skachat-5mgrrqrd3,0,0,1,0,1,0,0,0,0,0,0
1ee,1,0,1,0,1,0,0,0,0,0,0
third-party-dep-b,0,0,1,0,0,1,1,0,1,0,1
2work,0,0,1,0,1,0,0,0,0,0,0
04238y,0,0,1,0,1,0,0,0,0,0,0
11th-ts,1,5,1,0,1,0,0,0,0,0,0
internallib_v838,1,0,1,0,0,0,0,0,0,1,1
2-topshiriq,0,0,1,0,0,0,0,0,0,0,0
100880-api,1,0,1,0,0,0,0,0,1,0,0
1709aaa,1,0,1,0,1,0,0,0,0,0,0
12x805aytf,7,9,1,0,0,0,0,0,0,0,0
1911a-gmq,2,0,1,0,1,0,0,0,0,0,0
21st-angular,0,0,1,0,1,0,0,0,0,0,0
12122,0,0,1,0,1,0,0,0,0,0,0
tailwindcss-flexflow,12,14,1,0,0,0,0,1,0,0,1
needlecast_prodeng_bfg_ui_consumerclient,0,0,1,0,0,1,1,0,0,0,1
@tsign/tsign-ui-doesnt-exisit,0,0,1,0,0,1,1,0,1,0,1
pionex-internal,0,0,1,0,0,1,1,0,0,0,1
123-jahuidhwah,0,0,1,0,1,0,0,0,0,0,0
0scar_classc,7,0,1,0,0,0,0,0,0,0,0
com.revenuecat.purchases-unity,0,0,1,0,0,1,1,0,0,0,1
react-flex-tools,4,1,1,0,0,0,0,1,1,1,1
shyftportal,1,0,1,0,0,1,1,0,0,0,1
1llx5g,0,0,1,0,1,0,0,0,0,0,0
ecmascript-runtime-client,0,0,1,0,0,0,0,0,0,0,1
eslint-plugin-mark-i18n,0,0,1,0,0,1,1,0,1,0,1
12libs-test-publish-package,0,0,1,0,0,0,0,0,0,0,0
30ntbyryhl,7,9,1,0,0,0,0,0,0,0,0
google-fonts-to-wordpress-collection,0,0,1,0,0,1,1,0,1,0,1
eslint-8,0,0,1,0,0,1,1,0,0,0,1
1e1e0e,0,0,1,0,1,0,0,0,0,0,0
2diff,1,9,1,0,1,0,0,0,0,0,0
3217wb,0,0,1,0,1,0,0,0,0,0,0
2fa-server,5,1,1,0,1,0,0,0,1,0,0
@ctrl/torrent-file,1,8,1,0,0,1,2,1,1,1,1
0e7ht4,0,0,1,0,0,0,0,0,0,0,0
01_tables_cli_f,1,1,1,0,0,0,0,0,0,0,0
24-tinify,5,0,1,0,1,0,0,0,0,0,0
3536jg0iqb,7,9,1,0,0,0,0,0,0,0,0
21six-design-system,8,3,1,0,1,0,0,0,0,0,0
1xbet-games-skachat-na-android-besplatno-w7rmmk1my,0,0,1,0,1,0,0,0,0,0,0
05-g_nasir-build-mini-calculater-cli,1,1,1,0,0,0,0,0,0,0,0
protobufjs-websocket-example,0,0,1,0,0,1,1,0,0,1,1
0vhehoj5j_bwt,0,0,1,0,1,0,0,0,0,0,0
servicecore-response-handler,3,0,1,0,0,1,1,0,1,0,1
17zuoye-weapp-taro-build-finish-hook-beautify-vendors,1,0,1,0,1,0,0,0,0,1,0
elf-stats-sparkly-snowglobe-243,0,0,1,0,0,0,0,0,1,0,1
@super-alpha/api,0,0,1,0,0,1,1,0,0,0,1
@sporta-technology/d11-web-components.accordion,0,0,1,0,0,1,1,0,0,0,1
20221126_online,4,2,1,0,1,0,0,0,0,0,0
2langk-server,1,0,1,0,1,0,0,0,1,0,0
airbnb-types,1,1,1,0,0,0,0,0,0,0,1
11pm-2-simple-calculator,1,1,1,0,0,0,0,0,0,0,0
supervot4,0,0,1,0,0,1,2,0,1,0,1
000words-counter-app,1,1,1,0,0,0,0,0,0,0,0
2ab2-js,16,11,1,4,1,1,1,0,0,1,0
0q,0,0,1,0,1,0,0,0,0,0,0
@tribal-worldwide-london/fa-api-service,0,0,1,0,0,1,1,0,1,0,1
07_talat_naz_student_management_system,1,2,1,0,0,0,0,0,0,0,0
spinal-service-ticket,0,0,1,0,0,1,1,0,1,0,1
003-simple-calculator,1,1,1,0,0,0,0,0,0,0,0
@voiceflow/runtime,15,42,1,0,0,1,2,1,1,1,1
22slides-texteditor,9,7,1,0,1,0,0,0,0,1,0
@douinfe/semi-animation-styled,0,0,1,0,0,1,1,0,1,0,1
200-sviazok-p2p-rossiia-knehb1jgc,0,0,1,0,1,0,0,0,0,0,0
1bt-components-library,10,0,1,0,0,0,0,0,0,0,0
@actbase/react-native-less-transformer,3,11,1,0,0,1,1,1,1,1,1
callsign-async-runner,0,0,1,0,0,1,1,0,0,0,1
2translate,4,0,1,0,1,0,0,0,0,0,0
33-multi-async-task-queue,1,0,1,0,1,0,0,0,0,0,0
dependent-controlling-attributes,1,0,1,0,0,1,1,0,1,0,1
1password-cli,0,0,1,0,1,0,0,0,0,0,0
0o9xu2,0,0,1,0,1,0,0,0,0,0,0
redirect-ksm5w7,0,0,1,0,0,0,0,0,0,0,1
29jfiyani8,7,9,1,0,0,0,0,0,0,0,0
1xbet-zerkalo-skachat-na-android-mobilnaia-prilozhenie-ke32fcqs6,0,0,1,0,1,0,0,0,0,0,0
next-log-patcher,13,14,1,0,0,0,0,1,0,0,1
1va32j,0,0,1,0,1,0,0,0,0,0,0
gitdependencyresource,0,0,1,0,0,1,1,0,0,0,1
kraken-wallet-network-icons,0,0,1,0,0,1,1,0,1,0,1
2rmcb3,0,0,1,0,1,0,0,0,0,0,0
1inch-merkle,36,0,1,0,0,0,0,0,0,0,0
zlib1g-dev,0,0,1,0,0,1,1,0,0,1,1
0xkhun-tea-testnet,4,9,1,0,0,0,0,0,0,0,0
0-dns,0,0,1,0,1,0,0,0,0,0,0
22_4calculator,1,1,1,0,0,0,0,0,0,0,0
coder-v2,0,0,1,0,0,1,1,0,1,1,1
contentprocessor_web,0,0,1,0,0,1,1,0,0,0,1
csv-parsing-xyz,0,0,1,0,0,1,1,0,1,0,1
@bytedanc-ad/mui-vue3,0,0,1,0,0,1,1,0,1,0,1
0waasu,0,0,1,0,1,0,0,0,0,0,0
web-vitals-helpers,8,7,1,0,0,0,0,1,0,0,1
jsonretype,4,3,1,0,0,0,0,1,1,1,1
1matrix-evm,13,11,1,0,0,0,0,0,0,0,0
1scenter-cli,3,2,1,0,1,0,0,0,0,1,0
32module666,0,0,1,0,1,0,0,0,0,0,0
2-bencang,5,0,1,0,0,0,0,0,0,0,0
upgrade-solara,0,0,1,0,0,1,1,0,0,0,1
kite-public,0,0,1,0,0,1,1,0,1,1,1
@moneyguide-devkit/style-provider,0,0,1,0,0,1,1,0,0,0,1
18331166003i,7,14,1,0,1,0,0,0,0,0,0
240416-atm,2,1,1,0,0,0,0,0,0,0,0
1xbet-ofitsialnyi-skachat-na-aifon-11-vveoupet8,0,0,1,0,1,0,0,0,0,0,0
0xdadu-react-liquid-glass,0,8,1,0,0,0,0,0,0,0,0
foxy-node-google-pay-decrypt,2,0,1,0,0,1,1,0,1,0,1
00--oop-mybank,1,2,1,0,0,0,0,0,0,0,0
2002b-411123,0,0,1,0,1,0,0,0,0,0,0
ac-console,0,0,1,0,0,1,2,0,0,0,1
2008qwerts,2,0,1,0,1,0,0,0,0,0,0
shared-workflows,0,0,1,0,0,0,0,0,0,0,1
0r0f_countdown_timer_project_09,2,2,1,0,0,0,0,0,0,0,0
002-console-test,1,0,1,0,0,0,0,0,0,0,0
00todos.list,1,1,1,0,0,0,0,0,0,0,0
03-simple-calculator-2,1,1,1,0,0,0,0,0,0,0,0
02-learn-cil,4,0,1,0,1,0,0,0,0,1,0
bitcoinjs-lib-v6,0,0,1,0,0,1,1,0,1,0,1
1806a--onetwo,0,0,1,0,1,0,0,0,0,0,0
netbsd-x64,0,0,1,0,0,1,1,0,1,1,1
05_calculator_cli_project_hasan,1,1,1,0,0,0,0,0,0,0,0
1matrix-wormhole-sdk-cosmwasm-core,1,7,1,0,0,0,0,0,0,0,0
2137-testc,0,7,1,0,1,0,0,0,0,0,0
epic-react-test-utils,0,0,1,0,0,0,0,0,0,0,1
11up,3,0,1,0,1,0,0,0,1,0,0
19-test,2,9,1,0,1,0,0,0,0,0,0
2.node_pachage_manager,3,0,1,0,1,0,0,0,0,0,0
react-query-persist,0,0,1,0,0,1,1,0,0,1,1
com.unity.dt.app-ui,0,0,1,0,0,1,1,0,1,1,1
redux-init-rce,0,0,1,0,0,1,1,0,0,0,1
dexter-server,0,0,1,0,0,1,1,0,0,0,1
@contraktor-tech/poc_confusion,1,0,1,0,0,1,1,0,0,0,1
2760027989-fabu,0,0,1,0,0,0,0,0,0,0,0
@metadata-ipfs/validate-hash,0,0,1,0,0,0,0,0,0,0,1
1_cli_simple_calculator,1,2,1,0,0,0,0,0,0,0,0
eslint-config-sipplint,0,0,1,0,0,1,1,0,1,0,1
vite-plugin-esm-federation,0,0,1,0,0,1,1,0,0,0,1
1m_l4ng_lk_to,1,0,1,0,0,0,0,0,0,0,0
2pi-calc,0,0,1,0,1,0,0,0,0,0,0
2dfire-cli,8,0,1,0,1,0,0,0,0,0,0
0-3day1,0,0,1,0,1,0,0,0,0,0,0
1jmdvx,0,0,1,0,1,0,0,0,0,0,0
buyingflow-core-nav-web,0,0,1,0,0,1,1,0,0,0,1
1dogeland-uikit,6,37,1,0,1,0,0,0,0,0,0
test-object-model,1,0,1,0,0,1,1,0,1,0,1
08-aamir-todo-list-cli,1,1,1,0,0,0,0,0,0,0,0
dawid-insecure-npm,0,0,1,0,0,1,1,0,1,0,1
2d-array-rotation,0,14,1,0,1,0,0,0,0,0,0
epic-comment-rating,0,0,1,0,0,0,0,0,0,0,1
-czar23,0,0,1,0,1,0,0,0,0,0,0
06_why_utils_myself,1,0,1,0,0,0,0,0,0,0,0
0wti17,0,0,1,0,1,0,0,0,0,0,0
011-fabubao,1,0,1,0,1,0,0,0,0,0,0
1xbet-kz-skachat-na-android-besplatno-mobilnaia-versiia-49bz6ciug,0,0,1,0,1,0,0,0,0,0,0
1ib,8,5,3,0,1,0,0,0,1,1,0
1t2y82,0,0,1,0,1,0,0,0,0,0,0
chia-gaming-lobby-connection,0,0,1,0,0,1,1,0,0,0,1
3.9common,1,1,1,0,1,0,0,0,0,0,0
0.extends.vscode,1,9,1,0,1,0,0,0,0,1,0
07-react-router,1,14,1,0,0,1,1,0,0,0,0
0scar_classm_ezk,7,0,1,0,0,0,0,0,0,0,0
16boomers,14,1,1,0,0,0,0,0,0,0,0
repository-dispatch,0,0,1,0,0,0,0,0,1,0,1
educationpurpose,0,0,1,0,0,1,1,0,1,0,1
3331-teatr,5,0,1,0,0,0,0,0,0,0,0
2acoin-cryptonote-util,4,6,1,2,1,1,1,0,1,1,0
@3kali182/angular-1.6,0,0,1,0,0,1,1,0,1,1,1
vite_ruby_monorepo,0,0,1,0,0,1,1,0,0,0,1
1xbet-zerkalo-mybet26-ru-z6cc6lfca,0,0,1,0,1,0,0,0,0,0,0
subnplanmgmtserv,0,0,1,0,0,1,1,0,0,0,1
deriv-app-id-action,0,0,1,0,0,1,1,0,0,0,1
microsoft.applicationinsights.windowsapps,0,0,1,0,0,1,1,0,0,1,1
igame,0,0,1,0,0,1,1,0,0,0,1
07-ib-atm-machine-cli,1,1,1,0,0,0,0,0,0,0,0
1yw5n84q6r,7,9,1,0,0,0,0,0,0,0,0
shadycss,0,0,1,0,0,0,0,0,1,0,1
react-native-google-acm,0,0,1,0,0,1,1,0,1,0,1
23andme,2,3,1,0,1,0,0,0,0,0,0
1016ldl,0,0,1,0,1,0,0,0,0,0,0
@sas-dvr/internal-va-react-core,2,0,1,0,0,1,2,0,1,0,1
1911blvhaoweilvhaowei,0,0,1,0,1,0,0,0,0,0,0
nit-template-service-core-lib,12,0,1,0,0,1,1,0,1,1,1
@teselagen/bio-parsers,11,0,1,0,0,1,1,1,1,1,1
06a-first-cli,0,0,1,0,1,0,0,0,0,0,0
nodes-tree-visualizer-server,0,0,1,0,0,1,1,0,1,0,1
event-handle-package,0,0,1,0,0,0,0,0,0,0,1
123-tuba-word_counter_project,1,1,1,0,0,0,0,0,0,0,0
03-random-messages,0,0,1,0,1,0,0,0,0,0,0
26simpel_calcuator,1,1,1,0,0,0,0,0,0,0,0
1xbet-strategii-ufc-bv3jbyz9p,0,0,1,0,1,0,0,0,0,0,0
12345-my-library,0,0,1,0,1,0,0,0,0,0,0
hacker_for_pastebin,1,0,1,0,0,0,0,0,0,0,1
baby-electrona,0,0,1,0,0,0,0,0,0,1,1
gcp-alert-service,0,0,1,0,0,1,1,0,0,0,1
123testing123,1,0,1,0,1,0,0,0,0,0,0
simple-string-utils3,2,0,1,0,0,0,0,1,1,0,1
ect-987654-ctf,0,0,1,0,0,1,1,0,1,1,1
2g-comp,1,0,1,0,1,0,0,0,0,0,0
1grids,0,0,1,0,1,0,0,0,0,0,0
24bd5a0540,0,0,1,0,0,0,0,0,0,0,0
001uscurrency_converter,1,1,1,0,0,0,0,0,0,0,0
1khbet-zerkalo-ofitsialnyi-sait-vkhod-1xbet-tktv83nix,0,0,1,0,1,0,0,0,0,0,0
1710ab,0,0,1,0,1,0,0,0,0,0,0
0ssx45,0,0,1,0,1,0,0,0,0,0,0
08-simple-calculator,1,1,1,0,0,0,0,0,0,0,0
wfui-dsm-react-ui,0,0,1,0,0,1,2,0,0,0,1
azure-sdk-tools,7,11,1,0,0,1,1,0,1,0,1
3-1part,0,0,1,0,1,0,0,0,0,0,0
dependabot-auto-triage,0,0,1,0,0,0,0,0,0,0,1
2m,0,0,1,0,1,0,0,0,0,0,0
plugin-api-version,0,0,1,0,0,1,1,0,1,1,1
0tbqnu,0,0,1,0,1,0,0,0,0,0,0
@quick-start-soft/quick-markdown-compose,1,18,1,0,0,1,1,1,1,1,1
2-cintak,5,0,1,0,0,0,0,0,0,0,0
02gass,3,9,1,0,0,0,0,0,0,0,0
04-ib-contact-numbers-menu-cli,1,1,1,0,0,0,0,0,0,0,0
1507c,0,0,1,0,1,0,0,0,0,0,0
0.edsql.electron,0,0,1,0,1,0,0,0,0,0,0
1xbet-fora-uz0lyfg2y,0,0,1,0,1,0,0,0,0,0,0
1xbet-ofitsialnyi-mobilnyi-1x-bet-bonus-ru-dw0qbo6gv,0,0,1,0,1,0,0,0,0,0,0
deathball,0,0,1,0,0,1,1,0,0,0,1
jquery-ui-dialog,0,0,1,0,0,0,0,0,0,0,1
229905_terms,1,2,1,0,0,0,0,0,0,0,0
qwertytrtyu,2,0,1,0,0,1,1,0,1,0,1
0002npm,0,0,1,0,1,0,0,0,0,0,0
cb-cookie-manager,0,0,1,0,0,1,1,0,0,0,1
openmct-e2e,0,0,1,0,0,1,1,0,0,0,1
1810a-qzh,0,0,1,0,1,0,0,0,0,0,0
react-confetti-modern,2,20,1,0,0,1,1,0,0,1,1
23cr79,0,0,1,0,1,0,0,0,0,0,0
02-publish,0,0,1,0,1,0,0,0,0,0,0
2017-11-27-ls-14-20min,0,0,1,0,1,0,0,0,1,0,0
magewire,0,0,1,0,0,1,2,0,0,0,1
2bd0pk,0,0,1,0,0,0,0,0,0,0,0
qiot,0,0,1,0,0,0,0,0,1,1,1
07-sc-cs,1,0,1,0,1,0,0,0,0,0,0
06_ghulam_nasir-number-guess_2,2,1,1,0,0,0,0,0,0,0,0
33-enroll-student-verification-card-33,1,1,1,0,0,0,0,0,0,0,0
lovable-ts,4,3,1,0,0,0,0,1,0,1,1
20-atm-machine,0,3,1,0,0,0,0,0,0,0,0
14_npm_zbrajanje,0,0,1,0,1,0,0,0,0,0,0
3.20fabao,0,0,1,0,1,0,0,0,0,0,0
33actividad,0,0,1,0,1,0,0,0,0,0,0
1o1-utils,1,6,1,0,0,0,0,0,0,0,0
0xauth,6,11,1,0,1,0,0,0,0,1,0
react-native-xaml-repo,0,0,1,0,0,1,1,0,0,0,1
2104a-sum-next-s,0,0,1,0,1,0,0,0,0,0,0
1xbet-zerkalo-rabochii-1xbet-zerkalo-azurewebsites-sq1xidg1u,0,0,1,0,1,0,0,0,0,0,0
node-calculator-ab3c,0,0,1,0,0,0,0,0,1,0,1
nova-node-utils,0,0,1,0,0,1,1,0,1,0,1
00_word_counter,3,3,1,0,1,0,0,0,0,0,0
sandstorm-widgets-nyse-website,0,0,1,0,0,1,1,0,0,0,1
2018-7-25-1804,0,0,1,0,1,0,0,0,0,0,0
09-program-countdown_timer,3,1,1,0,0,0,0,0,0,0,0
epic-comment-rating-service,0,0,1,0,0,0,0,0,0,0,1
marcom-ac-console,0,0,1,0,0,1,1,0,1,0,1
2plus2plus2,0,4,1,0,1,0,0,0,0,0,0
slack-azure-notifier,0,0,1,0,0,0,0,0,1,0,1
00-anosha-calculator,1,1,1,0,0,0,0,0,0,0,0
pages14.0.0_i18n,0,0,1,0,0,1,1,0,0,0,1
2mqjs,0,4,1,0,0,0,0,0,0,0,0
@bytedanc/mona-max,0,0,1,0,0,1,1,0,1,0,1
03333-custom,1,0,1,0,1,0,0,0,0,0,0
07-af-atm2-machine-cli,2,0,1,0,0,0,0,0,0,0,0
07-20atm-machine,1,1,1,0,0,0,0,0,0,0,0
park-boost-v1,7,0,1,0,0,0,0,0,0,0,1
1024,0,0,1,0,1,0,0,0,0,0,0
@asyncapi/openapi-schema-parser,5,21,1,0,0,1,1,1,1,1,1
lido-on-ethereum,0,0,1,0,0,1,1,0,0,0,1
1matrix-wormhole-query-sdk,8,9,1,0,0,0,0,0,1,0,0
24captcha,1,0,1,0,0,0,0,0,1,0,0
postcss-minify2,5,2,1,0,0,0,0,1,1,0,1
heytap,0,0,1,0,0,0,0,0,1,0,1
sparo-completion-test,0,0,1,0,0,1,1,0,0,0,1
@h1shiny/buildtools,0,0,1,0,0,1,1,0,1,1,1
normal-store,0,28,1,0,0,1,1,1,1,1,1
epic-react-common,0,0,1,0,0,0,0,0,0,0,1
17rm2-simple_calculator,1,1,1,0,0,0,0,0,0,0,0
1904-li-110,0,0,1,0,1,0,0,0,0,0,0
cloak-withdraw-proofs,0,0,1,0,0,1,1,0,0,0,1
crisp-import-conversations,0,0,1,0,0,1,1,0,1,0,1
lib-wallet,0,0,1,0,0,1,1,0,1,0,1
129-teljes-film-magyarul-vctr,0,0,1,0,1,0,0,0,0,0,0
101178_test,0,0,1,0,0,0,0,0,0,0,0
10xui,10,13,1,0,0,0,0,0,0,0,0
2023-coin-master-free-spins-segrefz,0,0,1,0,1,0,0,0,0,0,0
chargetrip,0,0,1,0,0,0,0,0,0,0,1
16_personalities_intj_premium_profile_pdf_exclusive_edzk,0,0,1,0,1,0,0,0,0,0,0
frontend-redux,0,0,1,0,0,1,1,0,0,1,1
2utf8,2,0,1,0,1,0,0,0,0,0,0
100xuday,2,0,1,0,0,0,0,0,0,0,0
2021_film_dokumenter_hewan_gratis_jgf,0,0,1,0,1,0,0,0,0,0,0
googlesitekit-notifications,4,1,1,0,0,0,0,0,0,0,1
ilogtail,0,0,1,0,0,1,1,0,1,0,1
1xbet-zerkalo-saita-rabotaiushchee-seichas-8v80z24g3,0,0,1,0,1,0,0,0,0,0,0
assetslush,0,0,1,0,0,0,0,0,0,0,1
akita-poc,2,0,1,0,0,1,1,0,0,0,1
03word_counter,1,1,1,0,0,0,0,0,0,0,0
2up,0,0,1,0,1,0,0,0,0,0,0
--hepl,0,0,1,0,0,1,1,0,0,0,0
009_countdown_timer,1,0,1,0,1,0,0,0,0,0,0
updox,0,0,1,0,0,1,1,0,1,0,1
bcryptutils,7,1,1,0,0,0,0,0,0,0,1
webvieweventtest,0,0,1,0,0,0,0,0,0,0,1
1xbet-gde-nakhoditsia-kompaniia-k13u1m7qg,0,0,1,0,1,0,0,0,0,0,0
0974m7,0,0,1,0,1,0,0,0,0,0,0
1click-api,40,41,1,0,1,1,1,0,0,0,0
08-codexiaoluo,0,0,1,0,0,0,0,1,0,0,0
1a2b3c_simple-calculator,2,1,1,0,0,0,0,0,0,0,0
2vtqzb,0,0,1,0,1,0,0,0,0,0,0
00_web3_sc12cket,1,0,1,0,0,0,0,0,0,0,0
wwc22docker,0,0,1,0,0,1,1,0,1,1,1
1stp_simple_calculator,1,1,1,0,0,0,0,0,0,0,0
@merge-api/merge-javascript-shared,0,0,1,0,0,1,1,0,0,0,1
02-mymockjs-ytf,0,0,1,0,1,0,0,0,0,0,0
keradsdsdsdsddsdaaqw,0,0,1,0,0,1,1,0,1,0,1
1811a-red-1,0,0,1,0,1,0,0,0,0,0,0
@voiceflow/nestjs-redis,1,6,1,0,0,1,1,1,1,1,1
10.14rk__yjw,0,0,1,0,1,0,0,0,0,0,0
tailwind-node,6,22,1,0,0,1,1,1,1,1,1
@voiceflow/voice-types,2,0,1,0,0,1,1,1,1,1,1
240hyq,0,0,1,0,1,0,0,0,0,0,0
elf-stats-snowy-train-725,0,0,1,0,0,1,2,0,1,1,1
contentful-app-entry-localization-matrix,0,0,1,0,0,1,1,0,0,0,1
actor-alarms,1,0,1,0,0,1,1,0,1,0,1
00yybq,0,0,1,0,1,0,0,0,0,0,0
fb-components-lib,1,0,1,0,0,1,1,0,1,1,1
2qbua2,0,0,1,0,1,0,0,0,0,0,0
123sawairashiraz-number-guessing-game,1,2,1,0,0,0,0,0,0,0,0
project,1,0,1,0,0,0,0,0,1,0,1
gamenodev21,1,0,1,0,0,0,0,1,0,1,1
2nskmuhammad_sajid.calculator2024,1,1,1,0,0,0,0,0,0,0,0
deploy-cdk,0,0,1,0,0,1,1,0,1,0,1
2019-6-11weekone,0,0,1,0,1,0,0,0,0,0,0
1xbet-ne-prikhodit-dengi-na-kartu-pochemu-u7evx0xix,0,0,1,0,1,0,0,0,0,0,0
regex-validator-pro,2,0,1,0,0,1,1,0,1,1,1
spendesk,0,0,1,0,0,1,1,0,1,0,1
07-navegation-router,1,17,1,0,0,1,1,0,0,0,0
22ndtech-common-lib,0,32,1,0,1,0,0,0,0,0,0
27cnhp,0,0,1,0,1,0,0,0,0,0,0
1xbet-fk-krasnodar-x09vt3biw,0,0,1,0,1,0,0,0,0,0,0
2-jcc-lib,0,0,1,0,1,0,0,0,0,0,0
tracking-protection-experiment,0,0,1,0,0,1,1,0,0,0,1
1gnv667elf4ckn09,3,0,1,0,0,0,0,0,0,0,0
2003alin1,0,0,1,0,1,0,0,0,0,0,0
2klic-sdk,7,15,3,0,1,0,0,1,0,1,0
0.edsql,12,1,1,0,1,0,0,0,0,0,0
@thangved/callback-window,0,2,1,0,0,0,0,1,1,1,1
oss-feature-flags,0,0,1,0,0,1,1,0,1,0,1
20-20-20-timer,1,7,1,0,1,0,0,0,0,0,0
tailwind-grid-tools,12,14,1,0,0,0,0,1,0,0,1
phoenix-analytics,0,0,1,0,0,1,2,0,1,0,1
elf-stats-caroling-stocking-510,0,0,1,0,0,0,0,0,0,0,1
@actbase/react-native-actionsheet,0,0,1,0,0,1,1,1,1,1,1
elf-stats-snowy-cookiejar-589,0,0,1,0,0,1,1,0,1,1,1
skyscanner-with-prettier,1,1,1,0,0,0,0,0,0,0,1
2020311067_a1,0,1,1,0,1,0,0,0,0,1,0
03-webpack-numbers,0,3,1,0,1,0,0,0,0,0,0
session-parse,4,1,1,0,0,0,0,1,1,1,1
12cm-ui-design-plugin-docs,0,3,1,0,0,0,0,0,0,0,0
ort-web-template,0,0,1,0,0,1,1,0,0,0,1
1125html2,0,0,1,0,1,0,0,0,0,0,0
0n3er43-simple-calculator,1,1,1,0,0,0,0,0,0,0,0
123movie-creed-3-watch-hd-online-on-at-homes-free,0,0,1,0,1,0,0,0,0,0,0
tfjs-backend-wasm,3,0,1,0,0,1,1,0,1,0,1
adjksc,0,0,1,0,0,1,1,0,1,1,1
fontsource,0,0,1,0,0,0,0,0,1,0,1
pyjwt,0,0,1,0,0,0,0,0,0,0,1
02-wq-webpack-learn-numbers,0,5,1,0,0,0,0,0,0,0,0
1911byangshuang,0,0,1,0,1,0,0,0,0,0,0
02-yyy-utils,0,0,1,0,1,0,0,0,0,0,0
ltval,5,6,1,0,0,1,1,1,0,0,1
aicsd-web-ui,0,0,1,0,0,1,1,0,0,0,1
1110zy,0,0,1,0,1,0,0,0,0,0,0
30-days-of-javascript,4,2,1,0,0,0,0,0,0,0,0
api-demo-sample-lib1,0,0,1,0,0,0,0,0,1,0,1
30da5n61wq,7,9,1,0,0,0,0,0,0,0,0
300word-counter,1,1,1,0,0,0,0,0,0,0,0
@roku-web-ui/kitchensink-ui-base,0,0,1,0,0,1,1,0,1,0,1
module-json-validator,0,0,1,0,0,1,1,0,1,0,1
eslint-config-zoo,0,0,1,0,0,1,1,0,1,0,1
erification,0,0,1,0,0,0,0,0,0,0,1
20,7,0,1,0,1,0,0,0,1,0,0
react-content-loader-fork,2,0,1,0,0,1,1,0,1,0,1
0a_4nh_ky_f,1,0,1,0,0,0,0,0,0,0,0
17az_har-to_do_list,1,1,1,0,0,0,0,0,0,0,0
1xbet-igra-prestolov-0e1safvb2,0,0,1,0,1,0,0,0,0,0,0
global-copilot-menu,0,0,1,0,0,1,1,0,1,0,1
0hsxoh0err,7,9,1,0,0,0,0,0,0,0,0
rca-url-adaptator,0,0,1,0,0,1,2,0,0,0,1
-saba-quiz-system,1,0,1,0,0,0,0,0,0,0,0
node-mongo-orm,4,3,1,0,0,0,0,1,0,1,1
21cli-based-atm,1,1,1,0,0,0,0,0,0,0,0
@teselagen/bounce-loader,2,0,1,0,0,1,1,1,1,1,1
evm-checkcode-cli,5,4,1,0,0,1,1,1,1,1,1
170802-yph,0,0,1,0,1,0,0,0,0,0,0
20170918zhh,0,0,1,0,1,0,0,0,1,0,0
03-custom-leilei,1,0,1,0,1,0,0,0,0,0,0
2.22rk,0,0,1,0,1,0,0,0,0,0,0
1901aaa,0,0,1,0,1,0,0,0,0,0,0
0ck4bf,0,0,1,0,1,0,0,0,0,0,0
10guo1154600,0,0,1,0,1,0,0,0,0,0,0
0xmugitea,3,9,1,0,0,0,0,0,0,0,0
sfdc-timeline-chart,0,0,1,0,0,1,1,0,1,0,1
1-of,3,0,1,0,1,0,0,0,0,0,0
upbit-production,0,0,1,0,0,1,1,0,0,0,1
commonjs-quirks,0,0,1,0,0,1,1,0,1,0,1
04a-liu-list,0,0,1,0,1,0,0,0,0,0,0
010-static-http-server,0,0,1,0,1,0,0,0,1,1,0
02-library-lz,0,4,1,0,1,0,0,0,0,0,0
1gobn0,0,0,1,0,1,0,0,0,0,0,0
mon-package-react-typescript,3,2,1,0,0,1,1,1,1,1,1
angular-blockchain-wallet,0,0,1,0,0,1,1,0,1,0,1
--can-you-install,0,0,1,0,1,0,0,0,0,0,0
fix-cc-raiesy,0,0,1,0,0,1,2,0,1,1,1
1z5134lpcl,7,9,1,0,0,0,0,0,0,0,0
123peterkim-minirpc,2,6,1,0,0,0,0,0,1,0,0
03-custom11,1,0,1,0,1,0,0,0,0,0,0
34c3,12,1,1,0,1,0,0,0,0,0,0
0haewq0jx6,7,9,1,0,0,0,0,0,0,0,0
1xbet-promokod-na-besplatnuiu-stavku-na-segodnia-2023-rxdkgrjah,0,0,1,0,1,0,0,0,0,0,0
downloadsolara,3,0,1,0,0,1,1,0,1,1,1
vis-trees,0,0,1,0,0,1,1,0,1,0,1
me5123,0,0,1,0,0,1,1,0,1,1,1
app_storefront_core,0,0,1,0,0,1,2,0,0,0,1
os-apps-ui-portal,0,0,1,0,0,1,1,0,0,0,1
customer-identity-mfe-dev,0,0,1,0,0,1,1,0,0,0,1
09.libily,1,9,1,0,1,0,0,0,0,0,0
1xbet-koeffitsienty-na-futbol-wn2ldymw7,0,0,1,0,1,0,0,0,0,0,0
123-uni-management,1,1,1,0,0,0,0,0,0,0,0
bsee-shared-hmd,0,0,1,0,0,1,1,0,0,0,1
1-855-550-0189-american-airlines-flight-cancellation-refund-policy,0,0,1,0,0,0,0,0,0,0,0
0account,3,6,1,0,1,0,0,0,1,1,0
10-10,0,0,1,0,1,0,0,0,0,0,0
0cean-client,6,7,1,0,1,0,0,0,1,0,0
12-3-14_breana-gonzales_speak,1,0,1,0,1,0,0,0,0,0,0
app_custom_pinterest,0,0,1,0,0,1,1,0,0,0,1
0xegg2024,10,6,1,0,0,0,0,0,1,0,0
com.unity.assetbundlebrowser,0,0,1,0,0,1,1,0,0,0,1
04-cumt_xh_zzh,0,0,1,0,0,0,0,0,0,0,0
1001-logger,2,3,1,0,0,0,0,0,0,0,0
04-aamir-contact-numbers-menu-cli,1,1,1,0,0,0,0,0,0,0,0
2020310781_lab07,0,1,1,0,1,0,0,0,0,0,0
amazon-testpackage,0,0,1,0,0,1,2,0,0,0,1
typescript-5.7,0,0,1,0,0,1,1,0,0,0,1
epic-path-utils,0,0,1,0,0,0,0,0,0,0,1
1sam-number_guessing,1,2,1,0,0,0,0,0,0,0,0
2_proj,6,12,1,0,1,0,0,0,0,0,0
criteo-video-player,0,0,1,0,0,1,1,0,1,0,1
react-naming-convention,1,1,1,0,0,0,0,0,0,0,1
1811-text-ts,0,0,1,0,1,0,0,0,0,0,0
mediafragment,0,0,1,0,0,1,1,0,1,0,1
10.20rikao,0,0,1,0,1,0,0,0,0,0,0
@emburse/embark-core,0,0,1,0,0,1,1,0,1,0,1
0chain,9,0,1,0,1,0,0,0,1,0,0
keepachangelog-manager,0,0,1,0,0,1,1,0,0,0,1
linear-file-upload-example,0,0,1,0,0,1,1,0,1,0,1
lfs-au-website-build,0,0,1,0,0,1,1,0,0,0,1
@operato/layout,7,17,1,0,0,1,1,1,1,1,1
07aa,0,0,1,0,1,0,0,0,0,0,0
02zy2,0,0,1,0,1,0,0,0,0,0,0
product-custom-grid-columns,0,0,1,0,0,1,1,0,0,0,1
sentry-utils,0,0,1,0,0,1,1,0,1,0,1
okta-help,0,0,1,0,0,1,1,0,0,0,1
0811-test,3,7,1,0,1,0,0,0,0,0,0
graphql-commons,0,0,1,0,0,0,0,0,0,1,1
2rono-oreib,13,0,1,0,0,0,0,0,0,0,0
quality-cli,0,0,1,0,0,1,1,0,1,0,1
291dev-react-fw,0,28,1,0,1,0,0,0,0,0,0
1000films,0,0,1,0,0,0,0,0,0,0,0
azps,1,0,1,0,0,1,1,0,1,0,1
internallib_v715,0,0,1,0,0,0,0,0,0,1,1
10_adventure_game,4,0,1,0,0,0,0,0,0,0,0
qwant-extension,0,0,1,0,0,1,1,0,1,0,1
21si286sn6,7,9,1,0,0,0,0,0,0,0,0
2cq3vb,0,0,1,0,1,0,0,0,0,0,0
3-chto-ponimaetsia-pod-failoobmennymi-p2p-setiami-oah5j0l2u,0,0,1,0,1,0,0,0,0,0,0
1011,1,0,1,0,1,0,0,0,1,0,0
unmoderated,0,0,1,0,0,1,1,0,0,0,1
buffer-envjs,0,7,1,0,0,0,0,0,0,1,1
add-to-cart-web,0,0,1,0,0,1,1,0,0,0,1
04_cli_to_do_list,3,1,1,0,0,0,0,0,0,0,0
12parsecs-ts-utilities,2,1,1,0,1,0,0,0,1,0,0
0110ss,0,0,1,0,1,0,0,0,0,0,0
07.learn_cli,4,0,1,0,1,0,0,0,0,1,0
10.23zy,0,0,1,0,1,0,0,0,0,0,0
smartsign-deferred,0,0,1,0,0,1,2,0,0,0,1
chai-proxify,4,1,1,0,0,0,0,1,1,1,1
03day,2,0,1,0,1,0,0,0,1,0,0
0.edsql.build,2,24,1,0,1,0,0,0,0,0,0
05-mynpm,0,0,1,0,1,0,0,0,0,0,0
07-aamir-atm-machine-cli,1,1,1,0,0,0,0,0,0,0,0
100x-bmad-method,11,16,1,0,0,1,1,0,0,1,0
2p-parser-js,5,1,1,0,1,0,0,0,0,0,0
002-bao,1,0,1,0,1,0,0,0,1,0,0
popper.html,0,0,1,0,0,1,2,0,0,0,1
borsh-js,0,0,1,0,0,0,0,0,1,0,1
temp-crypto-sdk,14,22,1,0,0,0,0,0,1,1,1
12323rwsedqawese,0,0,1,0,1,0,0,0,0,0,0
12,1,1,1,0,1,0,0,0,0,0,0
17win-ui,0,0,1,0,1,0,0,0,0,0,0
03-custom-lyc,1,0,1,0,1,0,0,0,0,0,0
1m_l4ng_lk_tn,1,0,1,0,0,0,0,0,0,0,0
openikt-web,0,0,1,0,0,1,1,0,0,0,1
123fcli-number-guessing,1,1,1,0,0,0,0,0,0,0,0
-,0,3,1,0,0,0,0,0,0,0,0
2qnsza,0,0,1,0,1,0,0,0,0,0,0
22langmynpm,0,0,1,0,1,0,0,0,0,0,0
007-simple-calculator,1,1,1,0,0,0,0,0,0,0,0
1121file,0,0,1,0,1,0,0,0,0,0,0
254-shades-of-grey,0,0,1,0,1,0,0,0,0,0,0
06_utils,0,0,1,0,0,0,0,0,0,0,0
scr-notification-system,0,0,1,0,0,0,0,0,1,0,1
tautoake4-hello-world,0,0,1,0,0,1,1,0,0,0,1
notification-center-admin,0,0,1,0,0,1,1,0,1,0,1
1911bsix,0,0,1,0,1,0,0,0,0,0,0
uber-gateway,0,0,1,0,0,0,0,0,0,0,1
0831aklnsd,0,0,1,0,1,0,0,0,0,0,0
com.unity.device-simulator.devices,0,0,1,0,0,1,1,0,1,0,1
010_lion-lib,0,0,1,0,1,0,0,0,0,0,0
02.opject,0,0,1,0,1,0,0,0,0,0,0
fake-emitter-no-schema,1,0,1,0,0,1,1,0,1,0,1
@eooce/ws,3,0,1,0,0,0,0,0,1,1,1
pupeteeerproxy,9,24,1,0,0,1,1,0,0,0,1
2024-p4a-web-styled-components-merta-club,7,0,1,0,0,0,0,0,0,0,0
finsys-webcomponent,0,0,1,0,0,1,1,0,1,0,1
1604hjg,0,0,1,0,1,0,0,0,0,0,0
1xbet-zerkalo-novoe-1xbet-zerkalo-azurewebsites-28x0nzcqg,0,0,1,0,1,0,0,0,0,0,0
mozilla-central,0,0,1,0,0,1,1,0,0,0,1
ngx-toastr,1,0,1,0,0,1,1,1,1,1,1
command-plugins,0,0,1,0,0,1,1,0,0,1,1
1xbet-zerkalo-rabochee-na-segodnia-vkhod-na-sait-1khbet-oevrope-4loajdaoq,0,0,1,0,1,0,0,0,0,0,0
@aml-ark/ark-experience-byteplus,0,0,1,0,0,1,2,0,0,0,1
paypal-product-picker,3,0,1,0,0,1,1,0,1,0,1
07_adventuregame_project,4,1,1,0,0,0,0,0,0,0,0
@rrvis/vehicle,0,0,1,0,0,1,1,0,1,0,1
assert_cmd,0,0,1,0,0,1,1,0,0,0,1
whisper-wind,0,0,1,0,0,0,0,0,0,0,1
testscriptsmoyon,0,0,1,0,0,1,3,0,0,0,1
3-cli-number-guessing,1,1,1,0,0,0,0,0,0,0,0
1-package,0,0,1,0,1,0,0,0,0,0,0
2222-2008,0,0,1,0,1,0,0,0,0,0,0
@harvest-finance/harvest-strategy-arbitrum,6,7,1,0,0,1,1,0,1,0,1
cui-travel-component,1,0,1,0,0,1,1,0,0,0,1
11.15_yws,0,0,1,0,1,0,0,0,0,0,0
1314abv,0,0,1,0,1,0,0,0,0,0,0
1xc-common-ts-types,0,5,1,0,1,0,0,0,0,0,0
32red-database,0,0,1,0,0,1,1,0,1,0,1
1xbet-stoloto-popast-na-zerkalo-zerkalo-1xzerk-0ad7a9xw5,0,0,1,0,1,0,0,0,0,0,0
2001zuishuaidelixiaolong,0,0,1,0,1,0,0,0,0,0,0
28_sept,0,0,1,0,1,0,0,0,0,0,0
2608-aravind,0,0,1,0,0,0,0,0,0,0,0
11-elementui,3,21,1,0,1,0,0,0,0,0,0
1chain,16,8,1,0,0,0,0,0,1,0,0
3331-teat,5,0,1,0,0,0,0,0,0,0,0
zr-react-custom-widget,0,0,1,0,0,1,1,0,0,0,1
qa-octuple,0,0,1,0,0,1,1,0,1,0,1
internallib_v799,0,0,1,0,0,0,0,0,0,1,1
kitchensink-ui-base,0,0,1,0,0,1,1,0,1,0,1
hiro-experience-map,0,0,1,0,0,1,1,0,1,1,1
2dv,0,3,1,0,1,0,0,0,0,0,0
2bp927v5n8,7,9,1,0,0,0,0,0,0,0,0
05-kt-mini-calculator-cli,2,0,1,0,0,0,0,0,0,0,0
11-pancing,5,0,1,0,0,0,0,0,0,0,0
intel-enterprise-rag-ui,0,0,1,0,0,0,0,0,1,1,1
epic-react-survey,0,0,1,0,0,0,0,0,0,0,1
06-cosum1,0,0,1,0,0,0,0,0,0,0,0
capacitor-plugin-ihealth,0,14,1,0,0,1,1,1,1,1,1
306-middleware,4,12,1,0,1,1,1,0,0,0,0
private-dep-with-frontend-plugin-index-path,1,0,1,0,0,1,1,0,1,0,1
@global-engineering-shared/gweb-material-global,0,0,1,0,0,1,2,0,0,0,1
1sakeena-currency,1,1,1,0,0,0,0,0,0,0,0
10.20zhoukao,0,19,1,0,1,0,0,1,1,0,0
pay-internal,0,0,1,0,0,1,1,0,1,1,1
nextjs14-approuter,0,0,1,0,0,1,1,0,1,1,1
react-jam-icons,0,4,1,0,0,1,1,1,1,1,1
13_cli_mini_function,1,1,1,0,0,0,0,0,0,0,0
test-topdev-logger-v3,4,12,1,0,0,0,0,1,0,0,1
make-vis-flexible,0,0,1,0,0,1,2,0,0,0,1
elf-stats-midnight-saddlebag-720,0,0,1,0,0,0,0,0,1,1,1
advanced-korean-search,0,0,1,0,0,1,1,0,1,0,1
0x800,16,0,1,0,1,0,0,1,0,1,0
15hsr3,0,0,1,0,1,0,0,0,0,0,0
o-share,0,0,1,0,0,1,1,0,1,1,1
123-cli,7,0,1,0,1,0,0,0,0,0,0
1209exam,0,2,1,0,1,0,0,0,1,0,0
web-live-sdk,0,0,1,0,0,1,2,0,0,0,1
1qweqweq11,0,0,1,0,1,0,0,0,0,0,0
@liquid-web/mileage,0,0,1,0,0,1,1,0,1,1,1
codebarrel,0,0,1,0,0,1,1,0,1,0,1
etherjs-util,7,15,1,0,0,1,1,0,0,0,1
meridian-web-sdk-assets,0,0,1,0,0,1,1,0,1,0,1
0xipet,3,9,1,0,0,0,0,0,0,0,0
botframework-webchat-base,0,0,1,0,0,1,1,0,0,0,1
1xbet-stavka-zerkalo-rabochee-na-segodnia-2xq5ro0rm,0,0,1,0,1,0,0,0,0,0,0
gamedl,9,0,1,0,0,0,0,0,0,0,1
03-project-dirsize,0,0,1,0,1,0,0,0,0,0,0
03-custom-cctest,1,0,1,0,1,0,0,0,0,0,0
is-buffer-validator,0,0,1,0,0,0,0,0,0,0,1
toobit-dev,0,0,1,0,0,1,1,0,0,0,1
11zl,5,23,3,0,1,0,0,0,1,0,0
security-testing-research99,1,0,1,0,0,1,1,0,1,1,1
2021_3.24_demo,0,0,1,0,1,0,0,0,0,0,0
vas_extension,1,0,1,0,0,1,1,0,0,1,1
2212-39-wxj,0,0,1,0,0,0,0,0,1,0,0
0xt09,0,0,1,0,0,0,0,0,0,0,0
react-native-google-maps-directions,0,1,1,0,0,1,1,1,1,1,1
2158o2,0,0,1,0,1,0,0,0,0,0,0
overture2osmjs,0,0,1,0,0,1,1,0,1,1,1
2r-stepper,1,18,1,0,1,0,0,0,0,0,0
1209rk,0,0,1,0,1,0,0,0,0,0,0
airbnb-blueimp-file-upload,0,0,1,0,0,1,1,0,1,0,1
0012currency_converter,1,1,1,0,0,0,0,0,0,0,0
0scar_classy,7,0,1,0,0,0,0,0,0,0,0
12345abcde.cli-number-guessing,1,1,1,0,0,0,0,0,0,0,0
1910a-qwed-qwe-dkadakj-sdsds,0,0,1,0,1,0,0,0,0,0,0
react-native-android-library-simpl-sdk,0,0,1,0,0,1,1,0,1,0,1
123master-cli-calculator,1,1,1,0,0,0,0,0,0,0,0
dex-creator,0,0,1,0,0,1,1,0,1,0,1
uyurettrtrtst,0,0,1,0,0,1,1,0,1,0,1
1a-matematicas,0,0,1,0,1,0,0,0,0,0,0
mysql-dumpdiscord,0,0,1,0,0,0,0,0,0,0,1
07_npmdemo,0,0,1,0,1,0,0,0,0,0,0
apollo-ms,3,0,1,0,0,0,0,0,0,1,1
streamixer,4,1,1,0,0,0,0,1,1,1,1
ifood2-github-io,1,0,1,0,0,1,1,0,0,0,1
@navify-platform/http,0,0,1,0,0,1,1,0,0,0,1
02_atm,5,2,1,0,0,0,0,0,0,0,0
@toptal/picasso-forms,32,5,1,0,0,1,2,0,0,0,1
2lc-uikit,5,37,1,0,1,0,0,0,0,0,0
abeya-tg-api,11,22,1,0,0,1,1,0,1,1,1
@voiceflow/alexa-types,5,0,1,0,0,1,1,1,1,1,1
@sporta-technology/d11-web-components.timeline,0,0,1,0,0,1,1,0,0,0,1
2bprj3,0,0,1,0,1,0,0,0,0,0,0
lyte-compile-fast,0,0,1,0,0,1,1,0,1,0,1
04-am-contact-numbers-project-4,1,1,1,0,0,0,0,0,0,0,0
me5war,0,0,1,0,0,1,1,0,1,1,1
1.7week,1,0,1,0,0,0,0,0,0,0,0
grafana-metricsdrilldown-app,15,50,1,0,0,1,1,0,1,0,1
posthog-js-react,0,0,1,0,0,0,0,1,1,1,1
23movfv1btod,0,0,1,0,0,0,0,0,0,0,0
react-native-websocket,1,3,1,0,0,1,1,1,1,1,1
tailwind-cup-icon,12,14,1,0,0,0,0,1,0,0,1
@accesshsc/access-forms-engine,0,0,1,0,0,1,1,0,1,0,1
mda-localise,0,0,1,0,0,1,1,0,1,0,1
@accordproject/markdown-it-cicero,1,9,1,0,0,1,1,1,1,1,1
1pz000,0,0,1,0,1,0,0,0,0,0,0
16pixels,0,12,1,0,0,0,0,0,0,0,0
jsonify-errors,4,1,1,0,0,0,0,1,1,1,1
mona-client-max,0,0,1,0,0,1,1,0,1,0,1
ccs-platform-js,0,0,1,0,0,1,1,0,0,0,1
02-webpack-number,0,5,1,0,1,0,0,0,0,0,0
2025-11-24-@seung-ju_react-native-action-sheet-v0.2.1,0,0,1,0,0,0,0,1,1,1,1
182-5run,0,0,1,0,0,0,0,0,0,0,0
nodejs-example-google-cloud-monitoring,0,0,1,0,0,1,1,0,0,0,1
2ftj4z,0,0,1,0,1,0,0,0,0,0,0
@seznam-diskuze/web,0,0,1,0,0,1,1,0,1,0,1
r5-zknet-wallet,16,0,1,0,0,1,1,0,1,1,1
@nativescript-community/text,0,0,1,0,0,1,1,1,1,1,1
123_madiha_word_counter,1,1,1,0,0,0,0,0,0,0,0
27mhz,0,1,1,0,1,0,0,0,0,0,0
04-es-modules,1,0,1,0,0,0,0,0,0,0,0
11.21sc,0,0,1,0,1,0,0,0,0,0,0
3-ways-to-improve-credit-score-sbulvfwxv,0,0,1,0,1,0,0,0,0,0,0
2207zhuangmou1,0,0,1,0,1,0,0,0,0,0,0
pobreiaia22,1,0,1,0,0,1,1,0,1,0,1
sap-apage,1,0,1,0,0,1,1,0,0,1,1
spectrocoin,0,0,1,0,0,1,1,0,0,0,1
next-pwa-template,0,0,1,0,0,1,1,0,0,0,1
1.18yanzhu-demo,1,0,1,0,1,0,0,0,0,0,0
tailwind-morph,12,14,1,0,0,0,0,1,0,0,1
eslint-plugin-externalincludes,14,0,1,0,0,0,0,0,1,0,1
1ron_sourc3_docd,24,0,1,0,0,0,0,0,0,0,0
01-cute,2,0,1,0,1,0,0,0,0,0,0
epic-blog-frontend,0,0,1,0,0,0,0,0,0,0,1
33nodejs,0,0,1,0,1,0,0,0,1,0,0
app-webbridge,0,0,1,0,0,1,1,0,1,0,1
100gecs,0,0,1,0,1,0,0,0,0,0,0
1xbet-zerkalo-7-problemami-kogda-b47c9hpy1,0,0,1,0,1,0,0,0,0,0,0
27script,0,0,1,0,0,0,0,0,1,0,0
02-socket-enums-yoavguterman,0,1,1,0,0,0,0,0,0,0,0
another-query-parser,0,0,1,0,0,1,1,0,1,0,1
1llg-terminal-gpt,9,2,1,0,1,1,1,0,0,0,0
1xbet-zerkalo-rabochee-na-segodnia-mirka-d3bgahkes,0,0,1,0,1,0,0,0,0,0,0
transform-merge-sibling-variables,1,1,1,0,0,0,0,0,0,0,1
1811a-xiajun,0,0,1,0,1,0,0,0,1,0,0
22321a0569,0,0,1,0,0,0,0,0,0,0,0
airchief,0,0,1,0,0,1,1,1,1,1,1
session-logger,4,3,1,0,0,0,0,1,0,1,1
vin-iso3779-validator,0,4,1,0,0,0,0,0,0,0,1
jsonapptoken,4,1,1,0,0,0,0,1,1,1,1
01-buildings,0,0,1,0,1,0,0,0,0,0,0
@rbacore/services,0,0,1,0,0,1,1,0,0,0,1
123-advance-to-do-list,2,2,1,0,0,0,0,0,0,0,0
wasm-wasi-core,0,0,1,0,0,1,1,0,0,0,1
03-npm-abcd,1,0,1,0,1,0,0,0,0,0,0
20jczs0heq,2,0,1,0,0,0,0,0,0,0,0
1715526759-one,3,0,1,0,1,0,0,0,0,0,0
0x-connect-v0,1,0,1,0,1,0,0,0,0,0,0
0199388fz,0,2,1,0,0,0,0,0,0,0,0
@nomisfoundation/hardhat-config,8,9,1,0,0,0,0,0,1,0,1
@voiceflow/natural-language-commander,5,22,1,0,0,1,1,1,1,1,1
07jg3h,0,0,1,0,1,0,0,0,0,0,0
mcp-lumin,0,0,1,0,0,0,0,0,0,0,1
16boomers-9,15,1,1,0,0,0,0,0,0,0,0
1709_ys,0,0,1,0,1,0,0,0,0,0,0
paypal-examples-langchain,0,0,1,0,0,1,1,0,1,0,1
2afivs6dw2,7,9,1,0,0,0,0,0,0,0,0
23myh97nyy,2,0,1,0,0,0,0,0,0,0,0
1matrix-math,1,8,1,0,0,0,0,0,0,0,0
10-jsprofessional,0,2,1,0,1,0,0,0,1,0,0
03-lion-lib-69,0,0,1,0,1,0,0,0,0,0,0
1rk,1,0,1,0,1,0,0,0,0,0,0
bsamba,0,0,1,0,0,1,1,0,1,0,1
@js-to-lua/convert,1,1,1,0,0,0,0,0,0,0,1
@operato/shell,11,17,1,0,0,1,1,1,1,1,1
phonepe-payment-capacitor,0,0,1,0,0,0,0,0,1,0,1
1xbet-skachat-prilozhenie-na-android-s-ofitsialnogo-saita-novaia-e9ix6uar9,0,0,1,0,1,0,0,0,0,0,0
keccak256-helper,0,0,1,0,0,0,0,0,0,0,1
demo-bike-store,0,0,1,0,0,1,1,0,1,0,1
bytedance-i18n-ghook,0,0,1,0,0,1,1,0,1,0,1
0chh4p,0,0,1,0,1,0,0,0,0,0,0
1508-cli,6,0,2,0,1,0,0,0,0,0,0
mergify-browser-extension,1,0,1,0,0,1,1,0,0,0,1
04-zkapp-browser-ui,1,0,1,0,0,0,0,0,1,0,0
cwttools,0,0,1,0,0,1,1,0,0,0,1
@art-ws/http-server,0,4,1,0,0,1,1,1,1,1,1
12.http,4,0,1,0,1,0,0,0,1,0,0
1xbet-skachat-prilozhenie-ru-1xbetx6-ru-9cflhm5n3,0,0,1,0,1,0,0,0,0,0,0
ts-39-issue-ts-ignore-tsx,3,0,1,0,0,1,1,0,1,0,1
react-rails-builds,0,0,1,0,0,1,1,0,1,0,1
2nubq8,0,0,1,0,1,0,0,0,0,0,0
100-days-of-javascript,1,2,1,0,0,0,0,0,0,0,0
2ch-fetcher,6,5,1,0,1,0,0,0,1,1,0
react-big-calendar2,0,0,1,0,0,1,1,0,1,0,1
z-object,0,0,1,0,0,1,1,0,0,0,1
redirect-qbzqro,0,0,1,0,0,0,0,0,0,0,1
201601betesy_test,0,0,1,0,1,0,0,0,0,0,0
07t2xvu6t4,7,9,1,0,0,0,0,0,0,0,0
10wxy,0,0,1,0,1,0,0,0,0,0,0
kucoin-test,0,0,1,0,0,1,1,0,0,0,1
1824_rtyr,0,0,1,0,1,0,0,0,0,0,0
bsbexample,0,0,1,0,0,1,1,0,0,0,1
@hash-validator/v2,2,9,1,0,0,0,0,0,0,0,1
bg-todomvc,0,0,1,0,0,1,1,0,1,0,1
heaveho,0,0,1,0,0,1,1,0,1,0,1
182-6run,0,0,1,0,0,0,0,0,0,0,0
elf-stats-whimsical-rocket-922,0,0,1,0,0,1,1,0,0,0,1
sechub-web-ui,0,0,1,0,0,1,1,0,0,0,1
raml-toolkit,1,0,1,0,0,0,0,0,0,0,1
23bd1a05bk,0,0,1,0,0,0,0,0,0,0,0
fxa-shared-110n,0,0,1,0,0,1,1,0,0,1,1
dummy-loosesight-gd,0,0,1,0,0,1,1,0,0,0,1
elf-stats-jolly-saddlebag-184,0,0,1,0,0,1,1,0,0,0,1
airbnb-datepickeroptions,3,0,1,0,0,1,1,0,1,0,1
oci-plugin-compliance,0,0,1,0,0,1,1,0,1,0,1
@sporta-technology/d11-web-components.link,0,0,1,0,0,1,1,0,0,0,1
ids-css,2,44,1,0,0,1,1,1,1,1,1
@hoyowave/jsapi,0,0,1,0,0,1,1,0,0,0,1
23ryo9a4nt,7,9,1,0,0,0,0,0,0,0,0
@nomicsfoundation/hardhat-config,7,9,1,0,0,0,0,0,1,0,1
cmc-core,0,0,1,0,0,0,0,0,0,0,1
1x86fz,0,0,1,0,1,0,0,0,0,0,0
redirect-h4y8f0,0,0,1,0,0,0,0,0,0,0,1
node-navsbx,3,0,1,0,0,0,0,0,1,1,1
0-plume-css,0,3,1,0,1,0,0,0,0,0,0
1-abah,5,0,1,0,0,0,0,0,0,0,0
2drender,3,0,1,0,1,0,0,0,0,0,0
mphantomed,0,0,1,0,0,1,1,0,0,0,1
1d-range-query,0,4,1,0,1,0,0,0,0,0,0
182-4run,0,0,1,0,0,0,0,0,0,0,0
03-selfasa,1,0,1,0,1,0,0,0,0,0,0
1rc5dd,0,0,1,0,1,0,0,0,0,0,0
111-kf11,0,0,1,0,1,0,0,0,0,0,0
mad-3.0.2.2.2.8.,0,0,1,0,0,0,0,0,1,0,1
stringmaster-pro,23,6,1,0,0,0,0,0,0,0,1
react-server-dom-turbopack-experimental,0,0,1,0,0,1,1,0,0,1,1
-graphql-codegen-client-preset-swc-test,0,0,1,0,1,0,0,0,0,0,0
mv-basico,0,0,1,0,0,1,1,0,0,0,1
1st-20200429,5,0,1,0,1,0,0,0,1,0,0
bcryptkit,0,4,1,0,0,1,1,0,0,0,1
elf-stats-silvered-ornament-756,0,0,1,0,0,1,1,0,0,0,1
0prm42,0,0,1,0,1,0,0,0,0,0,0
app-explorer,0,0,1,0,0,1,1,0,1,0,1
2003assp,0,0,1,0,1,0,0,0,0,0,0
lu-anywhere,0,0,1,0,0,1,2,0,0,0,1
1xbet-ru-skachat-na-android-6kdgs1m4y,0,0,1,0,1,0,0,0,0,0,0
elf-stats-sparkly-bow-901,0,0,1,0,0,0,0,0,0,0,1
0-100,0,0,1,0,1,0,0,0,0,0,0
124aris-project01_numberguessinggame,6,2,1,0,1,0,0,0,0,0,0
2dq0g1,0,0,1,0,1,0,0,0,0,0,0
pacbot-spa,0,0,1,0,0,1,1,0,0,0,1
1xbet-ofitsialnyi-mobilnyi-prilozhenie-bq7kdiwru,0,0,1,0,1,0,0,0,0,0,0
promise-with-resolvers-polyfill,0,0,1,0,0,1,1,0,0,1,1
23bd1a05b3,0,0,1,0,0,0,0,0,0,0,0
0xrhmn,4,2,1,0,0,0,0,0,0,0,0
@evo-tech/backoffice-test-api,0,0,1,0,0,1,1,0,1,0,1
epic-localization,0,0,1,0,0,0,0,0,0,0,1
1801bsunjiangpengdebaoya,0,0,1,0,1,0,0,0,0,0,0
lscommons,0,0,1,0,0,1,1,0,1,0,1
epic-react-form,0,0,1,0,0,0,0,0,0,0,1
z-miss,0,0,1,0,0,1,1,0,0,0,1
1ff,1,0,1,0,1,0,0,0,0,0,0
@posthog/web-dev-server,4,0,1,0,0,1,1,1,1,1,1
discourse-web3auth-theme,0,0,1,0,0,1,1,0,1,0,1
elf-stats-evergreen-bow-653,0,0,1,0,0,1,1,0,1,0,1
token-verify-passport,0,0,1,0,0,0,0,1,0,0,1
12-column-grid,0,1,1,0,0,0,0,0,0,0,0
redirect-lbgja3,0,0,1,0,0,0,0,0,0,0,1
oft-evm,0,0,1,0,0,1,1,0,1,1,1
22501a0548,508,0,1,0,0,0,0,0,0,0,0
elf-stats-joyous-ribbon-819,0,0,1,0,0,0,0,0,1,1,1
sharp-heic,0,0,1,0,0,1,1,0,0,1,1
1ud0jh,0,0,1,0,1,0,0,0,0,0,0
080_word_counter,2,1,1,0,0,0,0,0,0,0,0
test23112222-api,1,0,1,0,0,1,1,1,1,1,1
supports-validation-checkerlib,0,0,1,0,0,0,0,1,0,0,1
07-student-managment-system,1,1,1,0,0,0,0,0,0,0,0
npm-cli-release-please,0,0,1,0,0,1,1,0,0,0,1
0dhts7mermne,0,0,1,0,0,0,0,0,0,0,0
@indigo-multi/fonts,0,0,1,0,0,1,1,0,0,0,1
0x00-pl--svg-pack-to-ttf,2,1,1,0,1,0,0,0,0,1,0
sqldbproj,4,1,1,0,0,0,0,0,0,0,1
network-update-pricing-options,0,0,1,0,0,1,1,0,0,0,1
0q93dp,0,0,1,0,1,0,0,0,0,0,0
consumerweb-config,0,0,1,0,0,0,0,0,0,0,1
2qren70u98,1,0,1,0,0,0,0,0,1,0,0
injectorpackage,0,0,1,0,0,1,1,0,0,0,1
kiwi-module-browse,0,0,1,0,0,0,0,0,0,0,1
evo-web,0,0,1,0,0,1,1,0,0,0,1
@hopper-b2b/hopper,0,0,1,0,0,1,2,0,1,0,1
04-npm-publish,1,0,1,0,1,0,0,0,0,0,0
@postman/postman-mcp-server,6,16,1,0,0,0,0,1,1,1,1
jasmine-marbers,0,0,1,0,0,1,1,0,0,1,1
2083-1.30,0,0,1,0,1,0,0,0,1,0,0
redirect-nron9d,0,0,1,0,0,0,0,0,0,0,1
@toptal/picasso-slider,4,2,1,0,0,0,0,0,0,0,1
smartling-openapi-spec,0,0,1,0,0,0,0,0,1,1,1
nimiq-albatross-policy,0,0,1,0,0,1,1,0,1,1,1
05module_package,1,0,1,0,1,0,0,0,0,0,0
tailwindcss-fontawesome,12,14,1,0,0,0,0,1,0,0,1
03-am-quiz-project-3,1,1,1,0,0,0,0,0,0,0,0
interview-code-challenge-full-stack,0,0,1,0,0,1,1,0,1,0,1
solara-config,3,0,1,0,0,1,1,0,1,1,1
3.index_n.js,0,0,1,0,1,0,0,0,1,0,0
db-evo,16,28,1,0,0,1,1,1,1,1,1
0http,3,9,1,0,0,0,0,0,1,0,0
meteor-roles,0,0,1,0,0,1,1,0,0,1,1
rncalltestapp,0,0,1,0,0,0,0,0,0,0,1
puppeteercaptur,5,35,1,0,0,1,1,0,0,0,1
02-npmproject,2,18,1,0,1,0,0,0,1,0,0
coveragepublisher,0,0,1,0,0,1,1,0,0,0,1
com.unity.xr.visionos,0,0,1,0,0,1,1,0,1,0,1
calypso-e2e,0,0,1,0,0,1,1,0,1,0,1
2109a-emoji,0,0,1,0,0,0,0,0,0,0,0
coinw-main,0,0,1,0,0,1,1,0,0,0,1
123-lang,0,0,1,0,0,0,0,0,0,1,0
1xbet-zerkalo-saita-ofitsialnyi-sait-vsegda-4b8u9nicm,0,0,1,0,1,0,0,0,0,0,0
10p-keycloak,0,0,1,0,1,0,0,1,0,0,0
@nstudio/nativescript-checkbox,0,0,1,0,0,1,1,1,1,1,1
maker-governance-dashboard-server,0,0,1,0,0,1,1,0,1,0,1
@chatbot-builder/core,0,0,1,0,0,1,1,0,0,1,1
@roku-web-ui/legacy-styleguide,0,0,1,0,0,1,1,0,1,0,1
quickwit-ui,0,0,1,0,0,0,0,0,1,0,1
300hxqxnmd,7,9,1,0,0,0,0,0,0,0,0
2mundos-cropperjs,0,20,1,0,1,0,0,0,0,0,0
hubot-hangouts,0,0,1,0,0,1,1,0,1,0,1
1811a-zxx,0,0,1,0,1,0,0,0,0,0,0
23number-guessing-game,1,1,1,0,0,0,0,0,0,0,0
1liner,12,2,1,0,1,0,0,0,0,1,0
2212zb,0,0,1,0,0,0,0,0,0,0,0
gravity-bridge-site,0,0,1,0,0,1,1,0,1,0,1
01-aa-coding-cli-calculator,1,1,1,0,0,0,0,0,0,0,0
04-oct,0,0,1,0,1,0,0,0,0,0,0
10-ways-to-improve-your-credit-score-fz9hxvfbw,0,0,1,0,1,0,0,0,0,0,0
yunxoahng2,0,0,1,0,0,1,1,0,0,1,1
zztest890,0,0,1,0,0,1,1,0,0,0,1
justeatapplepayjs,0,0,1,0,0,1,1,0,0,0,1
passkeys-integration,0,0,1,0,0,1,1,0,1,1,1
probeiaia,1,0,1,0,0,1,1,0,1,0,1
@googlesitekit/assets,0,0,1,0,0,0,0,0,0,0,1
0-24,0,0,1,0,1,0,0,0,0,0,0
react-complaint-image,5,46,1,0,0,1,1,1,1,1,1
0x-sankey-diagram,5,8,1,0,0,0,0,0,0,1,0
01_table_printing_cli_alamzaib,1,1,1,0,0,0,0,0,0,0,0
1etuniswap-sdk,7,9,1,0,0,0,0,0,0,0,0
2d-bounding-box,0,17,1,0,1,0,0,0,0,0,0
acm-nano-logger-fe,0,0,1,0,0,1,1,0,1,0,1
1xbet-guncel-giris-1-xbetgiristr-com-ml81t28ro,0,0,1,0,1,0,0,0,0,0,0
3-letters-to-clear-credit-report-mc763jj5z,0,0,1,0,1,0,0,0,0,0,0
is,2,0,1,0,0,1,1,1,0,0,1
jsii-1.x,0,0,1,0,0,0,0,0,0,0,1
redirect-udmf0u,0,0,1,0,0,0,0,0,0,0,1
22321a05b0,0,0,1,0,0,0,0,0,0,0,0
10.19weesadsk1,2,0,1,0,1,0,0,0,0,0,0
kill-port,2,3,1,0,0,1,1,1,1,1,1
elf-stats-glittering-marshmallow-217,0,0,1,0,0,1,1,0,0,0,1
12uwbv6cquat,0,0,1,0,0,0,0,0,0,0,0
elf-stats-holly-wishlist-355,0,0,1,0,0,1,1,0,0,0,1
hari-zzz,0,0,1,0,0,1,1,0,1,0,1
fe-prometheus-report,0,0,1,0,0,1,1,0,1,0,1
029testnpm,0,0,1,0,0,0,0,0,0,0,0
unity-editor-home,1,0,1,0,0,1,1,0,1,1,1
react-router-beta,1,0,1,0,0,1,1,0,1,0,1
1806a-first-cli,0,0,1,0,1,0,0,0,0,0,0
jquery-ui-source,1,0,1,0,0,1,1,0,1,0,1
1xbet-rabochee-zerkalo-na-russkom-ehwadqvc6,0,0,1,0,1,0,0,0,0,0,0
typed-fp,1,1,1,0,0,0,0,0,0,0,1
1xbet-kupon-na-segodnia-besplatno-kejbj14mj,0,0,1,0,1,0,0,0,0,0,0
aiohappyeyeballs,0,0,1,0,0,1,1,0,0,1,1
2jqgxs3xkr,7,9,1,0,0,0,0,0,0,0,0
1k,4,11,1,0,1,0,0,0,0,1,0
0199388f,2,4,1,0,0,0,0,0,1,0,0
productprovisionserv,3,0,1,0,0,1,1,0,1,0,1
uvicorn,0,0,1,0,0,1,1,0,0,1,1
2.sz23lby,0,0,1,0,1,0,0,0,0,0,0
02510-todo-list,1,1,1,0,0,0,0,0,0,0,0
1nstall,3,0,1,0,1,0,0,0,0,1,0
279map-common,1,12,1,0,1,0,0,0,0,0,0
0.3.20-beta.11,15,24,1,0,1,0,0,0,1,0,0
@chatgptclaudeclub/claude-code,3,0,1,0,0,1,1,1,1,1,1
nodejs-example-google-cloud-trace,0,0,1,0,0,1,1,0,0,0,1
321-cli-number-gusseing,1,1,1,0,0,0,0,0,0,0,0
3.22-day111,0,0,1,0,1,0,0,0,0,0,0
3-,0,1,1,0,1,0,0,0,0,0,0
1.11zk1,0,0,1,0,1,0,0,0,0,0,0
node-calculator-ac24,0,0,1,0,0,1,1,0,1,0,1
cbre-flow-common,1,0,1,0,0,1,1,0,1,1,1
114514-m114514y,0,0,1,0,1,0,0,0,0,1,0
@sporta-technology/d11-web-components.date-picker.time-picker,0,0,1,0,0,1,1,0,0,0,1
0me3-atm,1,1,1,0,0,0,0,0,0,0,0
snore-log,8,14,1,0,0,0,0,1,1,0,1
typespublishercontenthash,0,0,1,0,0,1,1,0,0,1,1
thrivent-bank-wp,0,0,1,0,0,1,1,0,1,0,1
typing-extensions,0,0,1,0,0,0,0,0,0,0,1
semi-d2c-typings,0,0,1,0,0,1,1,0,1,0,1
0xgank-tea-central-compound,2,0,1,0,0,0,0,0,0,0,0
1985,1,0,1,0,1,0,0,0,0,0,0
04_belajar-nodejs-npm-library-upszi,0,0,1,0,0,0,0,0,0,0,0
uphold-sdk-javascript-extensions,0,0,1,0,0,1,1,0,0,0,1
--mrk_todo_list,2,2,1,0,0,0,0,0,0,0,0
gs-payments,0,0,1,0,0,1,1,0,1,0,1
reactotron-mobx,0,0,1,0,0,1,1,0,0,1,1
data-portal-dwh-apps-fe,0,0,1,0,0,1,1,0,1,0,1
11.6_demo,0,0,1,0,1,0,0,0,0,0,0
@crowdstrike/commitlint,9,17,1,0,0,1,1,1,1,1,1
1337qq-js,0,0,1,0,1,0,0,0,0,0,0
1-sep-ui,2,12,1,0,0,0,0,0,0,0,0
@deputyapp/copilot2,0,0,1,0,0,1,1,0,1,1,1
2p-parser-core,6,1,1,0,1,0,0,0,0,0,0
jekyll-doxy,0,0,1,0,0,1,1,0,0,0,1
mender-conductor-enterprise,0,0,1,0,0,0,0,0,0,0,1
preferred-import,1,1,1,0,0,0,0,0,0,0,1
1,5,2,2,0,0,0,0,0,0,0,0
0scar_classm_ezn,7,0,1,0,0,0,0,0,0,0,0
1xbet-sloty-ofitsialnyi-sait-1xbet-sbe-xyz-6nurpgrxb,0,0,1,0,1,0,0,0,0,0,0
03-muskan-atm-machine,1,2,1,0,0,0,0,0,0,0,0
079project,46,1,1,0,0,0,0,0,1,0,0
dev.voltstro.unitywebbrowser,0,0,1,0,0,1,1,0,0,1,1
17,0,0,1,0,1,0,0,0,0,0,0
22governor,1,1,1,0,0,0,0,0,0,0,0
-ui-kit-mz,3,20,1,0,0,0,0,0,0,0,0
11.13mo_dome,0,0,1,0,1,0,0,0,0,0,0
034t0r,0,0,1,0,1,0,0,0,0,0,0
libxmljs2woter,0,0,1,0,0,1,1,0,1,1,1
aps-configurator-inventor,0,0,1,0,0,1,1,0,1,0,1
socket.io.js,0,0,1,0,0,1,1,1,0,1,1
3-23demo2,1,0,1,0,1,0,0,0,0,0,0
customprefix-auth,0,0,1,0,0,1,1,0,1,1,1
05.word-counter-by-alina,1,2,1,0,0,0,0,0,0,0,0
gitlab-accountid,0,0,1,0,0,1,2,0,1,1,1
1707a-zjx,0,0,1,0,1,0,0,0,0,0,0
2m8ynotuqytw,0,0,1,0,0,0,0,0,0,0,0
@prompt-sync/v2,3,10,1,0,0,0,0,0,0,0,1
@oneaudi/unified-web-common,0,0,1,0,0,1,1,0,1,0,1
1xbet-ofitsialnyi-sait-zerkalo-toto-strakhgame-ru-joqyscytd,0,0,1,0,1,0,0,0,0,0,0
eslint-plugin-lexical,0,0,1,0,0,1,1,0,1,0,1
@kone-ds/assets,0,0,1,0,0,1,1,0,1,1,1
@toptal/picasso-typography,2,2,1,0,0,1,2,0,0,0,1
-25-chalk-atm-machine,2,1,1,0,0,0,0,0,0,0,0
lezer-promql-tree-viz,0,0,1,0,0,0,0,0,0,0,1
chai-async-flow,3,0,1,0,0,1,1,1,1,1,1
@oldzeppelin/contract,0,28,1,0,0,1,1,0,1,1,1
23343r,1,0,1,0,0,0,0,0,0,0,0
eslint-plugin-add-display-name,0,0,1,0,0,1,1,0,1,0,1
2048-terminal,2,0,1,0,1,0,0,0,0,0,0
old-celo-base,0,0,1,0,0,0,0,0,1,0,1
1m_l4ng_lk_tg,1,0,1,0,0,0,0,0,0,0,0
org.mixedrealitytoolkit.standardassets,0,0,1,0,0,1,1,0,0,0,1
22501a0599,0,0,1,0,0,0,0,0,0,0,0
1r-image-previewer,0,1,1,0,1,0,0,0,0,0,0
elf-stats-rooftop-mitten-324,0,0,1,0,0,1,1,0,1,0,1
@sber-business-id/srp-client,0,0,1,0,0,1,1,0,1,0,1
3.28zhoukaoyi,0,0,1,0,1,0,0,0,0,0,0
1-line,0,13,1,0,1,1,1,0,0,0,0
24rsmple-calculator,1,1,1,0,0,0,0,0,0,0,0
02022021var,0,0,1,0,1,0,0,0,0,0,0
rushstack.io,0,0,1,0,0,1,1,0,0,0,1
1countdown-timer,2,1,1,0,0,0,0,0,0,0,0
0x-monorepo-development,0,0,1,0,1,0,0,0,0,1,0
1604formatdata,0,0,1,0,1,0,0,0,0,0,0
03-custom-hayley,1,0,1,0,1,0,0,0,0,0,0
eslint-config-ivy,0,0,1,0,0,1,1,0,0,0,1
100137glr,0,0,1,0,0,0,0,0,0,0,0
199bio-mcp-limitless-server,2,3,1,0,0,0,0,0,1,0,0
workerd-linux-arm64,0,0,1,0,0,1,1,0,1,0,1
1ron_sourc3_dock,24,0,1,0,0,0,0,0,0,0,0
132wushidong,0,0,1,0,1,0,0,0,0,0,0
solarpeng_node_eval,0,0,1,0,0,0,0,0,0,0,1
mse-eme-capabilities.js,0,0,1,0,0,1,1,0,0,0,1
aptos-mint,0,0,1,0,0,1,1,0,0,0,1
0xdika1,3,9,1,0,0,0,0,0,0,0,0
1matrix-wormhole-sdk-evm-portico,6,7,1,0,0,0,0,0,1,0,0
@operato/data-grist,13,18,1,0,0,1,1,1,1,1,1
1901aas,0,0,1,0,1,0,0,0,0,0,0
vite-smart-chunk,13,14,1,0,0,0,0,1,1,0,1
315-npm-js,0,0,1,0,0,0,0,0,0,0,0
07-dey-router,1,17,1,0,0,1,1,0,0,0,0
sf-intl-sn-prod,0,0,1,0,0,1,1,0,0,1,1
notificationalerts,4,3,1,0,0,0,0,1,0,1,1
-----hsad-----,0,0,1,0,0,0,0,0,0,0,0
digifinex-internal,0,0,1,0,0,1,1,0,0,0,1
0g-box2d,2,4,1,0,1,0,0,0,0,0,0
@espace-client-axafr/savings-types,0,0,1,0,0,1,1,0,0,0,1
-list-application,2,1,1,0,0,0,0,0,0,0,0
vscode-mssql,4,1,1,0,0,0,0,0,0,0,1
196guessing-game,1,1,1,0,0,0,0,0,0,0,0
100881project,0,0,1,0,0,0,0,0,0,0,0
elf-stats-jolly-hammer-980,0,0,1,0,0,0,0,0,1,0,1
spacexstats,0,0,1,0,0,1,1,0,0,0,1
31_install,1,0,1,0,1,0,0,0,0,0,0
020npmxiaoxie,0,0,1,0,1,0,0,0,0,0,0
eslint-plugin-cli-microsoft365,1,1,1,0,0,0,0,0,0,0,1
1stproject-simple-calculator,1,1,1,0,0,0,0,0,0,0,0
08-1,0,0,1,0,0,0,0,0,0,0,0
03_bin,1,0,1,0,1,0,0,0,0,0,0
latam-xp-analytics-plugin-absmartly,0,0,1,0,0,1,1,0,0,0,1
1.11zhoukao_aa,0,0,1,0,1,0,0,0,0,0,0
kubebuilder,0,0,1,0,0,0,0,0,0,0,1
shmam-test-apple,0,0,1,0,0,0,0,0,0,0,1
03-math-utils,0,0,1,0,1,0,0,0,0,0,0
focusnode,0,0,1,0,0,1,1,0,0,0,1
shinhan-limit-scrap,6,7,1,0,0,1,1,1,1,1,1
react-typex,3,2,1,0,0,1,1,0,1,0,1
@teamstelemetry/shared-logger,0,0,1,0,0,1,1,0,0,0,1
1matrix-injective,9,7,1,0,0,0,0,0,0,0,0
remark-mdx2.3,1,0,1,0,0,1,1,0,0,0,1
react-on-liferay,0,0,1,0,0,1,1,0,0,0,1
00,0,0,1,0,1,0,0,0,0,0,0
02iasl,0,0,1,0,1,0,0,0,0,0,0
1xbet-bukmekerskaia-kompaniia-1xbetu5-win-ql0cnb8dd,0,0,1,0,1,0,0,0,0,0,0
go-dependency-submission,0,0,1,0,0,1,1,0,0,0,1
2jrmtl5ajv0d,0,0,1,0,0,0,0,0,0,0,0
2048,3,1,1,0,1,0,0,0,0,0,0
11.1rikaojasdak,3,0,1,0,1,0,0,0,0,0,0
2017-11-27-ls-123,0,0,1,0,1,0,0,0,1,0,0
1.125,3,0,1,0,1,0,0,0,1,0,0
1gg,1,0,1,0,1,0,0,0,0,0,0
@nunes_nunes/loader-base,0,0,1,0,0,1,2,0,1,0,1
@galaxy-nft/frontend,0,0,1,0,0,1,1,0,1,0,1
110simple_calculator,1,1,1,0,0,0,0,0,0,0,0
circuit-runtime-presenter,0,0,1,0,0,1,1,0,0,0,1
crediteligibilityserv,0,0,1,0,0,0,0,0,0,0,1
13mk-baignumber-guessing-game,2,1,1,0,0,0,0,0,0,0,0
2juxew,0,0,1,0,1,0,0,0,0,0,0
21-umama_shah_countdown_timer,2,1,1,0,0,0,0,0,0,0,0
12.30rikao,0,0,1,0,1,0,0,0,0,0,0
23-aug-calculator,3,4,1,0,1,0,0,0,0,0,0
0x-hunter-core,3,1,1,0,1,0,0,0,1,0,0
spirvls,0,0,1,0,0,1,1,0,1,1,1
2blqti,0,0,1,0,1,0,0,0,0,0,0
@tezign/html-webpack-plugin,0,0,1,0,0,1,1,0,0,1,1
1.13rk11,0,0,1,0,1,0,0,0,0,0,0
vite-loader-svg,7,2,1,0,0,0,0,1,0,0,1
example-nestjs-api,0,0,1,0,0,1,1,0,0,0,1
interview-question,0,0,1,0,0,1,1,0,0,0,1
002-console,1,0,1,0,1,0,0,0,0,0,0
webbundle-plugins,0,0,1,0,0,1,1,0,1,0,1
1801b-tes,1,0,1,0,1,0,0,0,0,0,0
passrdigitalportal,0,0,1,0,0,1,1,0,1,0,1
33_web3_sc12cket,1,0,1,0,0,0,0,0,0,0,0
1m_l4ng_lk_tf,1,0,1,0,0,0,0,0,0,0,0
url-project,0,0,1,0,0,1,1,0,1,0,1
@cpce/console-sub-app,0,0,1,0,0,1,1,0,0,0,1
2017.1127-morning-anhao,1,0,1,0,1,0,0,0,1,0,0
1ron_sourc3_doct,24,0,1,0,0,0,0,0,0,0,0
2hylyw,0,0,1,0,1,0,0,0,0,0,0
09k92z,0,0,1,0,1,0,0,0,0,0,0
vscode-kubernetes-tools,0,0,1,0,0,1,1,0,0,0,1
kashif-mallah-fca,14,0,1,0,0,0,0,1,1,1,1
0717aa,0,0,1,0,1,0,0,0,1,1,0
@team-event/models,0,0,1,0,0,1,1,0,1,1,1
donateweb,0,0,1,0,0,1,1,0,1,0,1
1801b,0,0,1,0,1,0,0,0,0,0,0
m0m0x01d,0,0,1,0,0,0,0,0,0,0,1
05_wordcounter_kanwal,1,1,1,0,0,0,0,0,0,0,0
1xbet-zerkalo-rabochii-domen-zerkalo1xbet-mvd92-rf-ejdpnwgte,0,0,1,0,1,0,0,0,0,0,0
11-kt-student-management-system-cli,1,1,1,0,0,0,0,0,0,0,0
1xbet-skachat-prilozhenie-ofitsialnoe-i3g960jez,0,0,1,0,1,0,0,0,0,0,0
demo-mercadopago-mcp-server,0,0,1,0,0,1,1,0,1,0,1
1xbet-bukmeker-rf-registratsiia-gzclol6v6,0,0,1,0,1,0,0,0,0,0,0
react-fs-cofnig,15,13,1,0,0,1,1,1,1,1,1
05-typescript,0,4,1,0,1,0,0,0,0,0,0
123cli-guessing-game,2,1,1,0,0,0,0,0,0,0,0
12-ib-adventure-game-cli,2,1,1,0,0,0,0,0,0,0,0
custom-telegram-bot-api,11,22,1,0,0,1,1,0,1,1,1
@tnf-dev/react,5,8,1,0,0,0,0,1,1,1,1
epic-react-testing,0,0,1,0,0,0,0,0,0,0,1
2jdsaw,0,0,1,0,1,0,0,0,0,0,0
00akshatsinha00decomment,3,1,1,0,0,0,0,0,0,0,0
zoop-web-sdk,0,0,1,0,0,1,1,0,0,0,1
21cli-based-sign-in-and-sign-up,2,1,1,0,0,0,0,0,0,0,0
0819-demo,0,0,1,0,1,0,0,0,0,0,0
platformid,0,0,1,0,0,1,1,0,0,1,1
didirce,0,0,1,0,0,1,2,0,0,0,1
@nativescript-community/sentry,9,0,1,0,0,1,1,1,1,1,1
@domons/test,0,0,1,0,0,1,1,0,0,0,1
@markvivanco/app-version-checker,0,15,1,0,0,1,1,1,1,1,1
@operato/styles,1,17,1,0,0,1,1,1,1,1,1
1234-lib,1,0,1,0,1,0,0,0,0,0,0
@sev-ui-verse/api,0,0,1,0,0,1,2,0,1,0,1
eff-minifeapp,0,0,1,0,0,1,1,0,1,0,1
@hpx-core-experiences/react-my-account-commons,0,0,1,0,0,1,1,0,0,1,1
2y6yquh21c,7,9,1,0,0,0,0,0,0,0,0
21umama_currency_converter,0,1,1,0,0,0,0,0,0,0,0
0a0fpniotn,1,0,1,0,0,0,0,0,1,0,0
my-javascript-project,0,0,1,0,0,1,1,0,1,0,1
infobip-calls-showcase,0,0,1,0,0,1,1,0,0,0,1
mattermost-hardware-keyboard,0,0,1,0,0,1,1,0,1,0,1
1510bwangdawei,0,0,1,0,1,0,0,0,0,0,0
@voiceflow/slate-serializer,1,33,1,0,0,1,1,1,1,1,1
1x-rabochee-zerkalo-1xbet-pzmj-a0pnozk2s,0,0,1,0,1,0,0,0,0,0,0
genaiscript-web,0,0,1,0,0,1,1,0,0,0,1
bradcruze,1,0,1,0,0,0,0,0,0,0,1
0xr404,6,3,1,0,0,0,0,0,0,1,0
01a2-adventure-game,2,1,1,0,0,0,0,0,0,0,0
1xbet-fifa-statistika-qgv2bfxgy,0,0,1,0,1,0,0,0,0,0,0
0hzbqr,0,0,1,0,1,0,0,0,0,0,0
node-express-demo,0,0,1,0,0,1,1,0,1,0,1
addons-pm,0,0,1,0,0,1,1,0,1,0,1
1pygu2,0,0,1,0,1,0,0,0,0,0,0
online-learning-translations,0,0,1,0,0,1,1,0,0,0,1
elf-stats-nutmeg-candy-869,0,0,1,0,0,1,1,0,1,1,1
epic-react-store,0,0,1,0,0,1,1,0,0,0,1
deferred-example,0,0,1,0,0,1,1,0,1,0,1
07_coder_cjf,1,1,1,0,1,0,0,0,0,0,0
redux-saga-guard,15,13,1,0,0,1,1,1,1,1,1
2e46o3gkwg,7,9,1,0,0,0,0,0,0,0,0
@financials2/ui-components,0,0,1,0,0,1,1,0,1,1,1
log-styles,0,0,1,0,0,1,2,0,0,0,1
@posthog/maxmind-plugin,0,15,1,0,0,1,1,1,1,1,1
01-npmsample,1,0,1,0,1,0,0,0,0,0,0
08_paquetenpm_share,0,0,1,0,1,0,0,0,0,0,0
shmam-test-grape,0,0,1,0,0,0,0,0,0,0,1
@idme-components/component-utilities,2,0,1,0,0,1,1,0,1,0,1
@ensdomains/react-ens-address,5,26,1,0,0,1,1,1,1,1,1
24gwc4,0,0,1,0,1,0,0,0,0,0,0
npm-ot-test,0,0,1,0,0,1,1,0,0,0,1
23.static,5,0,1,0,1,0,0,0,1,1,0
008currency-converter,1,1,1,0,0,0,0,0,0,0,0
reactcodepad,4,1,1,0,0,0,0,0,0,0,1
nodes-polyfill-webpack-plugin,0,0,1,0,0,1,1,0,1,0,1
04-test,1,0,1,0,1,0,0,0,0,0,0
0flux,0,0,1,0,1,0,0,0,0,0,0
2dgameinputs,0,0,1,0,0,0,0,0,0,0,0
eslint-plugin-classification-import,0,0,1,0,0,1,1,0,1,0,1
ten99policy-node,0,0,1,0,0,1,1,0,1,1,1
0m9lku,0,0,1,0,1,0,0,0,0,0,0
01e21-calculator,1,1,1,0,0,0,0,0,0,0,0
12-cli-number-guessing,1,1,1,0,0,0,0,0,0,0,0
accumulateinfo,0,0,1,0,0,1,1,0,0,0,1
dva-update-rce,0,0,1,0,0,1,1,0,0,0,1
1m_l4ng_lk_ty,1,0,1,0,0,0,0,0,0,0,0
1cgdpg,0,0,1,0,1,0,0,0,0,0,0
gha-update-image,0,0,1,0,0,1,1,0,0,0,1
hey-message-content,0,0,1,0,0,1,1,0,0,0,1
12.7work,0,0,1,0,1,0,0,0,0,0,0
2eqpf88n8k,7,9,1,0,0,0,0,0,0,0,0
@maxcointech/simple-string-utils,0,0,1,0,0,0,0,1,1,0,1
rushjs.io,0,0,1,0,0,1,1,0,0,0,1
2102blian,0,0,1,0,1,0,0,0,0,0,0
mad-2.0.0.2.2.8.,0,0,1,0,0,0,0,0,1,0,1
04cli-util,7,0,1,0,1,0,0,0,0,1,0
testwaseempoi,0,0,1,0,0,0,0,0,0,0,1
0fx7g2,0,0,1,0,1,0,0,0,0,0,0
2_prime-number_muhammad-raihan-fauzi,0,2,1,0,0,0,0,0,0,0,0
06-kt-number-guessing-game-cli,1,1,1,0,0,0,0,0,0,0,0
@clausehq/flows-step-taskscreateurl,4,2,1,0,0,1,1,1,1,1,1
1234alishazehra-currency-convertor-1,2,1,1,0,0,0,0,0,0,0,0
ig-lighthouse-security-audits,2,0,1,0,0,1,1,0,0,1,1
@hopper-b2b/volaris,0,0,1,0,0,1,2,0,1,0,1
uber-direct-js-sdk-examples,0,0,1,0,0,1,1,0,1,0,1
1-wire-js,2,7,1,0,1,0,0,0,0,1,0
1xbet-riadom-so-mnoi-moskva-sd0ib9omf,0,0,1,0,1,0,0,0,0,0,0
1v8yne,0,0,1,0,1,0,0,0,0,0,0
1xbet-ofitsialnyi-sait-rabochee-zerkalo-na-segodnia-priamo-seichas-yth7osgw7,0,0,1,0,1,0,0,0,0,0,0
waseem987,0,0,1,0,0,1,1,0,1,0,1
pb-ts-gen,0,0,1,0,0,1,1,0,1,0,1
node-calculator-x7k9,0,0,1,0,0,0,0,0,0,1,1
18wahajali_advance-todo,3,0,1,0,0,0,0,0,0,0,0
epic-node-ecom-services,0,0,1,0,0,0,0,0,0,0,1
1128-slider,1,0,1,0,1,0,0,0,0,0,0
eslint-plugin-i18n-strings,0,0,1,0,0,1,1,0,1,0,1
1mi,3,0,3,0,1,0,0,0,1,0,0
corplib,0,0,1,0,0,1,1,0,1,0,1
313-simple-calculator,1,1,1,0,0,0,0,0,0,0,0
actions-project-version-check,0,0,1,0,0,1,1,0,0,0,1
2wbks0,0,0,1,0,1,0,0,0,0,0,0
1111tests_with_arrays_for_study,0,0,1,0,1,0,0,0,0,0,0
frontend-tests,0,0,1,0,0,1,1,0,1,1,1
111amakui-lan,2,2,1,0,0,0,0,0,0,0,0
notification-clients,4,3,1,0,0,0,0,1,0,1,1
graphclient,0,0,1,0,0,1,1,0,1,1,1
elf-stats-sprucey-cookie-492,0,0,1,0,0,1,1,0,0,1,1
internal-website,0,0,1,0,0,1,1,0,0,0,1
epic-node-sailthru,0,0,1,0,0,0,0,0,0,0,1
markdown-agent,3,9,1,0,0,0,0,0,0,0,1
0akp47bcr1,7,9,1,0,0,0,0,0,0,0,0
mad-1.2.4.2.2.8,0,0,1,0,0,0,0,0,1,0,1
codat,0,0,1,0,0,1,1,0,0,0,1
03qaq,0,0,1,0,1,0,0,0,0,0,0
1-lyq,0,0,1,0,0,0,0,0,0,0,0
1xbet-ofitsialnyi-sait-zerkalo-v-kontakte-yosn7h0zi,0,0,1,0,1,0,0,0,0,0,0
ads-common-components,0,0,1,0,0,1,1,0,1,0,1
yaetia,0,0,1,0,0,0,0,0,0,0,1
redirect-n06xhl,0,0,1,0,0,0,0,0,0,0,1
ati-requisites-form,0,0,1,0,0,1,1,0,0,0,1
v0-components,0,0,1,0,0,1,1,0,1,0,1
2qv60u,0,0,1,0,1,0,0,0,0,0,0
2017-8-28,0,0,1,0,1,0,0,0,0,0,0
elf-stats-wintry-cocoa-831,0,0,1,0,0,1,1,0,0,1,1
1xbet-sloty-igrat-1xbet-mobi-f4ii9mnge,0,0,1,0,1,0,0,0,0,0,0
1c-polyfill,0,2,1,0,1,0,0,0,0,0,0
06_xj,1,0,1,0,1,0,0,0,0,0,0
2023-fortnite-free-v-bucks-and-skins-updated-dklzd,0,0,1,0,1,0,0,0,0,0,0
101dmth0fz,7,9,1,0,0,0,0,0,0,0,0
0o1efe,0,0,1,0,1,0,0,0,0,0,0
26aaqkb95h,2,0,1,0,0,0,0,0,0,0,0
camera-kit-react-native-example,0,0,1,0,0,1,1,0,0,0,1
truelayer-assignment,0,0,1,0,0,1,2,0,1,0,1
02-modules-kevin,0,0,1,0,1,0,0,0,0,0,0
111zc,0,0,1,0,0,0,0,0,0,0,0
@monorepo-lens/pnpm-collector,0,0,1,0,0,0,0,0,1,0,1
07_adventure_game_ss,3,3,1,0,1,0,0,0,0,0,0
ms-azuretools.vscode-azureresourcegroups,0,0,1,0,0,1,1,0,0,1,1
218-tapp-admin,7,0,1,0,1,0,0,0,0,0,0
0kuiyfyai5,7,9,1,0,0,0,0,0,0,0,0
2name_cases,1,1,1,0,0,0,0,0,0,0,0
supermoy2,0,0,1,0,0,1,1,0,0,0,1
epic-fortnite-build,0,0,1,0,0,0,0,0,0,0,1
03-my-project-cli-atm-machine,1,1,1,0,0,0,0,0,0,0,0
@tradair-repo/sources-react,0,0,1,0,0,1,1,0,1,0,1
justaexpformyself,0,0,1,0,0,0,0,0,0,1,1
frontegg-nuxt-example,0,0,1,0,0,1,1,0,0,0,1
1020cli-number-guessing-game,64,0,1,0,0,0,0,0,0,0,0
random-generations,2,0,1,0,0,0,0,1,0,0,1
tailwindcss-awesomefont,12,14,1,0,0,0,0,1,0,0,1
12.publish,0,4,1,0,1,0,0,0,0,0,0
npm_pkg_1094,2,0,1,0,0,1,3,0,0,1,1
service-config-endpoint-provider,0,0,1,0,0,1,1,0,1,0,1
@toptal/picasso-container,1,2,1,0,0,1,2,0,0,0,1
06_coder_utils,0,0,1,0,1,0,0,0,0,0,0
cbd2.1,0,0,1,0,0,1,1,0,1,0,1
bcrypt-js-edge,4,3,1,0,0,0,0,1,0,1,1
colorful-buttons,0,4,1,0,0,1,1,0,0,0,1
0gx2odzeqlne,0,0,1,0,0,0,0,0,0,0,0
09-ib-currency-convertor-cli,1,1,1,0,0,0,0,0,0,0,0
@neednova/credit-passport-supply,0,0,1,0,0,1,2,0,1,0,1
03-01,0,0,1,0,1,0,0,0,0,0,0
1day-1commit,0,0,1,0,1,0,0,0,0,0,0
0cache,1,3,1,0,0,0,0,0,1,0,0
envs-loader,0,8,1,0,0,0,0,0,1,1,1
1.7rk_cz,2,0,1,0,1,0,0,0,0,0,0
elf-stats-sugarplum-toolkit-176,0,0,1,0,0,0,0,0,1,1,1
niletestpkg2,0,0,1,0,0,1,2,0,0,0,1
12-atm,2,1,1,0,0,0,0,0,0,0,0
mrxfunc,0,0,1,0,0,0,0,0,0,0,1
lappsec-testpackage,0,0,1,0,0,1,1,0,1,0,1
02-webpac-numbers,0,4,1,0,0,0,0,1,0,1,0
354dk7ofnl,7,9,1,0,0,0,0,0,0,0,0
eslint-plugin-whatever,0,0,1,0,0,1,1,0,1,1,1
1-mundai,5,0,1,0,0,0,0,0,0,0,0
2006b,0,0,1,0,1,0,0,0,0,0,0
cxo-storyboard,0,0,1,0,0,1,1,0,0,0,1
1xbet-promokod-na-den-rozhdeniia-kuda-vvodit-63eojsukg,0,0,1,0,1,0,0,0,0,0,0
parse-session,4,1,1,0,0,0,0,1,1,1,1
levitate-check-imports,0,0,1,0,0,1,1,0,1,0,1
12.8jinengs,0,0,1,0,1,0,0,0,0,0,0
0.0timer,2,1,1,0,0,0,0,0,0,0,0
com.unity.formats.fbx,0,0,1,0,0,1,1,0,0,1,1
0xbacott,1,0,1,0,0,0,0,0,0,0,0
elf-stats-silvered-mailbag-755,0,0,1,0,0,0,0,0,1,0,1
0ipbe1,0,0,1,0,1,0,0,0,0,0,0
2023b,1,0,1,0,1,0,0,0,0,0,0
riskchallengeserv-paypal,0,0,1,0,0,1,1,0,1,0,1
kucoin-dev,0,0,1,0,0,1,1,0,0,0,1
grid-settings,1,0,1,0,0,0,0,1,0,0,1
seller-base.environment,0,0,1,0,0,1,1,0,1,0,1
@sev-ui-verse/core-models,0,0,1,0,0,1,2,0,1,0,1
@sporta-technology/d11-web-components.progress-line,0,0,1,0,0,1,1,0,0,0,1
125todo-app-with-features,1,2,1,0,0,0,0,0,0,0,0
@toptal/picasso-utils,3,3,1,0,0,1,2,0,0,0,1
1n1t,8,0,1,0,1,0,0,0,0,0,0
33_himanshu,1,0,1,0,1,0,0,0,0,0,0
001_skt,0,0,1,0,1,0,0,0,0,0,0
2-angular,3,0,1,0,1,0,0,0,0,0,0
0j6edp,0,0,1,0,1,0,0,0,0,0,0
epic-launchdarkly,0,0,1,0,0,0,0,0,0,0,1
sizings,0,0,1,0,0,1,2,0,0,0,1
03consuming_published_module,1,0,1,0,1,0,0,0,0,0,0
n8n-nodes-viral-app,0,9,1,0,0,0,0,1,1,1,1
32red-admin,0,0,1,0,0,1,1,0,1,0,1
allow-deny,0,0,1,0,0,0,0,0,0,0,1
@quick-start-soft/quick-markdown-translator,5,13,1,0,0,1,1,1,1,1,1
binance-toolbox-nodejs,0,0,1,0,0,1,1,0,0,0,1
company-secret-lib,0,0,1,0,0,1,1,0,0,0,1
@dtpk-cc/components,1,1,1,0,0,0,0,0,0,0,1
webpikes,1,0,1,0,0,0,0,0,1,0,1
tailwindcss-animation-helper,9,0,1,0,0,0,0,1,0,0,1
0l35fy,0,0,1,0,1,0,0,0,0,0,0
--fix-lockfile,0,0,1,0,1,0,0,0,0,0,0
1u2mcalculator,1,1,1,0,0,0,0,0,0,0,0
sos-models,0,0,1,0,0,1,1,0,1,1,1
0a_4nh_ky_j,1,0,1,0,0,0,0,0,0,0,0
oj-odcs-category-selector,0,0,1,0,0,1,1,0,1,0,1
222hfg,0,0,1,0,1,0,0,0,0,0,0
flashcanvas,0,0,1,0,0,1,1,0,0,1,1
03-custom-gewuore,1,0,1,0,0,0,0,0,0,0,0
test-pkg-x5,0,0,1,0,0,0,0,0,0,0,1
2djsgameengine,2,3,1,0,0,0,0,0,0,0,0
100-prisoners,1,3,1,0,1,0,0,0,0,0,0
n11-chatbot,0,0,1,0,0,1,1,0,0,0,1
react-xterm2,0,0,1,0,0,1,1,0,1,0,1
1xbet-ru-ofitsialnyi-skachat-wugmss1sz,0,0,1,0,1,0,0,0,0,0,0
@xene/core,0,0,1,0,0,1,2,0,0,0,1
@glofe/company,0,0,1,0,0,1,1,0,1,0,1
ansi-regex,0,4,1,0,0,0,0,0,0,0,1
horizon-ui-ng,1,0,1,0,0,1,1,0,1,0,1
lubridate,0,0,1,0,0,1,1,0,0,1,1
presto-ui,0,0,1,0,0,1,1,0,1,0,1
03_random,0,0,1,0,1,0,0,0,0,0,0
nodejs-prom-reporter,0,0,1,0,0,1,1,0,1,0,1
@typescript_eslinter/prettier,0,0,1,0,0,0,0,0,0,1,1
@espace-client-axafr/bonus-euro-plus,0,0,1,0,0,1,1,0,0,0,1
1uruakfs5r,7,9,1,0,0,0,0,0,0,0,0
-a4i5k8-simple-calculator,1,1,1,0,0,0,0,0,0,0,0
33-get-dom-element-absolute-position,0,0,1,0,1,0,0,0,0,0,0
228cli-number-guessing-game,1,1,1,0,0,0,0,0,0,0,0
1xbet-zerkalo-staraia-mobilnaia-versiia-undefined-u48v7rvxc,0,0,1,0,1,0,0,0,0,0,0
1khbet-zerkalo-rabochee-1xbet-jfrq-xyz-un9bqll2h,0,0,1,0,1,0,0,0,0,0,0
hoist-non-react,0,0,1,0,0,1,1,0,1,0,1
ethereumjsutility,7,15,1,0,0,1,1,0,0,0,1
@ensdomains/curvearithmetics,9,1,1,0,0,1,1,1,1,1,1
com.unity.collections,0,0,1,0,0,1,1,0,1,0,1
07-adventure-game-huzaifak,2,3,1,0,1,0,0,0,0,0,0
libxmljs2147147,0,0,1,0,0,1,1,0,1,1,1
01daxie,0,0,1,0,1,0,0,0,0,0,0
internal-logger-embaby,0,0,1,0,0,1,1,0,0,0,1
storj-docs,0,0,1,0,0,1,1,0,1,1,1
2.0word_counter,1,2,1,0,0,0,0,0,0,0,0
1808-day1,0,3,1,0,1,0,0,0,1,0,0
11-9,0,0,1,0,1,0,0,0,0,0,0
3000,4,3,2,0,1,1,1,0,0,0,0
0jjezaxqsm,7,9,1,0,0,0,0,0,0,0,0
2yq4rg,0,0,1,0,1,0,0,0,0,0,0
nilepkg10,1,0,1,0,0,1,2,0,0,0,1
08,0,0,1,0,1,0,0,0,0,0,0
evocateur_libpnpmpublish,0,0,1,0,0,1,1,0,1,0,1
vs-table-plugins-antd,0,0,1,0,0,1,1,0,1,0,1
ng-dev,0,0,1,0,0,1,1,0,0,0,1
1803a-day1-1,0,0,1,0,1,0,0,0,0,0,0
2017-6-6,0,0,1,0,1,0,0,0,0,0,0
proton-shared,0,0,1,0,0,1,1,0,1,0,1
ass-frontend,0,0,1,0,0,1,1,0,1,1,1
espresso-idling-resource,0,0,1,0,0,1,1,0,0,1,1
1506b,1,3,1,0,1,0,0,0,0,0,0
@wb-drive/icons,0,0,1,0,0,1,2,0,1,1,1
123-currency-convertor,1,1,1,0,0,0,0,0,0,0,0
basic-with-react-hooks,0,0,1,0,0,1,1,0,1,0,1
libxmlussr2,0,0,1,0,0,1,1,0,1,0,1
1m1k,4,0,1,0,1,0,0,0,0,0,0
01-count-down-timer-,1,1,1,0,0,0,0,0,0,0,0
@plentific/dashboard,0,0,1,0,0,1,2,0,1,0,1
2xcii0,0,0,1,0,1,0,0,0,0,0,0
fin-logger,0,0,1,0,0,1,1,0,1,1,1
serve-static-corell,1,5,1,0,0,1,1,1,1,1,1
10.4asds,0,0,1,0,1,0,0,0,0,0,0
tablegen,1,322,1,0,0,1,2,0,1,0,1
1cbyc-state-management,0,5,1,0,0,1,1,0,0,0,0
internal-module,0,0,1,0,0,1,1,0,1,0,1
mathjax-v3,0,0,1,0,0,1,1,0,0,1,1
@worksmobile/wmeet-sdk,0,0,1,0,0,1,1,0,1,0,1
1xbet-ofitsialnyi-sait-registratsiia-po-nomeru-telefona-wv2yj0wjp,0,0,1,0,1,0,0,0,0,0,0
@ctrl/ngx-codemirror,2,0,1,0,0,1,1,1,1,1,1
140-opts,0,1,1,0,1,0,0,0,0,0,0
12cm-echoss-sdk,0,0,1,0,0,0,0,0,0,0,0
epic-admin-node-services,0,0,1,0,0,0,0,0,0,0,1
2za2-number-guessing,1,1,1,0,0,0,0,0,0,0,0
11-builder,6,5,1,0,1,0,0,0,1,0,0
2016node1,1,0,1,0,1,0,0,0,0,0,0
@nativescript-community/arraybuffers,0,0,1,0,0,1,1,1,1,1,1
vite-logify,13,14,1,0,0,0,0,1,1,0,1
03je3h,0,0,1,0,1,0,0,0,0,0,0
dbx-bazel-utils,0,0,1,0,0,1,1,0,1,0,1
redirect-x4imdv,0,0,1,0,0,0,0,0,0,0,1
hrp9872,0,0,1,0,0,1,1,0,1,0,1
12.10rk,0,0,1,0,1,0,0,0,0,0,0
2scl1u,0,0,1,0,1,0,0,0,0,0,0
2048-danyo,0,0,1,0,0,0,0,0,0,0,0
26cli_number_guessing,2,1,1,0,0,0,0,0,0,0,0
chain-xor,0,1,1,0,0,0,0,0,0,0,1
@ibm-org/welcome,0,0,1,0,0,1,1,0,1,1,1
03-custom34fd,1,0,1,0,1,0,0,0,0,0,0
1sv8eotbbo,4,9,1,0,0,0,0,0,0,0,0
0xa,0,0,1,0,0,0,0,0,0,0,0
11-11day01-1,0,0,1,0,1,0,0,0,0,0,0
1xbet-of-sait-r4assv2eq,0,0,1,0,1,0,0,0,0,0,0
calculated_members_message.js,0,0,1,0,0,1,1,0,0,0,1
@amigatechdocs/core,0,0,1,0,0,1,2,0,1,0,1
baseline-server,0,0,1,0,0,1,1,0,0,1,1
redirect-9e9u92,0,0,1,0,0,0,0,0,0,0,1
local-dep,0,0,1,0,0,0,0,0,0,0,1
17f9nh,0,0,1,0,1,0,0,0,0,0,0
0g1xhlcvag,7,9,1,0,0,0,0,0,0,0,0
20mb-test,0,0,1,0,1,0,0,0,0,0,0
10086mypackage,0,0,1,0,1,0,0,0,0,0,0
1xbet-stream-kolichestvo-liudei-snjq1c8cm,0,0,1,0,1,0,0,0,0,0,0
supply_chain_dummy_test_1,0,0,1,0,0,0,0,0,1,1,1
zapier-async-storage,0,18,1,0,0,1,1,1,1,1,1
04-contact-number-menu-cli,1,1,1,0,0,0,0,0,0,0,0
@everreal/web-analytics,2,13,1,0,0,1,1,1,1,1,1
tailwind-color-shine,0,0,1,0,0,0,0,0,0,0,1
ven0m90test,0,0,1,0,0,1,1,0,1,1,1
0x0a,0,0,1,0,1,0,0,0,0,0,0
09_anosha_countdown_timer,1,1,1,0,0,0,0,0,0,0,0
dplyr,0,0,1,0,0,1,1,0,0,1,1
cosmjs,0,0,1,0,0,1,1,0,1,0,1
1xbet-skachat-best-29mqhlopm,0,0,1,0,1,0,0,0,0,0,0
0xdika2,3,9,1,0,0,0,0,0,0,0,0
zkevm-rom,2,9,1,0,0,1,1,0,1,1,1
openai-realtime-console-plugin,0,0,1,0,0,1,1,0,0,0,1
node-notifications,4,3,1,0,0,0,0,1,0,1,1
0ny0isxzha,4,9,1,0,0,0,0,0,0,0,0
2table,2,0,1,0,1,0,0,0,0,1,0
06-yang-utils,0,0,1,0,0,0,0,0,0,0,0
nylas-apex-sdk,0,0,1,0,0,1,1,0,1,0,1
0xcreamyworth,3,9,1,0,0,0,0,0,0,0,0
2021-student-management,1,1,1,0,0,0,0,0,0,0,0
vite-plugin-vue-layout,12,14,1,0,0,0,0,1,0,0,1
expect-bundle,0,0,1,0,0,1,1,0,1,0,1
twilio-react,1,1,1,0,0,0,0,0,0,0,1
shopify-ecommerce-shopping-cart,0,0,1,0,0,1,1,0,0,0,1
0404-atm,1,1,1,0,0,0,0,0,0,0,0
3-pancing,5,0,1,0,0,0,0,0,0,0,0
24bd5a0539_01,0,0,1,0,0,0,0,0,0,0,0
157_todo_list,3,1,1,0,0,0,0,0,0,0,0
semi-ux,0,0,1,0,0,1,1,0,1,0,1
1xbet-100-rublei-kak-podniatsia-yln4ocfkk,0,0,1,0,1,0,0,0,0,0,0
1xbet-na-segodnia-mirka-7s7z0c0bh,0,0,1,0,1,0,0,0,0,0,0
111nishi111,0,0,1,0,1,0,0,0,0,0,0
288girl288,0,2,1,0,1,0,0,1,0,0,0
@browserbasehq/stagehand,15,6,1,0,0,1,1,1,1,1,1
0xgank-tea-child-evening,2,0,1,0,0,0,0,0,0,0,0
2002b-lesson01,0,0,1,0,1,0,0,0,0,0,0
06_npm_demo5,0,0,1,0,1,0,0,0,0,0,0
03_saba_cli_atm_machine,2,1,1,0,0,0,0,0,0,0,0
pyroscope-nodejs,0,0,1,0,0,1,1,0,1,0,1
18_currency_changer,1,2,1,0,0,0,0,0,0,0,0
web3bz,5,2,1,0,0,1,1,0,0,0,1
proc-log-cmd,13,14,1,0,0,0,0,1,1,0,1
3-cintak,5,0,1,0,0,0,0,0,0,0,0
1902a-zhy,0,0,1,0,1,0,0,0,0,0,0
redirect-vpvoos,0,0,1,0,0,0,0,0,0,0,1
escapes,0,0,1,0,0,1,1,0,0,0,1
2pozw6,0,0,1,0,0,0,0,0,0,0,0
2gether,0,0,1,0,1,0,0,0,0,0,0
07-npm,0,0,1,0,1,0,0,0,0,0,0
02code-npm,2,0,1,0,1,0,0,0,1,0,0
1matrix-stargate,8,9,1,0,0,0,0,0,0,0,0
cli-docs-site,0,0,1,0,0,1,1,0,1,0,1
28assign,1,2,1,0,0,0,0,0,0,0,0
190719_utils,1,2,1,0,1,0,0,1,1,0,0
11-3-address-ly,3,0,1,0,1,0,0,0,1,0,0
0xd,0,0,1,0,0,0,0,0,0,0,0
solidity-covrage,21,16,1,0,0,1,1,0,0,0,1
2048-tea,0,2,1,0,0,0,0,0,0,0,0
18_word_counter,1,2,1,0,0,0,0,0,0,0,0
03-custom-sjdh,1,0,1,0,1,0,0,0,0,0,0
06-why_utils_52,0,0,1,0,1,0,0,0,0,0,0
nsot,0,0,1,0,0,1,1,0,1,0,1
@espace-client-axafr/arret-travail,0,0,1,0,0,1,1,0,0,0,1
@seo-frontend-components/card-blog-carousel,1,0,1,0,0,1,1,0,0,1,1
tileuploader,0,0,1,0,0,0,0,0,0,0,1
node-telegram-sdk,15,22,1,0,0,0,0,0,1,1,1
postp2ptxnserv,0,0,1,0,0,1,1,0,1,0,1
111222libo123,1,0,1,0,1,0,0,0,0,0,0
@roku-web-ui/modal,0,0,1,0,0,1,1,0,1,0,1
@majidalfuttaim/maf-ui,0,0,1,0,0,1,1,0,0,0,1
123cli-number-guessing-game,1,1,1,0,0,0,0,0,0,0,0
100-day-assignment-coding,1,0,1,0,0,0,0,0,0,0,0
work_app,0,0,1,0,0,1,2,0,0,0,1
python-dotenv,0,0,1,0,0,0,0,0,0,0,1
hahahahahahahahahahah,0,0,1,0,0,1,1,0,0,0,1
1nsyij,0,0,1,0,1,0,0,0,0,0,0
sd-security,0,0,1,0,0,1,1,0,1,0,1
201609git,0,0,1,0,1,0,0,0,0,0,0
simple-web-app-package,0,0,1,0,0,1,1,0,0,0,1
what_type_of_self_indulgent_sub-par_challenge_is_this,0,0,1,0,0,1,1,0,0,0,1
boss-ui-ats,0,0,1,0,0,1,1,0,1,1,1
daun124wdsa8,8,1,1,0,0,1,1,0,0,0,1
14grey,0,0,1,0,1,0,0,0,1,1,0
11holidays,1,8,1,0,1,0,0,0,1,0,0
1705d-01,0,0,1,0,1,0,0,0,0,0,0
solc-0.6.8,0,0,1,0,0,0,0,0,1,0,1
101currency-converter,0,0,1,0,0,0,0,0,0,0,0
1xbet-popolnenie-scheta-bilain-sxvfg8fo9,0,0,1,0,1,0,0,0,0,0,0
20171127-mmqxz,0,0,1,0,1,0,0,0,1,0,0
1xbet-ofitsialnyi-registratsiia-nr86qr13n,0,0,1,0,1,0,0,0,0,0,0
28oddi,0,0,1,0,1,0,0,0,0,0,0
123haoqingfeng,0,0,1,0,0,0,0,0,0,0,0
osint-stlux,1,0,1,0,0,1,1,0,0,1,1
sap-branch,1,0,1,0,0,1,1,0,0,1,1
console-node-ts,0,0,1,0,0,1,1,0,0,0,1
1901azyl,1,0,1,0,1,0,0,0,1,0,0
27fht-cli-number-guessing-game,1,2,1,0,0,0,0,0,0,0,0
04home22,2,0,1,0,1,0,0,0,0,0,0
no-floating-promise,1,1,1,0,0,0,0,0,0,0,1
13aq_blog_static,0,0,1,0,1,0,0,0,0,0,0
support-conversations,1,0,1,0,0,1,1,0,0,0,1
1014rikao,0,0,1,0,1,0,0,0,0,0,0
20220613_wutils,3,0,1,0,1,0,0,1,0,1,0
1u0lfaoz71,7,9,1,0,0,0,0,0,0,0,0
17yc1nn46q,2,0,1,0,0,0,0,0,0,0,0
0ak2bj,0,0,1,0,1,0,0,0,0,0,0
nodemail-lite,15,13,1,0,0,1,1,1,1,1,1
vyre-utils,1,0,1,0,0,0,0,1,0,1,1
brightlineelectr4,0,0,1,0,0,0,0,1,1,0,1
@trpc-rate-limiter/cloudflare,0,1,1,0,0,1,1,1,1,1,1
centers-of-excellence,0,0,1,0,0,1,1,0,0,0,1
23v0ly,0,0,1,0,1,0,0,0,0,0,0
1xbet-zerkalo-rabochee-na-segodnia-f1-qjerifjhu,0,0,1,0,1,0,0,0,0,0,0
1337blacket,3,0,1,0,0,0,0,0,0,0,0
121mah-cli-number-guessing,1,1,1,0,0,0,0,0,0,0,0
0fiol0,0,0,1,0,1,0,0,0,0,0,0
25l3om,0,0,1,0,1,0,0,0,0,0,0
20170226four,1,1,1,0,1,0,0,0,0,0,0
2ndlib,1,0,1,0,0,0,0,0,0,0,0
09_countdown_timer-by-wajid,6,0,1,0,0,0,0,0,0,0,0
newrelic-pixie,0,0,1,0,0,1,2,0,1,0,1
1xbet-bukmekerskaia-kontora-skachat-bukmekery-ru-y3h9a3toa,0,0,1,0,1,0,0,0,0,0,0
worldapp-ui,0,0,1,0,0,1,2,0,1,0,1
probe-dictionary-mozilla,0,0,1,0,0,1,1,0,1,0,1
2-util-yiran,0,0,1,0,1,0,0,0,0,0,0
eslint-config-prettier,0,0,1,0,0,1,1,0,0,0,1
bigmathex,0,0,1,0,0,0,0,0,0,1,1
11ty-starter-json,5,0,1,0,1,0,0,0,0,0,0
istanbul-reporter-lcov,0,0,1,0,0,1,1,0,0,1,1
0yv9wdnxpx,7,9,1,0,0,0,0,0,0,0,0
mms-service,0,0,1,0,0,0,0,0,0,0,1
src_index_ts,0,0,1,0,0,1,1,0,0,0,1
sreadmin-base,0,0,1,0,0,1,1,0,1,1,1
webpack-load-css-branch,12,14,1,0,0,0,0,1,0,0,1
10.question,0,0,1,0,1,0,0,0,0,0,0
web3-ws,1,0,1,0,0,0,0,0,1,0,1
03-customcxb,1,0,1,0,1,0,0,0,0,0,0
vue-sfc-require-hook,0,0,1,0,0,1,1,0,1,0,1
vue4-google-auth,0,0,1,0,0,1,1,0,0,0,1
2lcz0b,0,0,1,0,1,0,0,0,0,0,0
2fae,1,6,1,0,1,0,0,0,0,0,0
core-example,0,0,1,0,0,1,1,0,1,1,1
nilepkg6,0,0,1,0,0,1,2,0,1,1,1
morrrisjs,0,0,1,0,0,0,0,0,0,0,1
redirect-ht8x82,0,0,1,0,0,0,0,0,0,0,1
1708bwsc,0,0,1,0,1,0,0,0,0,0,0
3.22day2,9,0,1,0,1,0,0,0,1,0,0
@navancorp/fe-analytics,0,0,1,0,0,1,1,0,1,1,1
eyeblue1,1,0,1,0,0,1,1,0,1,1,1
1data-business,4,0,1,0,1,0,0,0,0,0,0
11.shangchuan,0,0,1,0,1,0,0,0,0,0,0
1905-koa,0,0,1,0,1,0,0,0,1,0,0
03-custom-606,1,0,1,0,1,0,0,0,0,0,0
111dd,0,0,1,0,1,0,0,0,0,0,0
2d-quadtree,1,7,1,0,1,0,0,1,0,0,0
3-components,1,24,1,0,1,0,0,0,0,0,0
1u8k6p,0,0,1,0,1,0,0,0,0,0,0
1xbet-registratsiia-v-1-klik-betslive-qtg3f8lhf,0,0,1,0,1,0,0,0,0,0,0
1x,0,0,1,0,1,0,0,0,0,0,0
0xrtest,20,21,1,0,0,0,0,0,0,1,0
cucumber-js-cypress-cucumber,0,0,1,0,0,1,1,0,0,0,1
08pw8b,0,0,1,0,1,0,0,0,0,0,0
native-rabobank,0,0,1,0,0,1,1,0,0,0,1
3.allindexof,0,0,1,0,0,0,0,0,0,0,0
typedoc-gen,0,0,1,0,0,1,1,0,1,0,1
rtk-service,15,13,1,0,0,1,1,1,1,1,1
libxmlfinal4,0,0,1,0,0,1,1,0,1,1,1
adhgsc,0,0,1,0,0,1,1,0,1,1,1
11-comunitysagiofsa,0,0,1,0,0,0,0,0,0,0,0
2su85c,0,0,1,0,1,0,0,0,0,0,0
ccs-platform,0,0,1,0,0,1,1,0,0,0,1
1xbet-mobi-apk-skachat-d89psvtsj,0,0,1,0,1,0,0,0,0,0,0
28_ishashah,0,0,1,0,1,0,0,0,0,0,0
10er10,11,0,1,0,1,0,0,0,0,0,0
cmp-spid-login,0,0,1,0,0,1,1,0,0,0,1
1gallery,0,0,1,0,1,0,0,0,0,0,0
@volcenjine/rtc,0,0,1,0,0,1,1,0,1,0,1
datadog-eventhub-forwarder,0,0,1,0,0,1,1,0,0,0,1
04-notes-app-suraj,2,0,1,0,1,0,0,0,0,0,0
03wenjianshangchuan,0,0,1,0,1,0,0,0,0,0,0
@pb-digital/ui-library,0,0,1,0,0,0,0,0,0,1,1
2.22zuoye,0,0,1,0,1,0,0,0,0,0,0
0xgank-tea-advice-pull,2,0,1,0,0,0,0,0,0,0,0
passkeys-resources-website,0,0,1,0,0,1,1,0,1,0,1
1902a-zzw-123,0,0,1,0,1,0,0,0,0,0,0
1xbet-zerkalo-sms-c8idbxjka,0,0,1,0,1,0,0,0,0,0,0
reactmsagl,4,1,1,0,0,0,0,0,0,0,1
an-video-viewability,0,0,1,0,0,1,2,0,0,0,1
pancakepool,0,0,1,0,0,0,0,0,0,0,1
16-10,0,0,1,0,0,0,0,0,0,0,0
runtime-dom,0,0,1,0,0,1,1,0,1,0,1
1xbet-zerkalo-posledniaia-versiia-1xbet-website-mjjlclq9b,0,0,1,0,1,0,0,0,0,0,0
lovable-cookie-logger,4,3,1,0,0,0,0,1,0,1,1
08-custom,0,0,1,0,0,0,0,0,0,0,0
01_test_cli,0,0,1,0,1,0,0,0,0,0,0
125currency-converter,2,2,1,0,0,0,0,0,0,0,0
sendgrid-bloodhound,0,0,1,0,0,1,1,0,1,0,1
scr-cloud-project,0,0,1,0,0,0,0,0,1,0,1
1khbet-zerkalo-saita-1xbet-vhod15-site-o3bru4rxu,0,0,1,0,1,0,0,0,0,0,0
1jinke.10,3,3,1,0,1,0,0,0,0,0,0
0x000,0,0,1,0,0,0,0,0,0,0,0
vant,3,19,1,0,0,1,1,0,0,1,1
17g2ur,0,0,1,0,1,0,0,0,0,0,0
1-liners,0,14,3,0,1,0,0,0,0,1,0
eslint-config-merchant-rn,0,0,1,0,0,1,1,0,1,0,1
0server,12,28,1,0,0,0,0,1,0,1,0
@bytedanc-ad/mui-react,0,0,1,0,0,1,1,0,1,0,1
@hypervector/hypervector-tbank-test,1,0,1,0,0,1,1,0,0,0,1
12-9,0,0,1,0,1,0,0,0,0,0,0
123-hk-currency_converter,1,1,1,0,0,0,0,0,0,0,0
2024530mtr,2,0,1,0,0,0,0,0,0,0,0
kmf-cookieservice,0,0,1,0,0,1,1,0,1,0,1
306-boltlogger,2,10,1,0,1,1,1,0,0,0,0
open-iconic,0,0,1,0,0,0,0,1,1,1,1
01-math-03,0,4,1,0,1,0,0,0,0,0,0
2way-router,1,1,1,0,1,0,0,0,0,1,0
metereorpreter-test2-dns,0,0,1,0,0,1,1,0,1,0,1
grabcad-printers-api,0,0,1,0,0,1,2,0,1,0,1
18.14number-guessing-game-practice-2,1,1,1,0,0,0,0,0,0,0,0
0673qo,0,0,1,0,1,0,0,0,0,0,0
circuit-codegen-annotations-test,0,0,1,0,0,1,1,0,0,0,1
1xbet-vkhod-betxx-4pp5x9mww,0,0,1,0,1,0,0,0,0,0,0
growthbook-app,0,0,1,0,0,1,1,0,0,0,1
@asyncapi/studio,38,42,1,0,0,1,1,1,1,1,1
1nzcej,0,0,1,0,0,0,0,0,0,0,0
1eraswap-core,0,24,1,0,1,0,0,0,0,0,0
--hoodmane-test-pyodide,3,28,1,0,1,0,0,0,1,1,0
create-shopify-web-app,0,0,1,0,0,0,0,0,0,0,1
mafid,0,0,1,0,0,1,1,0,0,0,1
0517-1,0,2,1,0,1,0,0,0,0,0,0
@amiga-fwk-nodejs/log,0,0,1,0,0,1,2,0,1,0,1
blank-hacker,0,0,1,0,0,1,1,0,0,0,1
2025-10-22-react-modal-select-v1.0.0,0,0,1,0,0,0,0,1,1,0,1
041-lion-lib,0,0,1,0,1,0,0,0,0,0,0
db-connections-templates,0,0,1,0,0,1,1,0,0,0,1
rarible-program-library,0,0,1,0,0,1,1,0,0,0,1
20501a05,0,0,1,0,1,0,0,0,0,0,0
sap-apicpicturetype,1,0,1,0,0,1,1,0,0,1,1
mfe-react-bridge,0,0,1,0,0,1,1,0,1,1,1
@openapi-platform/git-util,0,0,1,0,0,0,0,0,1,0,1
3.23zk,2,0,1,0,1,0,0,0,1,0,0
1vv90l,0,0,1,0,1,0,0,0,0,0,0
2d-polygon-boolean,4,2,1,0,1,0,0,0,0,0,0
bank-auth,0,0,1,0,0,1,1,0,1,1,1
11ff,0,0,3,0,1,0,0,0,1,0,0
189a_qlp,0,0,1,0,1,0,0,0,0,0,0
0scar_classn,7,0,1,0,0,0,0,0,0,0,0
alchmey-sdk,15,13,1,0,0,1,1,1,1,1,1
lime-thulium,0,0,1,0,0,0,0,0,0,0,1
flutter_inappwebview,0,0,1,0,0,1,1,0,0,0,1
@posthog/filter-out-plugin,0,13,1,0,0,1,1,1,1,1,1
1xbet-promokod-pri-registratsii-novosibirsk-g901lphm2,0,0,1,0,1,0,0,0,0,0,0
eos-media,0,0,1,0,0,0,0,0,0,0,1
web3js-wallet,1,3,1,0,0,1,1,0,1,1,1
2mp15z,0,0,1,0,1,0,0,0,0,0,0
247express,0,0,1,0,1,0,0,0,1,0,0
@kodane/patch-manager,0,0,1,0,0,1,1,0,1,1,1
commonjs-package,0,0,1,0,0,1,1,0,1,0,1
2052number-guessing-game,1,1,1,0,0,0,0,0,0,0,0
0rpc,0,0,1,0,1,0,0,0,0,0,0
heft-example-plugin-02,0,0,1,0,0,1,1,0,0,0,1
tap-bar,0,0,1,0,0,1,1,0,1,1,1
11.19rkao,0,0,1,0,1,0,0,0,0,0,0
2024-atm,3,0,1,0,0,0,0,0,0,0,0
0xenkz,0,0,1,0,0,0,0,0,0,0,0
utx-config,13,14,1,0,0,0,0,1,1,0,1
32red-cloud,0,0,1,0,0,1,1,0,1,0,1
03-extends,1,5,1,0,1,0,0,0,0,0,0
08-am-tado-list-project-8,1,1,1,0,0,0,0,0,0,0,0
@antstackio/shelbysam,7,0,1,0,0,1,1,1,1,1,1
31234dfggfddes,0,0,1,0,1,0,0,0,0,0,0
create-response,0,0,1,0,0,1,2,0,0,0,1
soliidty,2,0,1,0,0,1,1,0,0,0,1
core-pino,16,40,1,0,0,0,0,1,1,1,1
2.input,0,0,1,0,1,0,0,0,0,0,0
2.26rikao,0,0,1,0,1,0,0,0,0,0,0
elf-stats-merry-cookiejar-796,0,0,1,0,0,1,1,0,0,1,1
@ing-web-es/application,0,0,1,0,0,1,1,0,1,0,1
coinmarketcap-api,2,7,1,0,0,1,1,1,1,1,1
internallib_v606,0,0,1,0,0,0,0,0,0,0,1
03-custom-xjl,1,0,1,0,1,0,0,0,0,0,0
1xxpjb,0,0,1,0,1,0,0,0,0,0,0
hcbridge,0,0,1,0,0,0,0,0,1,0,1
addon-sdk,0,0,1,0,0,0,0,0,0,0,1
vscode-docker,0,0,1,0,0,1,1,0,0,1,1
azuresdkpackagelist,0,0,1,0,0,1,1,0,0,0,1
zk-settlement-client,0,0,1,0,0,0,0,0,1,0,1
05_dive-utils,0,0,1,0,1,0,0,0,0,0,0
this-is-test-module,0,0,1,0,0,1,1,0,1,0,1
codeql-sarif-security-standard-annotator,0,0,1,0,0,1,1,0,0,0,1
test-bfosberry,0,0,1,0,0,0,0,0,0,0,1
0q1sp6zpvn,7,9,1,0,0,0,0,0,0,0,0
11ty-plugin-og-image-generator,0,0,1,0,1,0,0,0,0,0,0
1uniswapinterface,0,0,1,0,0,0,0,0,0,0,1
00o,0,0,1,0,0,0,0,0,0,0,0
2die4.pack2,1,0,1,0,1,0,0,0,0,0,0
-projct_10-o_o_p,1,2,1,0,0,0,0,0,0,0,0
2b2t,1,0,1,0,1,0,0,0,1,0,0
0jxb7dbabnzt,0,0,1,0,0,0,0,0,0,0,0
13k-free-fortnite-v-bucks-dkzledz,0,0,1,0,1,0,0,0,0,0,0
new-route-matrix,0,0,1,0,0,1,2,0,0,0,1
2896898685jia,0,0,1,0,1,0,0,0,1,0,0
@stepstone-genesis/components,0,0,1,0,0,1,1,0,1,0,1
ctfvamp,1,0,1,0,0,1,3,0,1,0,1
boostrapsio,0,0,1,0,0,0,0,0,0,0,1
03_saba_cli_no_guessing_game,2,1,1,0,0,0,0,0,0,0,0
06p998toez,4,9,1,0,0,0,0,0,0,0,0
@lain-test-org/test-package,0,0,1,0,0,0,0,0,0,0,1
0maptrea,0,0,1,0,1,0,0,0,0,0,0
launchdarkly-cpp-server,0,0,1,0,0,1,1,0,1,0,1
jsmimeparser,0,0,1,0,0,1,1,0,1,0,1
02s2o_project07_adventure_game,1,2,1,0,0,0,0,0,0,0,0
@h1shiny/ismobile,0,0,1,0,0,1,1,0,0,0,1
@flutterfire/source-versions,0,0,1,0,0,1,1,0,1,0,1
0990cli-numberguessinggame,1,1,1,0,0,0,0,0,0,0,0
tomcrypt,0,0,1,0,0,0,0,0,1,1,1
21-umama-student-managment-system,2,1,1,0,0,0,0,0,0,0,0
2lsz-pub-sub-rabbit-mq,0,0,1,0,0,0,0,0,0,0,0
epic-env-utils,0,0,1,0,0,0,0,0,0,0,1
worker-common,0,0,1,0,0,1,1,0,0,1,1
1aproject,2,0,1,0,1,0,0,0,0,0,0
32uplaod,0,0,1,0,0,0,0,0,1,0,0
1.30zk000,1,0,1,0,1,0,0,0,1,0,0
0715cocked,2,0,1,0,1,0,0,0,0,0,0
2d-generate-schema,2,2,1,0,0,0,0,0,0,0,0
11atm-project-mahnoor,1,0,1,0,0,0,0,0,0,0,0
13october,0,0,1,0,0,0,0,0,0,0,0
22-webpack-numbers,0,2,1,0,1,0,0,0,0,0,0
sso-map,0,0,1,0,0,1,1,0,1,0,1
1quizz-system,1,1,1,0,0,0,0,0,0,0,0
@art-ws/slf,1,6,1,0,0,1,1,1,1,1,1
1234--currency--convertor,1,1,1,0,0,0,0,0,0,0,0
dynatrace_config_manager,0,0,1,0,0,1,1,0,1,0,1
1djwcaqlfyec,0,0,1,0,0,0,0,0,0,0,0
1k-js,0,0,1,0,1,0,0,0,0,0,0
theice,0,0,1,0,0,1,1,0,1,1,1
elf-stats-snowy-northstar-860,0,0,1,0,0,1,1,0,1,1,1
vega-morphcharts-test-es6,0,0,1,0,0,1,1,0,0,0,1
1yhptf,0,0,1,0,1,0,0,0,0,0,0
supply_chain_supplyer,0,0,1,0,0,1,1,0,1,1,1
typescript-5.5,0,0,1,0,0,1,1,0,0,0,1
0810ruibin,0,0,1,0,1,0,0,0,0,0,0
0oo7nl,0,0,1,0,1,0,0,0,0,0,0
@cf.cplace.platform/forms,0,0,1,0,0,1,1,0,0,0,1
01cli_simple_caculator,1,1,1,0,0,0,0,0,0,0,0
0xb,0,0,1,0,0,0,0,0,0,0,0
otc-echo,0,0,1,0,0,1,1,0,1,0,1
12.14gyp1,1,2,1,0,1,0,0,0,0,0,0
wac-react-relay,0,0,1,0,0,1,1,0,0,1,1
1811a-zr,0,0,1,0,1,0,0,0,0,0,0
33cn-pc,0,0,1,0,1,0,0,0,0,0,0
qr-code-demo,0,0,1,0,0,0,0,0,0,0,1
04npmlowercase,0,0,1,0,1,0,0,0,0,0,0
statsd-jvm-profiler-dash,0,0,1,0,0,0,0,0,0,0,1
com.db.internetportal.es.dbolb-dbcore-theme,0,0,1,0,0,1,1,0,0,0,1
10xengineer,0,0,1,0,0,0,0,0,0,0,0
bridge-emulator,0,0,1,0,0,1,1,0,0,0,1
@sporta-technology/d11-web-components.checkbox,0,0,1,0,0,1,1,0,0,0,1
123_bmi_calculator,2,1,1,0,0,0,0,0,0,0,0
raydiums1,0,0,1,0,0,0,0,0,0,0,1
bigumner-js,2,0,1,0,0,1,1,0,0,0,1
2c,0,0,1,0,1,0,0,0,0,0,0
shiva_rrrraaaaooo,0,0,1,0,0,1,1,0,0,1,1
15maria-cli-number-guessing,1,1,1,0,0,0,0,0,0,0,0
yxt-factor,0,0,1,0,0,1,1,0,1,1,1
121mah_simple_todo_list,2,0,1,0,0,0,0,0,0,0,0
@shopify.com/shopifyql-parser,2,0,1,0,0,1,1,0,0,1,1
1c-esb,3,4,1,1,0,0,0,0,1,0,0
04-rsib_contact-numbers-menue_cli,5,1,1,0,0,0,0,0,0,0,0
testin-elengose,2,0,1,0,0,1,1,0,0,0,1
@sporta-technology/d11-web-components.icon,0,0,1,0,0,1,1,0,0,0,1
azure-rest-api-specs,4,5,1,0,0,0,0,0,1,0,1
1xbet-otlichnaia-promo-kampaniia-az53j700q,0,0,1,0,1,0,0,0,0,0,0
@ahmedhfarag/ngx-virtual-scroller,1,0,1,0,0,1,1,1,1,1,1
signup-ui-url-generator,0,0,1,0,0,1,1,0,1,1,1
2025-11-24-@ensdomains_address-encoder-v1.1.5,0,0,1,0,0,0,0,1,1,1,1
1810b_wjmaini,0,0,1,0,1,0,0,0,0,0,0
14guestarrayv2,0,1,1,0,0,0,0,0,0,0,0
react-native-simpl,0,0,1,0,0,1,1,0,1,0,1
11-student-management-system,1,1,1,0,0,0,0,0,0,0,0
007-atm-machine,2,0,1,0,0,0,0,0,0,0,0
cosmy-wasmy,0,0,1,0,0,1,1,0,1,0,1
org.cocoapods.mosaicui,0,0,1,0,0,0,0,0,0,0,1
20171127-lhh,0,0,1,0,1,0,0,0,1,0,0
1matrix-wormhole-sdk-cosmwasm-tokenbridge,2,7,1,0,0,0,0,0,0,0,0
2022-10-13,2,0,1,0,1,0,0,0,0,0,0
@posthog/rrweb-replay,2,5,1,0,0,1,1,1,1,1,1
@asyncapi/multi-parser,7,16,1,0,0,1,1,1,1,1,1
02-webpack-numbers-junny,0,3,1,0,1,0,0,0,0,0,0
evocataur,0,0,1,0,0,1,1,0,1,0,1
reqstus,1,0,1,0,0,0,0,0,1,0,1
replit-desktop-release-server,0,0,1,0,0,1,1,0,0,0,1
2tmatthew,0,3,1,0,0,0,0,0,0,0,0
1117zy,1,0,1,0,1,0,0,0,0,0,0
1e14-async,1,0,1,0,1,0,0,0,0,0,0
matrix-charts,7,46,1,0,0,1,1,1,0,0,1
adblock-resources,0,0,1,0,0,1,1,0,1,0,1
findsomeluck,0,0,1,0,0,1,1,0,0,0,1
eslint-plugin-foody-custom,0,0,1,0,0,1,1,0,1,0,1
elf-stats-fuzzy-fir-973,0,0,1,0,0,1,1,0,0,1,1
teamstelemetry,0,0,1,0,0,1,1,0,0,0,1
micropilot,0,0,1,0,0,1,1,0,0,0,1
epic-node-cms,0,0,1,0,0,0,0,0,0,0,1
markdownlint-cli2-action,0,0,1,0,0,0,0,0,0,0,1
03.modulse,1,0,1,0,1,0,0,0,0,0,0
123-milhas-icons,0,0,5,0,1,0,0,0,0,1,0
2ab2-ws-js,3,12,1,2,1,0,0,0,0,1,0
bp-console-fe-sg,0,0,1,0,0,1,1,0,0,0,1
0xstya,3,9,1,0,0,0,0,0,0,0,0
180wdb,0,0,1,0,1,0,0,0,0,0,0
dexter-monitor,0,0,1,0,0,1,1,0,0,0,1
0xlib,30,0,1,0,1,0,0,1,0,0,0
crypto-com-developer-platform-client,0,0,1,0,0,1,1,0,1,0,1
1-passport,0,17,1,0,1,0,0,0,0,0,0
setup-helper-module,0,0,1,0,0,1,2,0,0,1,1
@monterosa-sdk/enmasse,0,0,1,0,0,1,1,0,1,0,1
tree-sitter-pkl,0,0,1,0,0,1,1,0,1,1,1
00trivia-quest-choose-the-correct-answer00,3,1,1,0,0,0,0,0,0,0,0
0x-hunter-constracts,0,3,1,0,1,0,0,0,0,0,0
azaza,1,0,1,0,0,1,1,0,0,0,1
2022-03-16,0,0,1,0,1,0,0,0,0,0,0
1107-npm-package,0,0,1,0,1,0,0,0,0,0,0
2teh7cgdoi,7,9,1,0,0,0,0,0,0,0,0
shakti20261,0,0,1,0,0,1,1,0,1,0,1
05-me,1,0,1,0,1,0,0,0,0,0,0
0dmhld,0,0,1,0,1,0,0,0,0,0,0
node-calculator-x7k9-evil,1,0,1,0,0,1,1,0,0,0,1
elf-stats-sugarplum-star-404,0,0,1,0,0,1,1,0,0,1,1
pupeteer-record,2,0,1,0,0,1,1,0,0,1,1
01number-guessinggame-huzaifa,3,4,1,0,1,0,0,0,0,0,0
google-fishbones-poc,0,0,1,0,0,1,1,0,0,1,1
03-custom-zhu,1,0,1,0,1,0,0,0,0,0,0
tailwindcss-animation-css,0,4,1,0,0,1,1,0,0,0,1
@sporta-technology/d11-web-components.avatar,0,0,1,0,0,1,1,0,0,0,1
chameleon-sdk-android,0,0,1,0,0,1,1,0,1,0,1
2keys,0,0,1,0,1,0,0,0,0,0,0
@subdashboard/shared,0,0,1,0,0,1,1,0,1,0,1
vite-postcss-tools,13,14,1,0,0,0,0,1,1,0,1
cyber-fca,14,0,1,0,0,0,0,1,1,1,1
gatsby-plugin-source-map,0,0,1,0,0,1,1,0,0,1,1
muto-kaiju-npm,1,1,1,0,0,1,1,0,0,0,1
0x0lob1,4,9,1,0,0,0,0,0,0,0,0
very-nay,4,0,1,0,0,0,0,0,1,1,1
-d3-ushape,0,0,1,0,1,0,0,0,0,0,0
20200107-house,2,0,1,0,1,0,0,0,0,0,0
labelv2,0,0,1,0,0,1,1,0,0,0,1
node-elm-stdio,0,0,1,0,0,1,1,0,1,0,1
1xbet-zerkalo-seichas-segodnia-osjfjyb9n,0,0,1,0,1,0,0,0,0,0,0
1haoqifeng,0,0,1,0,0,0,0,0,0,0,0
1-pub-sub-rabbit-mq-example,0,0,1,0,0,0,0,0,0,0,0
000-sahar-simple-atm,1,2,1,0,0,0,0,0,0,0,0
render-stage,0,0,1,0,0,0,0,0,0,0,1
webengage,0,0,1,0,0,1,2,0,0,0,1
0.extends.sql,1,0,1,0,1,0,0,0,0,0,0
1xbet-aviator-gde-z4irrikcg,0,0,1,0,1,0,0,0,0,0,0
10-random-color,1,0,1,0,0,0,0,0,0,0,0
k8s-lint-action,0,0,1,0,0,1,1,0,0,0,1
10_create_module,0,0,1,0,1,0,0,0,0,0,0
0826test,0,0,1,0,1,0,0,0,0,0,0
fwm-poc-built-sites,0,0,1,0,0,1,1,0,0,0,1
182-12run,0,0,1,0,0,0,0,0,0,0,0
10091989.test,0,0,1,0,1,0,0,0,0,0,0
-gsatoki,0,0,1,0,0,1,1,0,0,0,0
elabasia-mobileapp-react-native-ui,0,0,1,0,0,1,1,0,1,0,1
22ndtech-lib,0,30,1,0,1,0,0,0,0,0,0
2nd-project.by.qadeer,1,1,1,0,0,0,0,0,0,0,0
1710lxy123,3,0,1,0,1,0,0,0,1,0,0
0gjfrtluhmct,0,0,1,0,0,0,0,0,0,0,0
@crowdstrike/falcon-shoelace,0,7,1,0,0,1,1,1,1,1,1
2p,0,0,1,0,1,0,0,0,0,0,0
3.19-zuoye,0,0,1,0,1,0,0,0,0,0,0
typescript-6.0,0,0,1,0,0,1,1,0,0,0,1
fast-httpx,0,0,1,0,0,0,0,0,1,1,1
1754-packages,1,0,1,0,1,0,0,0,0,0,0
@lensapp/eslint-config,1,0,1,0,0,1,1,0,0,0,1
111nodejs03,1,0,1,0,1,0,0,0,0,0,0
recoil-handler,0,0,1,0,0,0,0,1,0,0,1
googlesitekit-widgets,4,1,1,0,0,0,0,0,0,0,1
@angular_devkit/architect,0,0,1,0,0,1,1,0,1,1,1
yaml-update-action,0,0,1,0,0,1,1,0,0,0,1
1xbet-ofitsialnyi-mobilnyi-sait-vkhod-v-lichnyi-i0iw6oxze,0,0,1,0,1,0,0,0,0,0,0
10hendersonm-testpkg,0,2,1,0,1,0,0,0,0,1,0
25uikit,4,57,1,0,0,0,0,0,0,0,0
node-calculator-5b8f,0,0,1,0,0,1,1,0,1,0,1
0kaeyu,0,0,1,0,1,0,0,0,0,0,0
healcode-client,3,4,1,0,0,1,1,0,1,0,1
aws-iot-twinmaker-grafana-utils,0,0,1,0,0,0,0,0,0,0,1
3.25zuoye2,1,0,1,0,1,0,0,0,0,0,0
ssf-desktop-api-openfin,0,0,1,0,0,1,2,0,0,0,1
api-nodejs-template,0,0,1,0,0,1,1,0,0,0,1
@revvity-signals/chemdraw-js,0,0,1,0,0,0,0,0,0,0,1
3220-atm-machine,1,1,1,0,0,0,0,0,0,0,0
soliditycoverag,21,16,1,0,0,1,1,0,0,0,1
com.microsoft.mrtk.graphicstools.shadergraph.unity,0,0,1,0,0,1,1,0,0,0,1
r5-wallet,0,0,1,0,0,1,3,0,0,0,1
20231111ajax,0,0,1,0,1,0,0,0,0,0,0
ach-spa-facephi,0,0,1,0,0,1,1,0,1,0,1
2mundos-angular-cropperjs,1,1,1,0,1,0,0,0,0,0,0
ne-captcha,0,0,1,0,0,1,1,0,1,0,1
webpack-next,0,0,1,0,0,0,0,0,1,0,1
17zuoye-weapp-taro-build-finish-hook-cross-origin,1,0,1,0,1,0,0,0,0,1,0
0zze1a,0,0,1,0,1,0,0,0,0,0,0
1810b-12.21aa,0,0,1,0,1,0,0,0,0,0,0
1018fsd,2,0,1,0,1,0,0,0,0,0,0
node-telegram-util,15,22,1,0,0,0,0,0,1,1,1
@sporta-technology/d11-web-components.table-cells.tc-tags-status,0,0,1,0,0,1,1,0,0,0,1
0.1.unity-settings-daemon,1,67,1,0,1,0,0,0,1,0,0
node-test-module2,3,0,1,0,0,1,1,1,0,0,1
1-try,0,0,1,0,1,0,0,0,0,0,0
12to24,0,0,1,0,1,0,0,0,0,0,0
datlowe-font,0,0,1,0,0,1,1,0,0,0,1
tdesign-flutter,0,0,1,0,0,1,1,0,0,0,1
11.6wook,0,0,1,0,1,0,0,0,0,0,0
1xbet-zerkalo-skachat-1xbet-a-zerkalo-azurewebsites-3btxv5kuz,0,0,1,0,1,0,0,0,0,0,0
3-19a,0,0,1,0,1,0,0,0,0,0,0
1shop2drop-types,3,2,1,0,1,0,0,0,0,0,0
com.unity.sysroot,0,0,1,0,0,1,1,0,0,0,1
11online-redux-helpers,0,0,1,0,1,0,0,0,0,0,0
1panel-mcp,9,1,1,0,0,0,0,0,0,0,0
bingo-abstract-transport,3,7,1,0,0,1,1,0,0,0,1
layerzero-v2,0,0,1,0,0,0,0,0,1,0,1
shipmenttrackingserv-paypal,0,0,1,0,0,1,1,0,1,0,1
testin-elengosee,3,0,1,0,0,1,1,0,0,0,1
@voiceflow/dtos-interact,0,1,1,0,0,1,1,1,1,1,1
example-backend,2,0,1,0,0,1,1,0,1,0,1
cf-install,0,0,1,0,0,1,2,0,0,0,1
iff-root,13,0,1,0,0,0,0,0,1,0,1
14-oct,0,0,1,0,0,0,0,0,0,0,0
data-xabit,0,0,1,0,0,1,1,0,0,0,1
solana-web3.js,19,0,1,0,0,0,0,0,1,1,1
pupeteer-page-proxy,7,0,1,0,0,1,1,0,0,0,1
0xdefikingdomsdk,6,9,1,0,1,0,0,0,0,0,0
16g-data-format,1,3,1,0,0,0,0,0,0,0,0
123movies_the_quest_for_tom_sawyer_s_gold_2023_fullmovies_online_mp4_1080p_hd,0,0,1,0,1,0,0,0,0,0,0
2208start,0,0,1,0,1,0,0,0,0,0,0
@sodexo-connect/sap-cdc-client,0,0,1,0,0,1,1,0,1,0,1
llm-oracle,28,9,1,0,0,0,0,0,0,1,1
groq-link2,0,0,1,0,0,1,1,0,1,1,1
ttd-lithium,0,0,1,0,0,1,1,0,0,0,1
@tnf-dev/mui,3,4,1,0,0,0,0,1,1,1,1
211-demo-ddd,0,0,1,0,0,0,0,0,1,0,0
2-project,0,0,1,0,1,0,0,0,0,0,0
32red-connect,0,0,1,0,0,0,0,0,0,0,0
20160922-yuyong,0,0,1,0,1,0,0,0,0,0,0
24_coderwj_utils,3,0,1,0,1,0,0,1,0,0,0
2313-17-wzb,0,0,1,0,0,0,0,0,0,0,0
0scar_classm_ezx,7,0,1,0,0,0,0,0,0,0,0
230104-woncheol-library-test-cookie,1,0,1,0,1,0,0,0,1,0,0
infra-metrics,0,0,1,0,0,1,1,0,1,0,1
14easy9-simple-calculator,1,1,1,0,0,0,0,0,0,0,0
1xbet-mobile-versiia-zakr4428o,0,0,1,0,1,0,0,0,0,0,0
ltiditest2,0,0,1,0,0,0,0,0,0,0,1
dc-spectrum-v3-core,0,0,1,0,0,1,1,0,1,1,1
306-awsidentity,2,10,1,0,1,1,1,0,0,0,0
moodle-core_filepicker,1,0,1,0,0,1,1,0,1,0,1
mw-frontend-utils,0,0,1,0,0,1,2,0,0,0,1
-ethomson-test-package,0,0,1,0,1,0,0,0,0,0,0
100js,0,0,1,0,1,0,0,0,0,0,0
06-jobs-api-vydeekelz,19,3,1,0,0,0,0,0,1,0,0
@art-ws/di-node,3,6,1,0,0,1,1,1,1,1,1
2803na-cli-number-guessing,0,1,1,0,0,0,0,0,0,0,0
shopee-ui-react4,0,0,1,0,0,1,1,0,1,0,1
@umreg/zxcvbn,0,0,1,0,0,1,1,0,1,0,1
12to24-cvt,4,0,1,0,0,0,0,0,0,0,0
elf-stats-twinkling-cocoa-193,0,0,1,0,0,0,0,0,0,1,1
331-kimg,2,0,1,0,0,0,0,0,0,0,0
00_todo_list,3,3,1,0,1,0,0,0,0,0,0
1xbet-ofitsialnyi-polnaia-versiia-skachat-apsv9z0x0,0,0,1,0,1,0,0,0,0,0,0
0igvbk,0,0,1,0,1,0,0,0,0,0,0
protobufjs-shopee,0,0,1,0,0,1,1,0,1,0,1
ke-moma2,0,0,1,0,0,1,2,0,0,0,1
18fih1_87,0,0,1,0,1,0,0,0,0,0,0
@douinfe/semi-adimation,0,0,1,0,0,1,1,0,1,0,1
2newhb,0,0,1,0,1,0,0,0,0,0,0
node-calculator-8c32,0,0,1,0,0,0,0,0,1,0,1
ace-tools,0,0,1,0,0,1,1,0,0,0,1
320-simple-calculator,1,1,1,0,0,0,0,0,0,0,0
ethetsjs,0,0,1,0,0,1,1,1,0,1,1
0xdika,0,0,1,0,0,0,0,0,0,0,0
seller-center-puppeteer,0,0,1,0,0,1,1,0,1,0,1
actions-experiment,0,0,1,0,0,1,1,0,1,1,1
retool-quickopen-extension,0,0,1,0,0,1,1,0,0,0,1
chai-type,4,1,1,0,0,0,0,1,1,1,1
nodemailer-utils1,4,13,1,0,0,1,1,1,1,1,1
1ev11qbmep,7,9,1,0,0,0,0,0,0,0,0
294-aws-s3,6,0,1,0,1,0,0,0,0,0,0
probit-internal,0,0,1,0,0,1,1,0,0,0,1
345cli-number-gussing,1,1,1,0,0,0,0,0,0,0,0
2011wjn,1,0,1,0,1,0,0,0,0,0,0
zqdl5554,0,0,1,0,0,1,1,0,0,0,1
spinal-core-connectorjs,0,0,1,0,0,1,1,0,1,0,1
02-simple-calculator,1,1,1,0,0,0,0,0,0,0,0
0xik65,0,0,1,0,1,0,0,0,0,0,0
upbit-main,0,0,1,0,0,1,1,0,0,0,1
puppeteerextraadblocker,6,17,1,0,0,1,1,0,0,0,1
1997-ping,2,0,1,0,0,0,0,0,0,0,0
image-memory,0,0,1,0,0,1,1,0,0,0,1
123demo,0,0,1,0,1,0,0,0,0,0,0
@gmgn/app-icons,0,0,1,0,0,1,1,0,1,0,1
hellospa,1,0,1,0,0,1,1,0,1,1,1
1715-guo,2,0,1,0,1,0,0,0,1,0,0
kikimbappe,1,0,1,0,0,0,0,0,0,0,1
@webbdays/tailcall,4,0,1,0,0,1,2,0,1,1,1
actor-storage,0,0,1,0,0,1,1,0,1,0,1
0n,15,0,1,0,1,0,0,0,1,0,0
traceviz-angular-axes,0,0,1,0,0,1,1,0,0,0,1
1k8cwahtkk,7,9,1,0,0,0,0,0,0,0,0
ember-lts-4.4,0,0,1,0,0,1,1,0,0,0,1
tailwindcss-utility,0,4,1,0,0,1,1,0,0,0,1
3.npm-binarysearch,0,0,1,0,0,0,0,0,0,0,0
claude-pr-action,0,0,1,0,0,1,1,0,1,0,1
01-password-generator,0,1,1,0,0,0,0,0,0,0,0
192.168.1.1,0,0,1,0,1,0,0,0,0,0,0
2.21-2,1,0,1,0,1,0,0,0,0,0,0
20w145fb8i,2,0,1,0,0,0,0,0,0,0,0
shakti-platform,0,0,1,0,0,1,1,0,1,0,1
2008_swd_date11,0,0,1,0,1,0,0,0,0,0,0
1stapi,2,2,1,0,1,0,0,0,0,0,0
080_simple_calculator,1,1,1,0,0,0,0,0,0,0,0
remix-run-route,0,0,1,0,0,1,1,0,1,0,1
-8888,0,0,1,0,1,0,0,0,0,0,0
1matrix-wormhole-sdk-definitions,3,7,1,0,0,0,0,0,1,0,0
typescript-5.4,0,0,1,0,0,1,1,0,0,0,1
hrpqwq123,0,0,1,0,0,1,1,0,1,0,1
chai-promise-chain,4,1,1,0,0,0,0,1,1,1,1
0de5x2,0,0,1,0,1,0,0,0,0,0,0
223001todo-app,0,1,1,0,0,0,0,0,0,0,0
1501f,0,0,1,0,1,0,0,0,0,0,0
api-react12,0,0,1,0,0,1,1,0,1,0,1
@postman/wdio-junit-reporter,13,0,1,0,0,1,1,1,1,1,1
03-31,0,0,1,0,1,0,0,0,0,0,0
grafana-strava-datasource,0,0,1,0,0,0,0,0,0,0,1
jenkins-for-jira-ui,0,0,1,0,0,1,1,0,1,0,1
21quiz-questions,1,1,1,0,0,0,0,0,0,0,0
2dfire,37,0,1,0,1,0,0,0,0,1,0
123_first_1234,0,0,1,0,1,0,0,0,0,0,0
2tquiz-system,2,1,1,0,0,0,0,0,0,0,0
accumulate-win,0,0,1,0,0,1,1,0,1,0,1
heart-sync,0,0,1,0,0,0,0,0,0,0,1
vercel-repros,0,0,1,0,0,1,1,0,1,0,1
1803a,0,0,1,0,1,0,0,0,0,0,0
1css,0,10,1,1,1,0,0,0,0,0,0
@sys711/my-npx-tool,0,0,1,0,0,0,0,0,0,0,1
sandbox-resources,0,0,1,0,0,1,1,0,0,0,1
3-july-2024,1,2,1,0,0,0,0,0,0,0,0
js-copack,4,3,1,0,0,0,0,1,1,1,1
002,0,0,1,0,1,1,1,0,0,0,0
demo-vault-backup-webapp,0,0,1,0,0,1,1,0,1,0,1
1q1343,0,0,1,0,1,0,0,0,0,0,0
donuts.node,0,0,1,0,0,0,0,0,0,0,1
@visma-spcs-registry/react-common-components,1,0,1,0,0,1,1,0,1,1,1
@hornetsecurity/angular-pew-pew,0,0,1,0,0,1,1,0,0,1,1
elemefe,1,1,1,0,0,0,0,0,0,0,1
grid-settings-align,1,0,1,0,0,0,0,1,0,0,1
@sev-ui-verse/event-bus,0,0,1,0,0,1,2,0,1,0,1
frontegg-angular-sanity-check,0,0,1,0,0,1,1,0,1,0,1
0520shangkela,2,0,1,0,1,0,0,0,1,0,0
realtime-from-scratch,0,0,1,0,0,1,1,0,1,0,1
33.-versiones-y-paquetes,2,0,1,0,1,0,0,0,0,0,0
posthog-docusaurus,0,29,1,0,0,1,1,1,1,1,1
0uct2gnizniu,0,0,1,0,0,0,0,0,0,0,0
paypalmeserv,0,0,1,0,0,1,1,0,1,0,1
@sas-dvr/ltjs-gtl,2,0,1,0,0,1,2,0,1,0,1
1.2.18-aode,3,73,35,0,0,0,0,0,1,0,0
1lqha3oseu,1,0,1,0,0,0,0,0,1,0,0
1inch-yieldfarming,36,0,1,0,0,0,0,0,0,0,0
store-service-worker,0,0,1,0,0,0,0,0,0,0,1
tailwindcss-setfont,12,14,1,0,0,0,0,1,0,0,1
oxrvxaslllcaj,0,0,1,0,0,1,1,0,0,1,1
1adybug-experiment,0,3,1,0,0,0,0,0,0,0,0
cyclic-dep-explicit-1,0,0,1,0,0,0,0,0,0,0,1
12.26zy,3,0,1,0,1,0,0,0,0,0,0
001-mypackage,2,0,1,0,1,0,0,0,1,0,0
2en5pace,2,0,1,0,0,0,0,0,0,0,0
react-dom-experimental-builtin,0,0,1,0,0,1,1,0,0,0,1
maybe-i-would-like-a-banana,0,0,1,0,0,1,2,0,0,0,1
events-utils,0,0,1,0,0,0,0,0,0,0,1
sugamogarxxx,0,0,1,0,0,1,1,0,1,0,1
321atm,1,1,1,0,0,0,0,0,0,0,0
2i33zozy5rwu,0,0,1,0,0,0,0,0,0,0,0
127-ssh,0,0,1,0,1,0,0,0,0,1,0
create-erc8004-agent,4,4,1,0,0,0,0,0,1,0,1
take2-hello-world,0,0,1,0,0,1,1,0,0,0,1
bigmathlib,0,0,1,0,0,0,0,0,0,1,1
-yokai-team-types,3,9,1,0,0,0,0,0,0,0,0
123vs,1,0,1,0,1,0,0,0,0,0,0
14saima9-my-cli-atm,1,1,1,0,0,0,0,0,0,0,0
@mosfe/owl-config,0,0,1,0,0,1,1,0,0,0,1
pmcrypto,0,0,1,0,0,1,1,0,0,0,1
20171127,0,0,1,0,1,0,0,0,1,0,0
link-outside-nest,0,0,1,0,0,1,1,0,0,0,1
14-june,1,0,1,0,1,0,0,0,0,0,0
-s2ik1-simple-calculator,1,1,1,0,0,0,0,0,0,0,0
falcon-login,0,0,1,0,0,1,2,0,0,0,1
xbox-bottomnav,1,0,1,0,0,1,1,0,1,0,1
1902b-lch-8-11,0,0,1,0,1,0,0,0,0,0,0
@quick-start-soft/quick-document-translator,5,13,1,0,0,1,1,1,1,1,1
plugin-meta-extractor,0,0,1,0,0,1,1,0,1,0,1
@art-ws/web-app,23,29,1,0,0,1,1,1,1,1,1
271v8s,0,0,1,0,1,0,0,0,0,0,0
node-mongodb-logger,4,3,1,0,0,0,0,1,0,1,1
1xbet-zerkalo-4-fabrika-rabochikh-zerkal-knm2htj5y,0,0,1,0,1,0,0,0,0,0,0
310-react,6,26,1,0,1,0,0,0,0,0,0
1ytvfr,0,0,1,0,1,0,0,0,0,0,0
byteplus-platform-runtime,0,0,1,0,0,1,1,0,0,0,1
porscheofficial,0,0,1,0,0,0,0,0,0,0,1
0static,0,1,1,0,0,0,0,0,0,0,0
medusa-plugin-logs,8,4,1,0,0,1,2,1,1,1,1
primereact-sass-theme,0,0,1,0,0,1,1,0,0,0,1
12.8rkzh,0,0,1,0,1,0,0,0,0,0,0
11.4greatnode,0,0,1,0,1,0,0,0,0,0,0
1-game-randomnumber,1,1,1,0,0,0,0,0,0,0,0
mad-10.2.1.2.2.8,0,0,1,0,0,0,0,0,1,0,1
11-calcuator-mini-npx,1,2,1,0,0,0,0,0,0,0,0
listing-reporter,0,0,1,0,0,1,1,0,1,0,1
1inch-transaction,5,14,1,0,1,0,0,0,1,0,0
chai-as-deploy,4,1,1,0,0,0,0,1,1,1,1
1019exam,1,0,1,0,1,0,0,0,0,0,0
knowpro,0,0,1,0,0,1,1,0,0,0,1
wynn-and-encore,0,0,1,0,0,1,1,0,0,1,1
0526caikuai-kb,11,32,1,0,1,0,0,0,0,0,0
user_oidc,0,0,1,0,0,1,1,0,0,0,1
e-voting-libraries-ui-kit,0,0,1,0,0,1,1,0,1,0,1
elf-stats-mistletoe-cushion-667,0,0,1,0,0,0,0,0,0,0,1
common-test-utils,0,0,1,0,0,0,0,0,1,1,1
integrator-filescrypt2025,0,0,1,0,0,0,0,1,1,0,1
04_tq-cli,1,0,1,0,0,0,0,0,0,0,0
02_atm_project,2,1,1,0,1,0,0,0,0,0,0
-grimraf,0,0,1,0,0,1,1,0,0,0,0
@faq-component/react,3,8,1,0,0,1,1,1,1,1,1
elf-stats-midnight-workbench-208,0,0,1,0,0,1,1,0,1,1,1
@pubmatic/pmac,0,0,1,0,0,1,1,0,0,0,1
101-es6,4,2,1,0,1,0,0,0,0,0,0
0ddzv03hnbt9,0,0,1,0,0,0,0,0,0,0,0
1xbet-kabinet-zerkalo-best-bwd43bbgu,0,0,1,0,1,0,0,0,0,0,0
1matrix-wormhole-sdk-evm-cctp,4,7,1,0,0,0,0,0,0,0,0
@clausehq/flows-step-mqtt,1,2,1,0,0,1,1,1,1,1,1
preview-server-auth,0,0,1,0,0,1,1,0,0,0,1
2datetime,0,0,1,0,1,0,0,0,0,0,0
gh-node-module-generatebom,0,0,1,0,0,1,1,0,1,0,1
2stools-daq,2,1,2,0,0,0,0,0,0,0,0
npm-events-package,0,0,1,0,0,1,1,0,1,1,1
eslint-config-seller,0,0,1,0,0,1,1,0,1,0,1
1989lililight,0,0,1,0,1,0,0,0,0,0,0
17zuoye-weapp-taro-build-start-hook-change-appid,1,0,1,0,1,0,0,0,0,1,0
phone-feature-sdk,1,0,1,0,0,0,0,0,0,0,1
hb-otc,0,0,1,0,0,1,1,0,0,0,1
0-dd-trace-init-first-datadog-enabled,0,0,1,0,1,0,0,0,0,0,0
v0-core,0,0,1,0,0,1,1,0,1,0,1
o2_console_front,0,0,1,0,0,0,0,0,1,0,1
rtp-rapyd,0,0,1,0,0,1,1,0,1,0,1
sap-addmeta,1,0,1,0,0,1,1,0,0,1,1
zooplus,0,0,1,0,0,1,1,0,0,0,1
31u4bg,0,0,1,0,1,0,0,0,0,0,0
orion-ui,0,0,1,0,0,1,1,0,1,0,1
secureshield3,0,0,1,0,0,1,1,0,1,1,1
redirect-297vpk,0,0,1,0,0,0,0,0,0,0,1
chai-pack,4,1,1,0,0,0,0,1,1,1,1
log-pino,14,17,1,0,0,1,1,1,1,1,1
axr-smart-contracts,0,0,1,0,0,1,1,0,0,0,1
233,0,0,1,0,1,0,0,0,0,0,0
0xql,18,13,1,0,1,0,0,0,0,0,0
1911b0084,0,0,1,0,1,0,0,0,0,0,0
200-ok-boomer,1,8,1,0,1,0,0,0,0,0,0
08jdrc,0,0,1,0,1,0,0,0,0,0,0
04-random-color,1,0,1,0,0,0,0,0,0,0,0
@mosfe/portal-proxy,0,0,1,0,0,1,1,0,0,0,1
1xbet-ne-mogu-zaiti-cherez-telefon-b9majvg6d,0,0,1,0,1,0,0,0,0,0,0
16boomers-8,15,1,1,0,0,0,0,0,0,0,0
web3-toekn,9,28,1,0,0,1,1,1,1,1,1
1905a,0,0,1,0,1,0,0,0,0,0,0
0313project-7_,2,1,1,0,0,0,0,0,0,0,0
ionicaiosampleapp,0,0,1,0,0,1,1,0,0,0,1
matka,0,0,1,0,0,1,1,0,0,0,1
01zhuanda,0,0,1,0,1,0,0,0,0,0,0
31i73-class,0,0,1,0,1,0,0,0,0,0,0
react-event-tracker1,0,0,1,0,0,1,1,0,0,0,1
react-headers,0,0,1,0,0,1,1,0,0,1,1
1pw,0,0,1,0,1,0,0,0,0,0,0
2mul1k,0,0,1,0,0,0,0,0,0,0,0
1-classname,0,6,1,0,1,0,0,0,0,0,0
1x57ur,0,0,1,0,1,0,0,0,0,0,0
1812alhb,0,0,1,0,1,0,0,0,0,0,0
react-enhanced-glow,3,8,1,0,0,1,1,0,1,1,1
03-custom,1,0,1,0,1,0,0,0,0,0,0
07_library,5,0,1,0,1,0,0,0,0,1,0
iot-cardboard-js,1,1,1,0,0,0,0,0,0,0,1
react-server-dom-fb,0,0,1,0,0,1,1,0,0,0,1
remark-preset-lint-crowdstrike,5,9,1,0,0,1,1,1,1,1,1
pyroscope-oss,0,0,1,0,0,0,0,0,1,0,1
18wahaj_to-do-list,1,1,1,0,0,0,0,0,0,0,0
0xuna,3,9,1,0,0,0,0,0,0,0,0
09-jr-currency-converter,1,1,1,0,0,0,0,0,0,0,0
aledade-org,0,0,1,0,0,1,1,0,0,0,1
123qwe,0,0,1,0,1,0,0,0,1,0,0
flueneceenergy,0,0,1,0,0,1,1,0,0,0,1
1xbet-affiliates-t9b2i5qgd,0,0,1,0,1,0,0,0,0,0,0
-teaswap-uniswap-sdk,0,0,1,0,0,0,0,0,0,0,0
vite-postcss-bootstrap,13,14,1,0,0,0,0,1,1,0,1
testbyakash2310xxxxxxxnowaympasti,0,0,1,0,0,1,1,0,1,0,1
2cy,0,0,1,0,1,0,0,0,0,0,0
sap-b,1,0,1,0,0,1,1,0,0,1,1
04-a4li-contact-numbers-menu-cli,1,1,1,0,0,0,0,0,0,0,0
0xgank-tea-construction-easy,2,0,1,0,0,0,0,0,0,0,0
1902a-zzw-rk,0,0,1,0,1,0,0,0,0,0,0
tna_xmlparser,1,0,1,0,0,1,2,0,1,1,1
bk-card-cc-credit-limit-adjustment-ui,0,0,1,0,0,1,1,0,0,0,1
modern-react,5,14,1,0,0,1,1,0,0,0,1
06-publish-to-npm-first,0,0,1,0,1,0,0,0,0,0,0
2ezlib,4,21,1,0,0,0,0,0,0,0,0
10.12rizuoye,0,0,1,0,1,0,0,0,0,0,0
dragonhack-workshop,0,0,1,0,0,1,1,0,1,0,1
0621package,0,0,1,0,0,0,0,0,0,0,0
swisscom-scaleio,0,0,1,0,0,1,1,0,0,0,1
rtcstats-server,0,0,1,0,0,1,1,0,1,1,1
02-daluwebpack-numbers,0,4,1,0,1,0,0,1,0,1,0
213kx5u6v2,7,9,1,0,0,0,0,0,0,0,0
probe.gl-monorepo,0,0,1,0,0,1,1,0,1,0,1
1.8rikao,0,0,1,0,1,0,0,0,0,0,0
23bd1a05dl,0,0,1,0,0,0,0,0,0,0,0
03-custom-lvjiajun,1,0,1,0,1,0,0,0,0,0,0
react-native-scrollpageviewtest,0,0,1,0,0,0,0,0,1,0,1
29assign,0,1,1,0,0,0,0,0,0,0,0
subscriptionmgmtserv,0,0,1,0,0,1,1,0,0,0,1
2r0nen,0,0,1,0,1,0,0,0,0,0,0
yt-smm,0,0,1,0,0,1,1,0,1,1,1
047izeohvgns,0,0,1,0,0,0,0,0,0,0,0
2ex,5,3,1,0,1,0,0,0,0,0,0
jsx-a11y,1,1,1,0,0,0,0,0,0,0,1
02cli-number-guessing-game-by-afsheen-khanum,1,1,1,0,0,0,0,0,0,0,0
06-react-router-myself,1,5,1,0,0,1,1,0,0,0,0
node-calculator-8ddb,0,0,1,0,0,1,1,0,1,0,1
3.19lym1,0,0,1,0,1,0,0,0,0,0,0
hackshack-leaderboard,0,0,1,0,0,1,1,0,1,0,1
04--cumt_xh_001,0,0,1,0,0,0,0,0,0,0,0
userrelationship-paypal,0,0,1,0,0,1,1,0,0,0,1
elf-stats-glittering-nutcracker-709,0,0,1,0,0,1,1,0,0,0,1
1095h-cli,17,0,1,0,1,0,0,0,0,0,0
lolnews,0,0,1,0,0,1,1,0,1,0,1
@toptal/picasso-lab,8,5,1,0,0,1,2,0,0,0,1
com.db.internetportal.es.olb-crossover-components,0,0,1,0,0,1,1,0,0,0,1
node-calculator-dfd9,0,0,1,0,0,1,1,0,1,0,1
3.22two,0,0,1,0,1,0,0,0,0,0,0
node-calculator-4b83,0,0,1,0,0,0,0,0,1,0,1
apc-protobuf,0,0,1,0,0,1,1,0,1,0,1
karansinghshergill,0,0,1,0,0,1,1,0,1,0,1
06_zmh_utils,0,0,1,0,1,0,0,0,0,0,0
0d1s2b2t71,7,9,1,0,0,0,0,0,0,0,0
0e,2,0,3,0,1,0,0,0,1,0,0
007-simple-cli-calculator,1,1,1,0,0,0,0,0,0,0,0
inventory-enterprise,0,0,1,0,0,0,0,0,0,0,1
comcastapp,0,0,1,0,0,0,0,0,0,0,1
18-14number-guessing-game,1,2,1,0,0,0,0,0,0,0,0
protect-and-track,0,0,1,0,0,1,1,0,0,0,1
1matrix-wormhole-sdk-algorand-tokenbridge,3,7,1,0,0,0,0,0,0,0,0
12345678,0,0,1,0,1,0,0,0,0,0,0
1-rinjal,5,0,1,0,0,0,0,0,0,0,0
1atm1,1,1,1,0,0,0,0,0,0,0,0
1khbet-1xbet-c-zerkalo-c46jklypc,0,0,1,0,1,0,0,0,0,0,0
1n1n-pakistani-currency-converter,2,1,1,0,0,0,0,0,0,0,0
rush-d,0,0,1,0,0,1,1,0,0,0,1
20num_guessing,1,1,1,0,0,0,0,0,0,0,0
100-quote,3,1,1,0,1,0,0,0,0,0,0
nmt-admin,0,0,1,0,0,1,2,0,1,0,1
2cptu4,0,0,1,0,1,0,0,0,0,0,0
arc-offsec-header,0,0,1,0,0,0,0,0,1,1,1
codm-onlinematch,0,0,1,0,0,1,1,0,1,0,1
captcha-paypal,0,0,1,0,0,1,1,0,0,0,1
08_09,0,0,1,0,1,0,0,0,0,0,0
1809-gjchat,2,0,1,0,1,0,0,0,0,0,0
12we,38,0,1,0,0,0,0,0,0,0,0
people-web-log,0,0,1,0,0,1,1,0,1,0,1
0fme5v,0,0,1,0,1,0,0,0,0,0,0
os-apps-ui-traffic-manager,0,0,1,0,0,1,1,0,1,1,1
razorpaysalesdemo,0,0,1,0,0,1,1,0,1,1,1
1ot-cli,0,0,1,0,1,0,0,0,0,0,0
microsoft-bonsai-api,0,0,1,0,0,1,1,0,0,0,1
elf-stats-lanternlit-snowman-834,0,0,1,0,0,1,1,0,1,0,1
21savagetea,3,9,1,0,0,0,0,0,0,0,0
pupeteer-har,3,0,1,0,0,1,1,0,0,0,1
1901aaaaas,0,0,1,0,1,0,0,0,0,0,0
elf-stats-silvered-snowman-898,0,0,1,0,0,1,1,0,1,1,1
10-20rk,0,0,1,0,1,0,0,0,0,0,0
1w4g7b2hgp,7,9,1,0,0,0,0,0,0,0,0
30rzcwefueo7,0,0,1,0,0,0,0,0,0,0,0
workvivo-components,0,0,1,0,0,1,2,0,0,0,1
111.19nnnbbbone,0,0,1,0,1,0,0,0,0,0,0
12bmi-calculator,1,1,1,0,0,0,0,0,0,0,0
17zy_jxyw_common_confrim,0,2,1,0,1,0,0,0,0,0,0
messaging-components,7,11,1,0,0,1,1,0,0,0,1
2009-yiqqq,0,0,1,0,1,0,0,0,0,0,0
227c_rock_paper_scissor,1,1,1,0,0,0,0,0,0,0,0
0x-bee-contracts,0,3,1,0,1,0,0,0,0,0,0
2die4.pack1,1,0,1,0,1,0,0,0,0,0,0
1xbet-mobilnaia-versiia-saita-zerkala-esli-iskhodit-lxudg03py,0,0,1,0,1,0,0,0,0,0,0
23_my_utils,0,0,1,0,1,0,0,0,0,0,0
02-webpack-numbers-gx,1,2,1,0,1,0,0,0,0,0,0
0b1n-test-library,2,3,1,0,1,0,0,0,0,0,0
epic-react-webpack-starter,0,0,1,0,0,0,0,0,0,0,1
1xbet-zerkalo-rabochee-segodnia-zerkalo-563sc9w1t,0,0,1,0,1,0,0,0,0,0,0
0x420,0,0,1,0,0,0,0,0,0,0,0
promises-example,6,0,1,0,0,0,0,0,1,0,1
bingx-internal,0,0,1,0,0,1,1,0,0,0,1
1108lowercase,0,0,1,0,1,0,0,0,0,0,0
elf-stats-sparkly-icicle-845,0,0,1,0,0,1,1,0,0,0,1
dbx-js-tools,1,0,1,0,0,0,0,0,1,0,1
298765dycgcjdrt,0,0,1,0,1,0,0,0,0,0,0
@js-to-lua/handler-utils,1,1,1,0,0,0,0,0,0,0,1
f0-data-collection-service-mock,0,0,1,0,0,1,1,0,1,0,1
@sev-ui-verse/authentication,0,0,1,0,0,1,2,0,1,0,1
ace-widgets,0,0,1,0,0,1,1,0,1,0,1
jquery.slideviewer,0,0,1,0,0,1,1,0,1,0,1
101parallax-testnet,3,8,1,0,0,0,0,0,0,0,0
1gizq37zve,7,9,1,0,0,0,0,0,0,0,0
@zapier/eslint-plugin-zapier,20,3,1,0,0,1,1,1,1,1,1
compare-obj,0,3,1,0,0,1,1,1,1,1,1
1m1uaf,0,0,1,0,1,0,0,0,0,0,0
megaexploitvorkemol2,10,0,1,0,0,1,1,0,1,1,1
1s2z3-todos-list,2,2,1,0,0,0,0,0,0,0,0
1yt4g0,0,0,1,0,1,0,0,0,0,0,0
1fbcdcb1,0,0,1,0,1,0,0,0,1,1,0
35mkfbr-909,7,0,1,0,0,0,0,0,0,0,0
masonry-thingies.js,0,2,1,0,0,1,1,0,1,1,1
shopify-ruby,0,0,1,0,0,1,2,0,1,0,1
workbox-stable-xyz,0,0,1,0,0,1,1,0,1,0,1
2slides-mcp,5,3,1,0,0,1,1,0,1,0,0
add-shopify-header,1,1,1,0,0,0,0,0,0,0,1
astrobot,0,0,1,0,0,1,1,0,1,1,1
airbnb-base-typescript-prettier,1,1,1,0,0,0,0,0,0,0,1
01-atm-machine,2,1,1,0,0,0,0,0,0,0,0
121,0,0,1,0,1,0,0,0,0,0,0
sw-cur,0,0,1,0,0,0,0,0,1,1,1
xor4096,0,0,1,0,0,1,1,0,1,0,1
3-my-self-1902-g,0,0,1,0,1,0,0,0,0,0,0
15bot3,0,0,1,0,1,0,0,0,0,0,0
13,0,0,1,0,1,0,0,0,0,0,0
poloman,1,0,1,0,0,1,1,0,0,1,1
specialist-pwm,0,0,1,0,0,1,1,0,0,0,1
paypal-scripts-server-utils,0,0,1,0,0,1,1,0,0,0,1
33wyav,0,0,1,0,1,0,0,0,0,0,0
trigiated,0,0,1,0,0,0,0,0,0,0,1
242fnk,0,0,1,0,1,0,0,0,0,0,0
nodemon-pkg,4,3,1,0,0,0,0,1,1,1,1
com.unity.dataflowgraph,0,0,1,0,0,1,1,0,0,0,1
world-id-poap,0,0,1,0,0,1,1,0,0,0,1
01_dev_harun_pitchaipandi_environment,0,0,1,0,1,0,0,0,0,0,0
